id,Exited
4,0.5
6,0.5
13,0.5
14,0.5
15,0.5
16,0.5
17,0.5
19,0.5
23,0.5
29,0.5
31,0.5
33,0.5
34,0.5
36,0.5
40,0.5
41,0.5
46,0.5
48,0.5
51,0.5
52,0.5
54,0.5
61,0.5
66,0.5
69,0.5
70,0.5
74,0.5
77,0.5
80,0.5
81,0.5
85,0.5
88,0.5
90,0.5
92,0.5
97,0.5
99,0.5
100,0.5
104,0.5
106,0.5
107,0.5
109,0.5
111,0.5
112,0.5
113,0.5
114,0.5
126,0.5
130,0.5
137,0.5
138,0.5
141,0.5
142,0.5
147,0.5
154,0.5
162,0.5
163,0.5
169,0.5
175,0.5
179,0.5
180,0.5
184,0.5
187,0.5
189,0.5
191,0.5
193,0.5
199,0.5
202,0.5
206,0.5
208,0.5
209,0.5
210,0.5
222,0.5
226,0.5
227,0.5
243,0.5
244,0.5
245,0.5
246,0.5
247,0.5
248,0.5
251,0.5
253,0.5
255,0.5
260,0.5
263,0.5
264,0.5
266,0.5
268,0.5
269,0.5
272,0.5
277,0.5
278,0.5
284,0.5
290,0.5
292,0.5
296,0.5
297,0.5
298,0.5
299,0.5
302,0.5
305,0.5
309,0.5
311,0.5
313,0.5
317,0.5
321,0.5
323,0.5
325,0.5
326,0.5
328,0.5
332,0.5
337,0.5
346,0.5
347,0.5
353,0.5
358,0.5
360,0.5
368,0.5
371,0.5
377,0.5
379,0.5
384,0.5
385,0.5
390,0.5
391,0.5
398,0.5
408,0.5
410,0.5
414,0.5
418,0.5
419,0.5
421,0.5
422,0.5
424,0.5
428,0.5
429,0.5
430,0.5
432,0.5
435,0.5
436,0.5
438,0.5
443,0.5
445,0.5
447,0.5
450,0.5
451,0.5
453,0.5
460,0.5
466,0.5
467,0.5
468,0.5
471,0.5
472,0.5
474,0.5
476,0.5
480,0.5
484,0.5
490,0.5
492,0.5
496,0.5
497,0.5
498,0.5
501,0.5
509,0.5
510,0.5
512,0.5
513,0.5
514,0.5
516,0.5
519,0.5
525,0.5
528,0.5
531,0.5
533,0.5
543,0.5
548,0.5
553,0.5
560,0.5
565,0.5
567,0.5
569,0.5
571,0.5
575,0.5
577,0.5
580,0.5
586,0.5
594,0.5
602,0.5
615,0.5
620,0.5
623,0.5
624,0.5
625,0.5
627,0.5
630,0.5
632,0.5
633,0.5
642,0.5
644,0.5
648,0.5
649,0.5
650,0.5
655,0.5
659,0.5
663,0.5
668,0.5
670,0.5
671,0.5
680,0.5
684,0.5
685,0.5
687,0.5
690,0.5
692,0.5
694,0.5
695,0.5
705,0.5
710,0.5
712,0.5
714,0.5
715,0.5
716,0.5
717,0.5
720,0.5
721,0.5
725,0.5
726,0.5
729,0.5
740,0.5
742,0.5
747,0.5
748,0.5
749,0.5
750,0.5
752,0.5
757,0.5
758,0.5
763,0.5
766,0.5
767,0.5
768,0.5
773,0.5
774,0.5
789,0.5
790,0.5
794,0.5
797,0.5
806,0.5
808,0.5
814,0.5
816,0.5
818,0.5
819,0.5
821,0.5
829,0.5
833,0.5
834,0.5
842,0.5
844,0.5
852,0.5
853,0.5
855,0.5
857,0.5
861,0.5
863,0.5
865,0.5
866,0.5
867,0.5
874,0.5
876,0.5
881,0.5
883,0.5
890,0.5
891,0.5
892,0.5
895,0.5
899,0.5
900,0.5
902,0.5
905,0.5
911,0.5
912,0.5
920,0.5
921,0.5
925,0.5
927,0.5
934,0.5
935,0.5
936,0.5
937,0.5
940,0.5
944,0.5
949,0.5
951,0.5
952,0.5
959,0.5
960,0.5
962,0.5
972,0.5
979,0.5
980,0.5
985,0.5
986,0.5
988,0.5
989,0.5
990,0.5
991,0.5
992,0.5
998,0.5
999,0.5
1001,0.5
1002,0.5
1003,0.5
1005,0.5
1007,0.5
1008,0.5
1009,0.5
1010,0.5
1011,0.5
1012,0.5
1016,0.5
1022,0.5
1023,0.5
1024,0.5
1026,0.5
1032,0.5
1034,0.5
1040,0.5
1041,0.5
1045,0.5
1046,0.5
1049,0.5
1051,0.5
1063,0.5
1064,0.5
1065,0.5
1067,0.5
1068,0.5
1073,0.5
1078,0.5
1079,0.5
1082,0.5
1084,0.5
1087,0.5
1091,0.5
1092,0.5
1094,0.5
1098,0.5
1099,0.5
1104,0.5
1105,0.5
1109,0.5
1113,0.5
1114,0.5
1117,0.5
1122,0.5
1127,0.5
1129,0.5
1133,0.5
1138,0.5
1139,0.5
1141,0.5
1143,0.5
1156,0.5
1157,0.5
1159,0.5
1165,0.5
1166,0.5
1170,0.5
1172,0.5
1174,0.5
1177,0.5
1182,0.5
1184,0.5
1188,0.5
1195,0.5
1199,0.5
1202,0.5
1205,0.5
1212,0.5
1214,0.5
1215,0.5
1225,0.5
1226,0.5
1228,0.5
1234,0.5
1236,0.5
1237,0.5
1250,0.5
1251,0.5
1252,0.5
1258,0.5
1268,0.5
1271,0.5
1272,0.5
1275,0.5
1278,0.5
1284,0.5
1285,0.5
1286,0.5
1287,0.5
1288,0.5
1290,0.5
1291,0.5
1294,0.5
1295,0.5
1301,0.5
1306,0.5
1307,0.5
1316,0.5
1317,0.5
1320,0.5
1328,0.5
1329,0.5
1335,0.5
1336,0.5
1338,0.5
1339,0.5
1341,0.5
1342,0.5
1345,0.5
1350,0.5
1356,0.5
1357,0.5
1358,0.5
1359,0.5
1362,0.5
1363,0.5
1369,0.5
1370,0.5
1372,0.5
1377,0.5
1380,0.5
1381,0.5
1383,0.5
1387,0.5
1388,0.5
1389,0.5
1390,0.5
1393,0.5
1396,0.5
1398,0.5
1402,0.5
1407,0.5
1415,0.5
1416,0.5
1417,0.5
1421,0.5
1425,0.5
1426,0.5
1430,0.5
1433,0.5
1436,0.5
1437,0.5
1440,0.5
1442,0.5
1445,0.5
1446,0.5
1447,0.5
1456,0.5
1459,0.5
1464,0.5
1465,0.5
1466,0.5
1471,0.5
1472,0.5
1473,0.5
1479,0.5
1484,0.5
1485,0.5
1487,0.5
1488,0.5
1489,0.5
1495,0.5
1502,0.5
1506,0.5
1510,0.5
1512,0.5
1514,0.5
1517,0.5
1519,0.5
1522,0.5
1523,0.5
1524,0.5
1526,0.5
1527,0.5
1530,0.5
1534,0.5
1536,0.5
1538,0.5
1539,0.5
1541,0.5
1548,0.5
1549,0.5
1550,0.5
1562,0.5
1566,0.5
1573,0.5
1576,0.5
1578,0.5
1580,0.5
1581,0.5
1585,0.5
1589,0.5
1594,0.5
1595,0.5
1600,0.5
1603,0.5
1605,0.5
1607,0.5
1612,0.5
1619,0.5
1623,0.5
1624,0.5
1634,0.5
1636,0.5
1643,0.5
1645,0.5
1652,0.5
1655,0.5
1657,0.5
1658,0.5
1661,0.5
1663,0.5
1664,0.5
1665,0.5
1668,0.5
1672,0.5
1684,0.5
1696,0.5
1701,0.5
1702,0.5
1703,0.5
1705,0.5
1715,0.5
1716,0.5
1723,0.5
1726,0.5
1729,0.5
1730,0.5
1733,0.5
1740,0.5
1742,0.5
1743,0.5
1745,0.5
1746,0.5
1750,0.5
1751,0.5
1753,0.5
1755,0.5
1758,0.5
1760,0.5
1768,0.5
1771,0.5
1773,0.5
1777,0.5
1778,0.5
1779,0.5
1780,0.5
1782,0.5
1783,0.5
1788,0.5
1790,0.5
1796,0.5
1797,0.5
1801,0.5
1802,0.5
1804,0.5
1810,0.5
1814,0.5
1815,0.5
1816,0.5
1818,0.5
1819,0.5
1822,0.5
1827,0.5
1828,0.5
1830,0.5
1833,0.5
1841,0.5
1846,0.5
1847,0.5
1848,0.5
1851,0.5
1853,0.5
1854,0.5
1858,0.5
1867,0.5
1868,0.5
1872,0.5
1878,0.5
1880,0.5
1882,0.5
1883,0.5
1885,0.5
1886,0.5
1891,0.5
1892,0.5
1893,0.5
1897,0.5
1901,0.5
1904,0.5
1908,0.5
1911,0.5
1912,0.5
1920,0.5
1921,0.5
1926,0.5
1928,0.5
1932,0.5
1936,0.5
1937,0.5
1938,0.5
1940,0.5
1941,0.5
1942,0.5
1944,0.5
1948,0.5
1951,0.5
1952,0.5
1954,0.5
1955,0.5
1956,0.5
1962,0.5
1966,0.5
1967,0.5
1970,0.5
1974,0.5
1975,0.5
1985,0.5
1987,0.5
1991,0.5
1992,0.5
1996,0.5
1999,0.5
2001,0.5
2004,0.5
2006,0.5
2012,0.5
2016,0.5
2022,0.5
2026,0.5
2032,0.5
2036,0.5
2038,0.5
2039,0.5
2040,0.5
2042,0.5
2046,0.5
2047,0.5
2050,0.5
2051,0.5
2054,0.5
2057,0.5
2059,0.5
2068,0.5
2069,0.5
2070,0.5
2073,0.5
2077,0.5
2078,0.5
2083,0.5
2084,0.5
2090,0.5
2094,0.5
2096,0.5
2102,0.5
2106,0.5
2109,0.5
2110,0.5
2111,0.5
2117,0.5
2124,0.5
2128,0.5
2130,0.5
2134,0.5
2138,0.5
2139,0.5
2141,0.5
2146,0.5
2150,0.5
2153,0.5
2160,0.5
2168,0.5
2171,0.5
2176,0.5
2177,0.5
2178,0.5
2180,0.5
2181,0.5
2187,0.5
2191,0.5
2192,0.5
2193,0.5
2196,0.5
2203,0.5
2207,0.5
2212,0.5
2213,0.5
2216,0.5
2217,0.5
2219,0.5
2220,0.5
2221,0.5
2222,0.5
2224,0.5
2227,0.5
2229,0.5
2237,0.5
2244,0.5
2247,0.5
2253,0.5
2256,0.5
2258,0.5
2264,0.5
2269,0.5
2270,0.5
2272,0.5
2274,0.5
2276,0.5
2277,0.5
2281,0.5
2286,0.5
2288,0.5
2290,0.5
2292,0.5
2294,0.5
2299,0.5
2300,0.5
2304,0.5
2305,0.5
2309,0.5
2313,0.5
2314,0.5
2330,0.5
2332,0.5
2336,0.5
2337,0.5
2343,0.5
2344,0.5
2347,0.5
2350,0.5
2351,0.5
2357,0.5
2362,0.5
2372,0.5
2379,0.5
2381,0.5
2383,0.5
2388,0.5
2392,0.5
2393,0.5
2394,0.5
2398,0.5
2399,0.5
2408,0.5
2409,0.5
2410,0.5
2411,0.5
2416,0.5
2419,0.5
2422,0.5
2428,0.5
2432,0.5
2437,0.5
2438,0.5
2442,0.5
2460,0.5
2461,0.5
2471,0.5
2473,0.5
2474,0.5
2476,0.5
2481,0.5
2484,0.5
2485,0.5
2486,0.5
2488,0.5
2491,0.5
2493,0.5
2497,0.5
2503,0.5
2504,0.5
2505,0.5
2507,0.5
2508,0.5
2514,0.5
2515,0.5
2517,0.5
2524,0.5
2531,0.5
2534,0.5
2536,0.5
2538,0.5
2543,0.5
2544,0.5
2545,0.5
2548,0.5
2552,0.5
2553,0.5
2556,0.5
2558,0.5
2564,0.5
2565,0.5
2566,0.5
2569,0.5
2570,0.5
2573,0.5
2575,0.5
2576,0.5
2577,0.5
2592,0.5
2594,0.5
2604,0.5
2605,0.5
2606,0.5
2611,0.5
2613,0.5
2615,0.5
2616,0.5
2619,0.5
2626,0.5
2632,0.5
2634,0.5
2637,0.5
2642,0.5
2644,0.5
2645,0.5
2648,0.5
2649,0.5
2650,0.5
2652,0.5
2655,0.5
2659,0.5
2660,0.5
2670,0.5
2672,0.5
2674,0.5
2675,0.5
2682,0.5
2692,0.5
2702,0.5
2703,0.5
2710,0.5
2715,0.5
2716,0.5
2726,0.5
2728,0.5
2731,0.5
2735,0.5
2739,0.5
2740,0.5
2750,0.5
2756,0.5
2757,0.5
2763,0.5
2765,0.5
2767,0.5
2771,0.5
2788,0.5
2790,0.5
2797,0.5
2804,0.5
2807,0.5
2815,0.5
2818,0.5
2819,0.5
2820,0.5
2822,0.5
2823,0.5
2829,0.5
2831,0.5
2838,0.5
2842,0.5
2844,0.5
2845,0.5
2846,0.5
2852,0.5
2856,0.5
2858,0.5
2870,0.5
2871,0.5
2872,0.5
2873,0.5
2875,0.5
2877,0.5
2885,0.5
2887,0.5
2893,0.5
2896,0.5
2901,0.5
2905,0.5
2908,0.5
2912,0.5
2913,0.5
2918,0.5
2928,0.5
2929,0.5
2932,0.5
2939,0.5
2940,0.5
2951,0.5
2956,0.5
2957,0.5
2960,0.5
2974,0.5
2975,0.5
2977,0.5
2981,0.5
2986,0.5
2991,0.5
2993,0.5
2994,0.5
2999,0.5
3007,0.5
3008,0.5
3010,0.5
3011,0.5
3013,0.5
3014,0.5
3023,0.5
3024,0.5
3028,0.5
3034,0.5
3036,0.5
3041,0.5
3042,0.5
3046,0.5
3047,0.5
3048,0.5
3051,0.5
3055,0.5
3058,0.5
3072,0.5
3085,0.5
3088,0.5
3093,0.5
3094,0.5
3095,0.5
3098,0.5
3103,0.5
3108,0.5
3111,0.5
3113,0.5
3121,0.5
3122,0.5
3126,0.5
3128,0.5
3130,0.5
3133,0.5
3134,0.5
3143,0.5
3148,0.5
3153,0.5
3154,0.5
3156,0.5
3157,0.5
3158,0.5
3160,0.5
3162,0.5
3163,0.5
3165,0.5
3173,0.5
3176,0.5
3177,0.5
3193,0.5
3194,0.5
3196,0.5
3207,0.5
3208,0.5
3209,0.5
3216,0.5
3222,0.5
3227,0.5
3228,0.5
3234,0.5
3235,0.5
3237,0.5
3238,0.5
3239,0.5
3244,0.5
3245,0.5
3253,0.5
3257,0.5
3260,0.5
3261,0.5
3264,0.5
3269,0.5
3271,0.5
3272,0.5
3273,0.5
3281,0.5
3282,0.5
3286,0.5
3287,0.5
3288,0.5
3294,0.5
3296,0.5
3299,0.5
3301,0.5
3303,0.5
3305,0.5
3308,0.5
3316,0.5
3319,0.5
3324,0.5
3325,0.5
3328,0.5
3330,0.5
3333,0.5
3336,0.5
3337,0.5
3347,0.5
3352,0.5
3357,0.5
3359,0.5
3362,0.5
3369,0.5
3370,0.5
3387,0.5
3388,0.5
3391,0.5
3392,0.5
3393,0.5
3395,0.5
3397,0.5
3399,0.5
3411,0.5
3413,0.5
3414,0.5
3417,0.5
3423,0.5
3425,0.5
3427,0.5
3432,0.5
3433,0.5
3440,0.5
3452,0.5
3453,0.5
3459,0.5
3462,0.5
3468,0.5
3475,0.5
3480,0.5
3484,0.5
3487,0.5
3491,0.5
3493,0.5
3495,0.5
3496,0.5
3499,0.5
3501,0.5
3502,0.5
3505,0.5
3515,0.5
3517,0.5
3519,0.5
3524,0.5
3527,0.5
3529,0.5
3530,0.5
3531,0.5
3539,0.5
3540,0.5
3548,0.5
3549,0.5
3550,0.5
3551,0.5
3552,0.5
3553,0.5
3555,0.5
3556,0.5
3562,0.5
3568,0.5
3569,0.5
3577,0.5
3578,0.5
3579,0.5
3582,0.5
3584,0.5
3586,0.5
3588,0.5
3589,0.5
3591,0.5
3593,0.5
3595,0.5
3598,0.5
3599,0.5
3603,0.5
3613,0.5
3617,0.5
3622,0.5
3627,0.5
3629,0.5
3635,0.5
3638,0.5
3639,0.5
3640,0.5
3645,0.5
3647,0.5
3648,0.5
3649,0.5
3650,0.5
3651,0.5
3652,0.5
3654,0.5
3657,0.5
3667,0.5
3673,0.5
3676,0.5
3679,0.5
3687,0.5
3689,0.5
3696,0.5
3704,0.5
3705,0.5
3707,0.5
3711,0.5
3714,0.5
3717,0.5
3726,0.5
3731,0.5
3737,0.5
3742,0.5
3744,0.5
3745,0.5
3754,0.5
3755,0.5
3757,0.5
3763,0.5
3765,0.5
3769,0.5
3771,0.5
3772,0.5
3773,0.5
3774,0.5
3777,0.5
3778,0.5
3779,0.5
3783,0.5
3790,0.5
3794,0.5
3796,0.5
3799,0.5
3802,0.5
3805,0.5
3814,0.5
3817,0.5
3818,0.5
3820,0.5
3826,0.5
3832,0.5
3836,0.5
3843,0.5
3844,0.5
3847,0.5
3848,0.5
3850,0.5
3855,0.5
3856,0.5
3862,0.5
3871,0.5
3875,0.5
3878,0.5
3880,0.5
3881,0.5
3883,0.5
3895,0.5
3897,0.5
3898,0.5
3903,0.5
3904,0.5
3907,0.5
3908,0.5
3909,0.5
3911,0.5
3928,0.5
3932,0.5
3934,0.5
3937,0.5
3938,0.5
3942,0.5
3943,0.5
3951,0.5
3953,0.5
3954,0.5
3958,0.5
3959,0.5
3964,0.5
3972,0.5
3973,0.5
3974,0.5
3977,0.5
3979,0.5
3980,0.5
3981,0.5
3986,0.5
3993,0.5
3994,0.5
3995,0.5
3996,0.5
3998,0.5
3999,0.5
4005,0.5
4008,0.5
4012,0.5
4013,0.5
4018,0.5
4019,0.5
4020,0.5
4023,0.5
4027,0.5
4028,0.5
4033,0.5
4034,0.5
4035,0.5
4039,0.5
4040,0.5
4046,0.5
4053,0.5
4056,0.5
4069,0.5
4070,0.5
4074,0.5
4081,0.5
4082,0.5
4084,0.5
4086,0.5
4088,0.5
4091,0.5
4092,0.5
4095,0.5
4096,0.5
4099,0.5
4100,0.5
4101,0.5
4103,0.5
4104,0.5
4108,0.5
4113,0.5
4115,0.5
4116,0.5
4122,0.5
4124,0.5
4128,0.5
4129,0.5
4134,0.5
4141,0.5
4145,0.5
4149,0.5
4156,0.5
4157,0.5
4164,0.5
4165,0.5
4172,0.5
4173,0.5
4174,0.5
4179,0.5
4184,0.5
4185,0.5
4188,0.5
4190,0.5
4191,0.5
4197,0.5
4203,0.5
4204,0.5
4206,0.5
4208,0.5
4210,0.5
4211,0.5
4218,0.5
4219,0.5
4222,0.5
4224,0.5
4228,0.5
4234,0.5
4237,0.5
4238,0.5
4239,0.5
4241,0.5
4242,0.5
4257,0.5
4258,0.5
4262,0.5
4264,0.5
4269,0.5
4271,0.5
4274,0.5
4277,0.5
4278,0.5
4283,0.5
4286,0.5
4290,0.5
4291,0.5
4295,0.5
4297,0.5
4298,0.5
4306,0.5
4311,0.5
4312,0.5
4318,0.5
4319,0.5
4320,0.5
4321,0.5
4324,0.5
4327,0.5
4331,0.5
4337,0.5
4340,0.5
4342,0.5
4346,0.5
4348,0.5
4349,0.5
4352,0.5
4355,0.5
4356,0.5
4359,0.5
4360,0.5
4361,0.5
4367,0.5
4372,0.5
4385,0.5
4386,0.5
4387,0.5
4393,0.5
4394,0.5
4402,0.5
4404,0.5
4407,0.5
4410,0.5
4423,0.5
4426,0.5
4434,0.5
4435,0.5
4439,0.5
4443,0.5
4450,0.5
4451,0.5
4460,0.5
4461,0.5
4463,0.5
4469,0.5
4471,0.5
4477,0.5
4484,0.5
4487,0.5
4488,0.5
4494,0.5
4497,0.5
4498,0.5
4508,0.5
4513,0.5
4516,0.5
4517,0.5
4518,0.5
4521,0.5
4524,0.5
4526,0.5
4528,0.5
4529,0.5
4530,0.5
4536,0.5
4537,0.5
4547,0.5
4550,0.5
4551,0.5
4561,0.5
4563,0.5
4567,0.5
4573,0.5
4582,0.5
4589,0.5
4590,0.5
4591,0.5
4596,0.5
4597,0.5
4599,0.5
4600,0.5
4601,0.5
4602,0.5
4603,0.5
4607,0.5
4612,0.5
4613,0.5
4615,0.5
4619,0.5
4621,0.5
4624,0.5
4628,0.5
4633,0.5
4634,0.5
4641,0.5
4643,0.5
4648,0.5
4649,0.5
4651,0.5
4654,0.5
4655,0.5
4656,0.5
4659,0.5
4663,0.5
4667,0.5
4673,0.5
4681,0.5
4682,0.5
4697,0.5
4700,0.5
4701,0.5
4704,0.5
4706,0.5
4708,0.5
4709,0.5
4713,0.5
4714,0.5
4716,0.5
4722,0.5
4723,0.5
4725,0.5
4727,0.5
4729,0.5
4738,0.5
4746,0.5
4749,0.5
4750,0.5
4751,0.5
4753,0.5
4755,0.5
4758,0.5
4760,0.5
4762,0.5
4764,0.5
4766,0.5
4768,0.5
4771,0.5
4772,0.5
4773,0.5
4776,0.5
4778,0.5
4779,0.5
4783,0.5
4784,0.5
4787,0.5
4792,0.5
4793,0.5
4797,0.5
4802,0.5
4803,0.5
4807,0.5
4811,0.5
4815,0.5
4820,0.5
4821,0.5
4825,0.5
4829,0.5
4831,0.5
4832,0.5
4834,0.5
4836,0.5
4837,0.5
4838,0.5
4842,0.5
4845,0.5
4846,0.5
4851,0.5
4856,0.5
4863,0.5
4864,0.5
4868,0.5
4872,0.5
4873,0.5
4877,0.5
4881,0.5
4882,0.5
4895,0.5
4898,0.5
4903,0.5
4911,0.5
4914,0.5
4921,0.5
4923,0.5
4924,0.5
4926,0.5
4929,0.5
4931,0.5
4933,0.5
4946,0.5
4947,0.5
4954,0.5
4960,0.5
4962,0.5
4966,0.5
4967,0.5
4972,0.5
4976,0.5
4982,0.5
4986,0.5
4990,0.5
4992,0.5
4998,0.5
5000,0.5
5016,0.5
5018,0.5
5023,0.5
5024,0.5
5027,0.5
5033,0.5
5035,0.5
5040,0.5
5041,0.5
5042,0.5
5043,0.5
5045,0.5
5047,0.5
5059,0.5
5060,0.5
5061,0.5
5063,0.5
5066,0.5
5069,0.5
5071,0.5
5078,0.5
5080,0.5
5082,0.5
5087,0.5
5089,0.5
5091,0.5
5093,0.5
5096,0.5
5101,0.5
5102,0.5
5104,0.5
5106,0.5
5107,0.5
5108,0.5
5112,0.5
5114,0.5
5116,0.5
5123,0.5
5133,0.5
5144,0.5
5147,0.5
5148,0.5
5149,0.5
5155,0.5
5162,0.5
5166,0.5
5170,0.5
5172,0.5
5173,0.5
5174,0.5
5180,0.5
5181,0.5
5184,0.5
5185,0.5
5187,0.5
5189,0.5
5190,0.5
5191,0.5
5193,0.5
5203,0.5
5204,0.5
5208,0.5
5216,0.5
5219,0.5
5221,0.5
5224,0.5
5226,0.5
5241,0.5
5243,0.5
5245,0.5
5246,0.5
5247,0.5
5249,0.5
5250,0.5
5251,0.5
5256,0.5
5257,0.5
5259,0.5
5260,0.5
5265,0.5
5268,0.5
5269,0.5
5273,0.5
5274,0.5
5278,0.5
5288,0.5
5296,0.5
5298,0.5
5303,0.5
5307,0.5
5308,0.5
5311,0.5
5312,0.5
5313,0.5
5315,0.5
5322,0.5
5339,0.5
5343,0.5
5346,0.5
5351,0.5
5355,0.5
5368,0.5
5369,0.5
5370,0.5
5371,0.5
5374,0.5
5378,0.5
5380,0.5
5382,0.5
5383,0.5
5389,0.5
5390,0.5
5393,0.5
5394,0.5
5395,0.5
5398,0.5
5401,0.5
5402,0.5
5407,0.5
5410,0.5
5411,0.5
5412,0.5
5413,0.5
5415,0.5
5418,0.5
5419,0.5
5422,0.5
5426,0.5
5428,0.5
5441,0.5
5442,0.5
5452,0.5
5455,0.5
5456,0.5
5457,0.5
5459,0.5
5468,0.5
5476,0.5
5478,0.5
5480,0.5
5483,0.5
5484,0.5
5486,0.5
5487,0.5
5489,0.5
5491,0.5
5492,0.5
5503,0.5
5513,0.5
5517,0.5
5518,0.5
5520,0.5
5521,0.5
5522,0.5
5523,0.5
5529,0.5
5531,0.5
5534,0.5
5544,0.5
5545,0.5
5548,0.5
5550,0.5
5551,0.5
5557,0.5
5563,0.5
5565,0.5
5581,0.5
5585,0.5
5587,0.5
5590,0.5
5592,0.5
5605,0.5
5608,0.5
5609,0.5
5614,0.5
5616,0.5
5618,0.5
5621,0.5
5623,0.5
5628,0.5
5631,0.5
5637,0.5
5648,0.5
5649,0.5
5650,0.5
5652,0.5
5653,0.5
5664,0.5
5672,0.5
5673,0.5
5676,0.5
5677,0.5
5678,0.5
5680,0.5
5687,0.5
5688,0.5
5689,0.5
5690,0.5
5691,0.5
5692,0.5
5697,0.5
5699,0.5
5703,0.5
5707,0.5
5708,0.5
5712,0.5
5715,0.5
5723,0.5
5724,0.5
5725,0.5
5727,0.5
5733,0.5
5735,0.5
5737,0.5
5738,0.5
5739,0.5
5742,0.5
5744,0.5
5745,0.5
5748,0.5
5749,0.5
5751,0.5
5760,0.5
5762,0.5
5763,0.5
5766,0.5
5768,0.5
5770,0.5
5776,0.5
5782,0.5
5783,0.5
5787,0.5
5788,0.5
5795,0.5
5796,0.5
5798,0.5
5802,0.5
5804,0.5
5806,0.5
5807,0.5
5810,0.5
5814,0.5
5823,0.5
5825,0.5
5830,0.5
5831,0.5
5835,0.5
5838,0.5
5839,0.5
5840,0.5
5842,0.5
5844,0.5
5846,0.5
5850,0.5
5855,0.5
5856,0.5
5858,0.5
5864,0.5
5868,0.5
5869,0.5
5872,0.5
5874,0.5
5880,0.5
5883,0.5
5885,0.5
5890,0.5
5893,0.5
5894,0.5
5895,0.5
5900,0.5
5901,0.5
5903,0.5
5904,0.5
5905,0.5
5907,0.5
5911,0.5
5912,0.5
5915,0.5
5917,0.5
5925,0.5
5927,0.5
5931,0.5
5932,0.5
5934,0.5
5938,0.5
5942,0.5
5947,0.5
5950,0.5
5954,0.5
5957,0.5
5965,0.5
5967,0.5
5968,0.5
5971,0.5
5974,0.5
5977,0.5
5980,0.5
5983,0.5
5986,0.5
5988,0.5
5993,0.5
5994,0.5
5996,0.5
6009,0.5
6010,0.5
6011,0.5
6014,0.5
6025,0.5
6026,0.5
6028,0.5
6029,0.5
6032,0.5
6034,0.5
6039,0.5
6043,0.5
6047,0.5
6050,0.5
6051,0.5
6053,0.5
6055,0.5
6061,0.5
6062,0.5
6063,0.5
6066,0.5
6070,0.5
6071,0.5
6073,0.5
6081,0.5
6082,0.5
6084,0.5
6086,0.5
6089,0.5
6091,0.5
6097,0.5
6098,0.5
6100,0.5
6107,0.5
6112,0.5
6115,0.5
6118,0.5
6120,0.5
6122,0.5
6123,0.5
6125,0.5
6132,0.5
6139,0.5
6140,0.5
6143,0.5
6144,0.5
6145,0.5
6149,0.5
6152,0.5
6153,0.5
6154,0.5
6158,0.5
6163,0.5
6165,0.5
6166,0.5
6179,0.5
6180,0.5
6181,0.5
6182,0.5
6183,0.5
6189,0.5
6190,0.5
6191,0.5
6193,0.5
6200,0.5
6202,0.5
6205,0.5
6207,0.5
6209,0.5
6213,0.5
6219,0.5
6224,0.5
6225,0.5
6229,0.5
6230,0.5
6233,0.5
6235,0.5
6236,0.5
6237,0.5
6238,0.5
6239,0.5
6240,0.5
6241,0.5
6244,0.5
6246,0.5
6251,0.5
6253,0.5
6256,0.5
6260,0.5
6262,0.5
6263,0.5
6267,0.5
6274,0.5
6282,0.5
6288,0.5
6292,0.5
6297,0.5
6302,0.5
6305,0.5
6307,0.5
6315,0.5
6321,0.5
6323,0.5
6324,0.5
6326,0.5
6327,0.5
6328,0.5
6334,0.5
6353,0.5
6358,0.5
6361,0.5
6369,0.5
6370,0.5
6375,0.5
6378,0.5
6380,0.5
6382,0.5
6384,0.5
6387,0.5
6390,0.5
6396,0.5
6397,0.5
6398,0.5
6399,0.5
6405,0.5
6406,0.5
6409,0.5
6412,0.5
6416,0.5
6417,0.5
6418,0.5
6420,0.5
6423,0.5
6425,0.5
6427,0.5
6429,0.5
6430,0.5
6432,0.5
6435,0.5
6437,0.5
6441,0.5
6446,0.5
6450,0.5
6457,0.5
6459,0.5
6464,0.5
6467,0.5
6469,0.5
6470,0.5
6471,0.5
6472,0.5
6475,0.5
6476,0.5
6478,0.5
6481,0.5
6490,0.5
6492,0.5
6493,0.5
6494,0.5
6499,0.5
6500,0.5
6514,0.5
6519,0.5
6522,0.5
6526,0.5
6530,0.5
6536,0.5
6537,0.5
6551,0.5
6557,0.5
6559,0.5
6565,0.5
6568,0.5
6569,0.5
6577,0.5
6578,0.5
6579,0.5
6582,0.5
6584,0.5
6586,0.5
6587,0.5
6592,0.5
6596,0.5
6601,0.5
6602,0.5
6603,0.5
6605,0.5
6606,0.5
6610,0.5
6611,0.5
6617,0.5
6627,0.5
6633,0.5
6634,0.5
6637,0.5
6639,0.5
6644,0.5
6647,0.5
6649,0.5
6650,0.5
6651,0.5
6656,0.5
6657,0.5
6658,0.5
6660,0.5
6666,0.5
6668,0.5
6669,0.5
6670,0.5
6671,0.5
6674,0.5
6677,0.5
6678,0.5
6680,0.5
6685,0.5
6686,0.5
6692,0.5
6693,0.5
6694,0.5
6701,0.5
6704,0.5
6706,0.5
6707,0.5
6709,0.5
6717,0.5
6718,0.5
6720,0.5
6721,0.5
6724,0.5
6731,0.5
6735,0.5
6737,0.5
6740,0.5
6744,0.5
6747,0.5
6748,0.5
6754,0.5
6755,0.5
6756,0.5
6757,0.5
6762,0.5
6768,0.5
6773,0.5
6774,0.5
6777,0.5
6786,0.5
6802,0.5
6804,0.5
6806,0.5
6807,0.5
6809,0.5
6811,0.5
6828,0.5
6830,0.5
6833,0.5
6835,0.5
6837,0.5
6839,0.5
6840,0.5
6841,0.5
6843,0.5
6848,0.5
6853,0.5
6854,0.5
6855,0.5
6857,0.5
6858,0.5
6859,0.5
6860,0.5
6866,0.5
6871,0.5
6874,0.5
6876,0.5
6877,0.5
6883,0.5
6885,0.5
6887,0.5
6889,0.5
6892,0.5
6896,0.5
6899,0.5
6901,0.5
6904,0.5
6909,0.5
6913,0.5
6916,0.5
6927,0.5
6933,0.5
6935,0.5
6936,0.5
6943,0.5
6950,0.5
6951,0.5
6956,0.5
6963,0.5
6966,0.5
6967,0.5
6969,0.5
6970,0.5
6971,0.5
6972,0.5
6975,0.5
6982,0.5
6985,0.5
6986,0.5
6992,0.5
6996,0.5
6997,0.5
7007,0.5
7009,0.5
7010,0.5
7016,0.5
7022,0.5
7026,0.5
7027,0.5
7028,0.5
7030,0.5
7031,0.5
7038,0.5
7039,0.5
7042,0.5
7046,0.5
7047,0.5
7052,0.5
7055,0.5
7057,0.5
7061,0.5
7063,0.5
7067,0.5
7068,0.5
7072,0.5
7073,0.5
7075,0.5
7076,0.5
7079,0.5
7081,0.5
7082,0.5
7087,0.5
7089,0.5
7091,0.5
7093,0.5
7095,0.5
7100,0.5
7101,0.5
7103,0.5
7104,0.5
7105,0.5
7108,0.5
7109,0.5
7110,0.5
7115,0.5
7119,0.5
7123,0.5
7127,0.5
7128,0.5
7131,0.5
7133,0.5
7137,0.5
7138,0.5
7141,0.5
7148,0.5
7154,0.5
7157,0.5
7162,0.5
7163,0.5
7166,0.5
7168,0.5
7174,0.5
7175,0.5
7180,0.5
7186,0.5
7187,0.5
7189,0.5
7191,0.5
7193,0.5
7195,0.5
7197,0.5
7198,0.5
7206,0.5
7208,0.5
7210,0.5
7217,0.5
7218,0.5
7219,0.5
7220,0.5
7222,0.5
7223,0.5
7226,0.5
7232,0.5
7233,0.5
7239,0.5
7242,0.5
7253,0.5
7255,0.5
7261,0.5
7272,0.5
7273,0.5
7275,0.5
7278,0.5
7282,0.5
7283,0.5
7284,0.5
7288,0.5
7290,0.5
7293,0.5
7294,0.5
7296,0.5
7297,0.5
7300,0.5
7305,0.5
7314,0.5
7315,0.5
7316,0.5
7317,0.5
7318,0.5
7320,0.5
7321,0.5
7322,0.5
7324,0.5
7325,0.5
7326,0.5
7329,0.5
7330,0.5
7331,0.5
7336,0.5
7338,0.5
7339,0.5
7341,0.5
7344,0.5
7345,0.5
7347,0.5
7349,0.5
7352,0.5
7357,0.5
7361,0.5
7362,0.5
7367,0.5
7368,0.5
7371,0.5
7376,0.5
7377,0.5
7379,0.5
7382,0.5
7392,0.5
7394,0.5
7395,0.5
7396,0.5
7397,0.5
7399,0.5
7409,0.5
7411,0.5
7414,0.5
7419,0.5
7420,0.5
7437,0.5
7443,0.5
7444,0.5
7448,0.5
7449,0.5
7452,0.5
7453,0.5
7467,0.5
7471,0.5
7477,0.5
7478,0.5
7480,0.5
7481,0.5
7483,0.5
7486,0.5
7488,0.5
7493,0.5
7496,0.5
7501,0.5
7502,0.5
7503,0.5
7506,0.5
7507,0.5
7511,0.5
7521,0.5
7526,0.5
7527,0.5
7528,0.5
7529,0.5
7532,0.5
7535,0.5
7536,0.5
7537,0.5
7541,0.5
7546,0.5
7548,0.5
7550,0.5
7555,0.5
7557,0.5
7558,0.5
7560,0.5
7564,0.5
7566,0.5
7567,0.5
7568,0.5
7578,0.5
7579,0.5
7580,0.5
7581,0.5
7584,0.5
7588,0.5
7590,0.5
7591,0.5
7593,0.5
7600,0.5
7611,0.5
7615,0.5
7617,0.5
7622,0.5
7626,0.5
7629,0.5
7631,0.5
7634,0.5
7635,0.5
7638,0.5
7642,0.5
7650,0.5
7655,0.5
7660,0.5
7662,0.5
7667,0.5
7669,0.5
7672,0.5
7673,0.5
7676,0.5
7682,0.5
7686,0.5
7690,0.5
7691,0.5
7694,0.5
7695,0.5
7698,0.5
7713,0.5
7719,0.5
7724,0.5
7727,0.5
7728,0.5
7732,0.5
7737,0.5
7738,0.5
7741,0.5
7744,0.5
7748,0.5
7751,0.5
7757,0.5
7766,0.5
7773,0.5
7778,0.5
7782,0.5
7784,0.5
7785,0.5
7786,0.5
7790,0.5
7796,0.5
7799,0.5
7804,0.5
7809,0.5
7811,0.5
7813,0.5
7814,0.5
7817,0.5
7819,0.5
7820,0.5
7825,0.5
7830,0.5
7832,0.5
7835,0.5
7836,0.5
7838,0.5
7840,0.5
7851,0.5
7852,0.5
7853,0.5
7858,0.5
7860,0.5
7862,0.5
7871,0.5
7873,0.5
7882,0.5
7887,0.5
7890,0.5
7891,0.5
7895,0.5
7899,0.5
7906,0.5
7909,0.5
7913,0.5
7914,0.5
7921,0.5
7924,0.5
7940,0.5
7941,0.5
7942,0.5
7944,0.5
7945,0.5
7946,0.5
7948,0.5
7953,0.5
7956,0.5
7957,0.5
7958,0.5
7962,0.5
7964,0.5
7970,0.5
7974,0.5
7976,0.5
7977,0.5
7982,0.5
7983,0.5
7990,0.5
7996,0.5
7998,0.5
7999,0.5
8003,0.5
8006,0.5
8008,0.5
8009,0.5
8016,0.5
8018,0.5
8019,0.5
8021,0.5
8024,0.5
8025,0.5
8036,0.5
8039,0.5
8040,0.5
8043,0.5
8047,0.5
8055,0.5
8056,0.5
8063,0.5
8065,0.5
8073,0.5
8074,0.5
8077,0.5
8080,0.5
8081,0.5
8083,0.5
8086,0.5
8088,0.5
8089,0.5
8090,0.5
8092,0.5
8093,0.5
8095,0.5
8098,0.5
8099,0.5
8101,0.5
8103,0.5
8114,0.5
8118,0.5
8120,0.5
8122,0.5
8124,0.5
8125,0.5
8126,0.5
8134,0.5
8137,0.5
8138,0.5
8140,0.5
8145,0.5
8154,0.5
8156,0.5
8158,0.5
8173,0.5
8174,0.5
8176,0.5
8188,0.5
8189,0.5
8192,0.5
8194,0.5
8200,0.5
8202,0.5
8203,0.5
8205,0.5
8209,0.5
8212,0.5
8213,0.5
8217,0.5
8220,0.5
8223,0.5
8226,0.5
8227,0.5
8228,0.5
8229,0.5
8230,0.5
8233,0.5
8234,0.5
8236,0.5
8237,0.5
8238,0.5
8242,0.5
8252,0.5
8257,0.5
8260,0.5
8267,0.5
8272,0.5
8277,0.5
8281,0.5
8283,0.5
8286,0.5
8289,0.5
8292,0.5
8297,0.5
8305,0.5
8311,0.5
8317,0.5
8318,0.5
8325,0.5
8327,0.5
8332,0.5
8333,0.5
8338,0.5
8339,0.5
8341,0.5
8343,0.5
8345,0.5
8349,0.5
8351,0.5
8352,0.5
8353,0.5
8359,0.5
8364,0.5
8365,0.5
8373,0.5
8375,0.5
8376,0.5
8378,0.5
8381,0.5
8387,0.5
8388,0.5
8391,0.5
8398,0.5
8404,0.5
8409,0.5
8411,0.5
8412,0.5
8413,0.5
8415,0.5
8425,0.5
8428,0.5
8429,0.5
8439,0.5
8441,0.5
8442,0.5
8445,0.5
8446,0.5
8447,0.5
8448,0.5
8454,0.5
8455,0.5
8458,0.5
8459,0.5
8460,0.5
8465,0.5
8478,0.5
8481,0.5
8498,0.5
8502,0.5
8504,0.5
8513,0.5
8516,0.5
8519,0.5
8520,0.5
8525,0.5
8531,0.5
8536,0.5
8537,0.5
8543,0.5
8545,0.5
8546,0.5
8548,0.5
8549,0.5
8550,0.5
8551,0.5
8556,0.5
8560,0.5
8561,0.5
8566,0.5
8567,0.5
8569,0.5
8570,0.5
8574,0.5
8576,0.5
8577,0.5
8583,0.5
8588,0.5
8605,0.5
8606,0.5
8610,0.5
8611,0.5
8612,0.5
8613,0.5
8616,0.5
8620,0.5
8622,0.5
8623,0.5
8624,0.5
8626,0.5
8629,0.5
8631,0.5
8632,0.5
8635,0.5
8637,0.5
8644,0.5
8648,0.5
8651,0.5
8652,0.5
8663,0.5
8668,0.5
8675,0.5
8677,0.5
8682,0.5
8687,0.5
8692,0.5
8693,0.5
8695,0.5
8697,0.5
8699,0.5
8702,0.5
8707,0.5
8708,0.5
8710,0.5
8712,0.5
8713,0.5
8714,0.5
8715,0.5
8719,0.5
8721,0.5
8723,0.5
8724,0.5
8731,0.5
8736,0.5
8738,0.5
8741,0.5
8748,0.5
8754,0.5
8761,0.5
8762,0.5
8763,0.5
8764,0.5
8770,0.5
8778,0.5
8780,0.5
8792,0.5
8795,0.5
8800,0.5
8802,0.5
8805,0.5
8807,0.5
8808,0.5
8814,0.5
8815,0.5
8820,0.5
8821,0.5
8824,0.5
8825,0.5
8827,0.5
8828,0.5
8833,0.5
8836,0.5
8838,0.5
8842,0.5
8851,0.5
8855,0.5
8861,0.5
8863,0.5
8864,0.5
8865,0.5
8869,0.5
8870,0.5
8874,0.5
8875,0.5
8876,0.5
8877,0.5
8878,0.5
8881,0.5
8884,0.5
8888,0.5
8890,0.5
8900,0.5
8901,0.5
8902,0.5
8905,0.5
8910,0.5
8911,0.5
8913,0.5
8915,0.5
8916,0.5
8923,0.5
8925,0.5
8933,0.5
8936,0.5
8940,0.5
8941,0.5
8945,0.5
8946,0.5
8948,0.5
8950,0.5
8952,0.5
8956,0.5
8958,0.5
8959,0.5
8960,0.5
8970,0.5
8972,0.5
8975,0.5
8977,0.5
8979,0.5
8980,0.5
8981,0.5
8982,0.5
8985,0.5
8989,0.5
8992,0.5
8994,0.5
9007,0.5
9009,0.5
9011,0.5
9014,0.5
9018,0.5
9034,0.5
9041,0.5
9046,0.5
9056,0.5
9069,0.5
9070,0.5
9073,0.5
9079,0.5
9080,0.5
9094,0.5
9095,0.5
9096,0.5
9097,0.5
9098,0.5
9102,0.5
9107,0.5
9109,0.5
9117,0.5
9121,0.5
9122,0.5
9126,0.5
9135,0.5
9145,0.5
9147,0.5
9148,0.5
9149,0.5
9151,0.5
9152,0.5
9153,0.5
9155,0.5
9157,0.5
9158,0.5
9159,0.5
9166,0.5
9174,0.5
9175,0.5
9177,0.5
9180,0.5
9181,0.5
9183,0.5
9185,0.5
9192,0.5
9199,0.5
9200,0.5
9204,0.5
9206,0.5
9207,0.5
9209,0.5
9210,0.5
9212,0.5
9214,0.5
9215,0.5
9219,0.5
9220,0.5
9221,0.5
9223,0.5
9229,0.5
9231,0.5
9232,0.5
9234,0.5
9238,0.5
9240,0.5
9244,0.5
9245,0.5
9247,0.5
9249,0.5
9252,0.5
9255,0.5
9256,0.5
9264,0.5
9265,0.5
9268,0.5
9269,0.5
9274,0.5
9278,0.5
9279,0.5
9280,0.5
9283,0.5
9285,0.5
9286,0.5
9289,0.5
9296,0.5
9301,0.5
9303,0.5
9304,0.5
9306,0.5
9307,0.5
9308,0.5
9315,0.5
9316,0.5
9329,0.5
9335,0.5
9346,0.5
9350,0.5
9352,0.5
9354,0.5
9356,0.5
9358,0.5
9361,0.5
9362,0.5
9370,0.5
9371,0.5
9372,0.5
9374,0.5
9375,0.5
9376,0.5
9377,0.5
9378,0.5
9383,0.5
9387,0.5
9389,0.5
9398,0.5
9400,0.5
9401,0.5
9403,0.5
9405,0.5
9409,0.5
9410,0.5
9417,0.5
9419,0.5
9422,0.5
9424,0.5
9427,0.5
9431,0.5
9433,0.5
9436,0.5
9438,0.5
9439,0.5
9448,0.5
9449,0.5
9451,0.5
9452,0.5
9453,0.5
9454,0.5
9461,0.5
9462,0.5
9465,0.5
9466,0.5
9470,0.5
9471,0.5
9476,0.5
9478,0.5
9483,0.5
9484,0.5
9490,0.5
9491,0.5
9492,0.5
9496,0.5
9498,0.5
9511,0.5
9514,0.5
9518,0.5
9521,0.5
9524,0.5
9526,0.5
9530,0.5
9531,0.5
9532,0.5
9533,0.5
9534,0.5
9535,0.5
9536,0.5
9540,0.5
9541,0.5
9550,0.5
9552,0.5
9557,0.5
9565,0.5
9566,0.5
9567,0.5
9568,0.5
9571,0.5
9577,0.5
9579,0.5
9592,0.5
9598,0.5
9600,0.5
9614,0.5
9617,0.5
9618,0.5
9620,0.5
9630,0.5
9657,0.5
9658,0.5
9661,0.5
9668,0.5
9670,0.5
9671,0.5
9674,0.5
9677,0.5
9678,0.5
9680,0.5
9688,0.5
9693,0.5
9695,0.5
9699,0.5
9700,0.5
9701,0.5
9702,0.5
9703,0.5
9704,0.5
9708,0.5
9709,0.5
9711,0.5
9716,0.5
9717,0.5
9719,0.5
9720,0.5
9734,0.5
9735,0.5
9737,0.5
9740,0.5
9751,0.5
9757,0.5
9768,0.5
9773,0.5
9775,0.5
9777,0.5
9782,0.5
9792,0.5
9796,0.5
9797,0.5
9798,0.5
9801,0.5
9809,0.5
9823,0.5
9833,0.5
9835,0.5
9846,0.5
9854,0.5
9856,0.5
9857,0.5
9859,0.5
9862,0.5
9865,0.5
9867,0.5
9874,0.5
9875,0.5
9880,0.5
9885,0.5
9889,0.5
9893,0.5
9895,0.5
9907,0.5
9915,0.5
9917,0.5
9925,0.5
9930,0.5
9934,0.5
9949,0.5
9951,0.5
9952,0.5
9953,0.5
9956,0.5
9962,0.5
9963,0.5
9968,0.5
9970,0.5
9972,0.5
9973,0.5
9974,0.5
9975,0.5
9977,0.5
9979,0.5
9981,0.5
9983,0.5
9984,0.5
9987,0.5
9990,0.5
9993,0.5
9995,0.5
9996,0.5
9998,0.5
10001,0.5
10002,0.5
10003,0.5
10016,0.5
10018,0.5
10028,0.5
10031,0.5
10032,0.5
10039,0.5
10040,0.5
10043,0.5
10048,0.5
10050,0.5
10052,0.5
10053,0.5
10072,0.5
10076,0.5
10077,0.5
10083,0.5
10090,0.5
10091,0.5
10094,0.5
10095,0.5
10096,0.5
10105,0.5
10107,0.5
10108,0.5
10112,0.5
10114,0.5
10115,0.5
10116,0.5
10117,0.5
10119,0.5
10122,0.5
10126,0.5
10128,0.5
10131,0.5
10133,0.5
10135,0.5
10136,0.5
10138,0.5
10154,0.5
10158,0.5
10160,0.5
10161,0.5
10162,0.5
10163,0.5
10164,0.5
10168,0.5
10169,0.5
10170,0.5
10171,0.5
10172,0.5
10173,0.5
10177,0.5
10183,0.5
10185,0.5
10188,0.5
10189,0.5
10192,0.5
10193,0.5
10194,0.5
10201,0.5
10204,0.5
10205,0.5
10210,0.5
10214,0.5
10216,0.5
10226,0.5
10237,0.5
10242,0.5
10243,0.5
10245,0.5
10250,0.5
10252,0.5
10256,0.5
10259,0.5
10262,0.5
10263,0.5
10266,0.5
10271,0.5
10274,0.5
10278,0.5
10287,0.5
10290,0.5
10291,0.5
10304,0.5
10305,0.5
10308,0.5
10309,0.5
10310,0.5
10316,0.5
10317,0.5
10320,0.5
10322,0.5
10324,0.5
10327,0.5
10331,0.5
10333,0.5
10334,0.5
10360,0.5
10362,0.5
10365,0.5
10366,0.5
10376,0.5
10377,0.5
10380,0.5
10383,0.5
10384,0.5
10393,0.5
10394,0.5
10396,0.5
10398,0.5
10401,0.5
10406,0.5
10411,0.5
10412,0.5
10423,0.5
10426,0.5
10428,0.5
10434,0.5
10437,0.5
10438,0.5
10439,0.5
10446,0.5
10447,0.5
10448,0.5
10451,0.5
10452,0.5
10455,0.5
10457,0.5
10461,0.5
10466,0.5
10468,0.5
10471,0.5
10473,0.5
10474,0.5
10477,0.5
10483,0.5
10484,0.5
10485,0.5
10490,0.5
10492,0.5
10494,0.5
10501,0.5
10502,0.5
10504,0.5
10506,0.5
10507,0.5
10509,0.5
10513,0.5
10520,0.5
10522,0.5
10536,0.5
10540,0.5
10543,0.5
10548,0.5
10552,0.5
10564,0.5
10565,0.5
10566,0.5
10569,0.5
10572,0.5
10576,0.5
10577,0.5
10579,0.5
10584,0.5
10589,0.5
10592,0.5
10593,0.5
10596,0.5
10598,0.5
10599,0.5
10600,0.5
10601,0.5
10613,0.5
10617,0.5
10624,0.5
10636,0.5
10642,0.5
10655,0.5
10659,0.5
10662,0.5
10666,0.5
10668,0.5
10673,0.5
10674,0.5
10680,0.5
10682,0.5
10685,0.5
10686,0.5
10697,0.5
10699,0.5
10700,0.5
10702,0.5
10703,0.5
10704,0.5
10707,0.5
10711,0.5
10712,0.5
10716,0.5
10717,0.5
10718,0.5
10723,0.5
10724,0.5
10725,0.5
10727,0.5
10728,0.5
10729,0.5
10730,0.5
10738,0.5
10740,0.5
10743,0.5
10752,0.5
10753,0.5
10756,0.5
10758,0.5
10760,0.5
10769,0.5
10771,0.5
10774,0.5
10777,0.5
10786,0.5
10792,0.5
10796,0.5
10799,0.5
10801,0.5
10802,0.5
10807,0.5
10811,0.5
10821,0.5
10824,0.5
10828,0.5
10830,0.5
10837,0.5
10840,0.5
10845,0.5
10847,0.5
10849,0.5
10850,0.5
10853,0.5
10854,0.5
10855,0.5
10858,0.5
10866,0.5
10869,0.5
10871,0.5
10877,0.5
10880,0.5
10881,0.5
10883,0.5
10888,0.5
10889,0.5
10892,0.5
10893,0.5
10897,0.5
10898,0.5
10906,0.5
10910,0.5
10918,0.5
10924,0.5
10926,0.5
10927,0.5
10929,0.5
10930,0.5
10933,0.5
10937,0.5
10939,0.5
10942,0.5
10949,0.5
10964,0.5
10965,0.5
10967,0.5
10971,0.5
10974,0.5
10977,0.5
10979,0.5
10980,0.5
10981,0.5
10985,0.5
10991,0.5
10994,0.5
10998,0.5
11003,0.5
11004,0.5
11013,0.5
11016,0.5
11019,0.5
11031,0.5
11033,0.5
11035,0.5
11038,0.5
11048,0.5
11050,0.5
11052,0.5
11059,0.5
11060,0.5
11063,0.5
11064,0.5
11066,0.5
11067,0.5
11070,0.5
11071,0.5
11076,0.5
11077,0.5
11080,0.5
11082,0.5
11085,0.5
11089,0.5
11092,0.5
11098,0.5
11099,0.5
11103,0.5
11106,0.5
11110,0.5
11116,0.5
11117,0.5
11118,0.5
11119,0.5
11123,0.5
11137,0.5
11141,0.5
11144,0.5
11146,0.5
11147,0.5
11148,0.5
11153,0.5
11155,0.5
11156,0.5
11160,0.5
11162,0.5
11164,0.5
11165,0.5
11166,0.5
11169,0.5
11176,0.5
11178,0.5
11182,0.5
11185,0.5
11187,0.5
11188,0.5
11189,0.5
11194,0.5
11198,0.5
11204,0.5
11216,0.5
11231,0.5
11232,0.5
11233,0.5
11236,0.5
11238,0.5
11240,0.5
11247,0.5
11248,0.5
11250,0.5
11252,0.5
11255,0.5
11261,0.5
11265,0.5
11269,0.5
11274,0.5
11282,0.5
11290,0.5
11291,0.5
11292,0.5
11305,0.5
11306,0.5
11307,0.5
11311,0.5
11316,0.5
11321,0.5
11324,0.5
11328,0.5
11329,0.5
11332,0.5
11342,0.5
11344,0.5
11349,0.5
11351,0.5
11353,0.5
11359,0.5
11360,0.5
11365,0.5
11366,0.5
11370,0.5
11380,0.5
11383,0.5
11394,0.5
11395,0.5
11400,0.5
11401,0.5
11403,0.5
11404,0.5
11408,0.5
11410,0.5
11411,0.5
11412,0.5
11413,0.5
11417,0.5
11418,0.5
11420,0.5
11422,0.5
11425,0.5
11437,0.5
11438,0.5
11439,0.5
11447,0.5
11452,0.5
11453,0.5
11454,0.5
11455,0.5
11460,0.5
11461,0.5
11471,0.5
11473,0.5
11474,0.5
11475,0.5
11489,0.5
11501,0.5
11504,0.5
11505,0.5
11506,0.5
11514,0.5
11516,0.5
11517,0.5
11518,0.5
11519,0.5
11522,0.5
11525,0.5
11531,0.5
11533,0.5
11542,0.5
11544,0.5
11545,0.5
11552,0.5
11555,0.5
11559,0.5
11563,0.5
11564,0.5
11565,0.5
11567,0.5
11568,0.5
11570,0.5
11576,0.5
11578,0.5
11579,0.5
11580,0.5
11584,0.5
11585,0.5
11588,0.5
11591,0.5
11592,0.5
11595,0.5
11599,0.5
11606,0.5
11609,0.5
11613,0.5
11618,0.5
11619,0.5
11620,0.5
11621,0.5
11622,0.5
11626,0.5
11633,0.5
11635,0.5
11636,0.5
11640,0.5
11643,0.5
11645,0.5
11646,0.5
11653,0.5
11654,0.5
11658,0.5
11660,0.5
11661,0.5
11665,0.5
11666,0.5
11670,0.5
11673,0.5
11679,0.5
11681,0.5
11686,0.5
11691,0.5
11699,0.5
11704,0.5
11707,0.5
11708,0.5
11716,0.5
11718,0.5
11719,0.5
11723,0.5
11737,0.5
11738,0.5
11741,0.5
11742,0.5
11744,0.5
11746,0.5
11753,0.5
11756,0.5
11757,0.5
11759,0.5
11760,0.5
11764,0.5
11769,0.5
11773,0.5
11774,0.5
11777,0.5
11781,0.5
11783,0.5
11786,0.5
11787,0.5
11789,0.5
11793,0.5
11797,0.5
11804,0.5
11816,0.5
11818,0.5
11821,0.5
11823,0.5
11834,0.5
11837,0.5
11840,0.5
11842,0.5
11846,0.5
11849,0.5
11855,0.5
11857,0.5
11858,0.5
11861,0.5
11862,0.5
11863,0.5
11864,0.5
11865,0.5
11867,0.5
11869,0.5
11875,0.5
11877,0.5
11881,0.5
11898,0.5
11901,0.5
11902,0.5
11904,0.5
11911,0.5
11918,0.5
11919,0.5
11928,0.5
11936,0.5
11946,0.5
11949,0.5
11955,0.5
11961,0.5
11962,0.5
11963,0.5
11965,0.5
11967,0.5
11968,0.5
11972,0.5
11974,0.5
11978,0.5
11981,0.5
11982,0.5
11992,0.5
11994,0.5
11997,0.5
12003,0.5
12009,0.5
12012,0.5
12015,0.5
12017,0.5
12019,0.5
12025,0.5
12027,0.5
12028,0.5
12029,0.5
12032,0.5
12034,0.5
12037,0.5
12039,0.5
12041,0.5
12047,0.5
12050,0.5
12052,0.5
12053,0.5
12056,0.5
12057,0.5
12061,0.5
12065,0.5
12067,0.5
12068,0.5
12073,0.5
12080,0.5
12082,0.5
12085,0.5
12089,0.5
12094,0.5
12097,0.5
12100,0.5
12107,0.5
12114,0.5
12115,0.5
12118,0.5
12122,0.5
12123,0.5
12125,0.5
12126,0.5
12129,0.5
12130,0.5
12143,0.5
12160,0.5
12161,0.5
12162,0.5
12166,0.5
12167,0.5
12170,0.5
12181,0.5
12184,0.5
12186,0.5
12187,0.5
12192,0.5
12193,0.5
12200,0.5
12202,0.5
12203,0.5
12208,0.5
12211,0.5
12219,0.5
12222,0.5
12223,0.5
12226,0.5
12228,0.5
12235,0.5
12237,0.5
12243,0.5
12251,0.5
12263,0.5
12267,0.5
12268,0.5
12269,0.5
12272,0.5
12276,0.5
12280,0.5
12283,0.5
12285,0.5
12287,0.5
12295,0.5
12300,0.5
12303,0.5
12304,0.5
12309,0.5
12310,0.5
12312,0.5
12316,0.5
12319,0.5
12320,0.5
12321,0.5
12328,0.5
12329,0.5
12331,0.5
12332,0.5
12334,0.5
12337,0.5
12339,0.5
12341,0.5
12348,0.5
12349,0.5
12361,0.5
12362,0.5
12365,0.5
12368,0.5
12370,0.5
12375,0.5
12376,0.5
12377,0.5
12383,0.5
12395,0.5
12396,0.5
12397,0.5
12398,0.5
12401,0.5
12402,0.5
12405,0.5
12411,0.5
12412,0.5
12416,0.5
12417,0.5
12418,0.5
12419,0.5
12420,0.5
12422,0.5
12425,0.5
12432,0.5
12433,0.5
12435,0.5
12450,0.5
12459,0.5
12463,0.5
12465,0.5
12466,0.5
12467,0.5
12468,0.5
12471,0.5
12477,0.5
12480,0.5
12482,0.5
12485,0.5
12488,0.5
12491,0.5
12495,0.5
12496,0.5
12497,0.5
12499,0.5
12502,0.5
12505,0.5
12508,0.5
12510,0.5
12514,0.5
12516,0.5
12517,0.5
12518,0.5
12521,0.5
12525,0.5
12529,0.5
12530,0.5
12531,0.5
12535,0.5
12537,0.5
12538,0.5
12544,0.5
12547,0.5
12550,0.5
12551,0.5
12552,0.5
12561,0.5
12567,0.5
12568,0.5
12570,0.5
12571,0.5
12575,0.5
12577,0.5
12578,0.5
12579,0.5
12582,0.5
12584,0.5
12586,0.5
12589,0.5
12591,0.5
12595,0.5
12599,0.5
12602,0.5
12607,0.5
12609,0.5
12610,0.5
12612,0.5
12613,0.5
12615,0.5
12620,0.5
12623,0.5
12624,0.5
12625,0.5
12628,0.5
12631,0.5
12632,0.5
12633,0.5
12634,0.5
12638,0.5
12644,0.5
12647,0.5
12648,0.5
12651,0.5
12652,0.5
12653,0.5
12658,0.5
12665,0.5
12666,0.5
12667,0.5
12670,0.5
12671,0.5
12678,0.5
12679,0.5
12685,0.5
12690,0.5
12692,0.5
12697,0.5
12700,0.5
12706,0.5
12710,0.5
12712,0.5
12722,0.5
12727,0.5
12729,0.5
12739,0.5
12748,0.5
12749,0.5
12755,0.5
12760,0.5
12762,0.5
12763,0.5
12764,0.5
12773,0.5
12775,0.5
12776,0.5
12777,0.5
12782,0.5
12787,0.5
12793,0.5
12798,0.5
12801,0.5
12802,0.5
12808,0.5
12810,0.5
12812,0.5
12813,0.5
12817,0.5
12820,0.5
12823,0.5
12825,0.5
12826,0.5
12828,0.5
12835,0.5
12842,0.5
12851,0.5
12859,0.5
12864,0.5
12866,0.5
12867,0.5
12868,0.5
12872,0.5
12876,0.5
12890,0.5
12893,0.5
12894,0.5
12896,0.5
12898,0.5
12903,0.5
12905,0.5
12907,0.5
12910,0.5
12912,0.5
12914,0.5
12917,0.5
12924,0.5
12932,0.5
12933,0.5
12946,0.5
12947,0.5
12948,0.5
12950,0.5
12952,0.5
12958,0.5
12961,0.5
12964,0.5
12967,0.5
12972,0.5
12976,0.5
12977,0.5
12981,0.5
12982,0.5
12984,0.5
12990,0.5
12992,0.5
12994,0.5
12998,0.5
13003,0.5
13006,0.5
13007,0.5
13012,0.5
13013,0.5
13015,0.5
13016,0.5
13017,0.5
13020,0.5
13029,0.5
13035,0.5
13036,0.5
13037,0.5
13040,0.5
13047,0.5
13048,0.5
13050,0.5
13051,0.5
13054,0.5
13055,0.5
13062,0.5
13063,0.5
13064,0.5
13066,0.5
13067,0.5
13068,0.5
13069,0.5
13071,0.5
13072,0.5
13078,0.5
13080,0.5
13094,0.5
13102,0.5
13106,0.5
13109,0.5
13115,0.5
13116,0.5
13121,0.5
13127,0.5
13131,0.5
13133,0.5
13134,0.5
13137,0.5
13138,0.5
13141,0.5
13145,0.5
13148,0.5
13151,0.5
13154,0.5
13155,0.5
13156,0.5
13160,0.5
13161,0.5
13164,0.5
13168,0.5
13171,0.5
13174,0.5
13179,0.5
13180,0.5
13181,0.5
13184,0.5
13190,0.5
13191,0.5
13195,0.5
13201,0.5
13203,0.5
13204,0.5
13207,0.5
13209,0.5
13216,0.5
13220,0.5
13224,0.5
13231,0.5
13233,0.5
13234,0.5
13235,0.5
13237,0.5
13242,0.5
13243,0.5
13244,0.5
13251,0.5
13254,0.5
13255,0.5
13256,0.5
13257,0.5
13264,0.5
13271,0.5
13278,0.5
13281,0.5
13286,0.5
13289,0.5
13290,0.5
13293,0.5
13295,0.5
13296,0.5
13302,0.5
13304,0.5
13315,0.5
13322,0.5
13325,0.5
13327,0.5
13330,0.5
13336,0.5
13337,0.5
13339,0.5
13340,0.5
13344,0.5
13345,0.5
13351,0.5
13352,0.5
13357,0.5
13358,0.5
13362,0.5
13365,0.5
13366,0.5
13370,0.5
13374,0.5
13377,0.5
13378,0.5
13383,0.5
13385,0.5
13388,0.5
13389,0.5
13390,0.5
13392,0.5
13393,0.5
13396,0.5
13403,0.5
13405,0.5
13407,0.5
13411,0.5
13412,0.5
13414,0.5
13415,0.5
13418,0.5
13419,0.5
13431,0.5
13432,0.5
13437,0.5
13452,0.5
13453,0.5
13454,0.5
13455,0.5
13461,0.5
13462,0.5
13463,0.5
13464,0.5
13465,0.5
13467,0.5
13473,0.5
13474,0.5
13477,0.5
13478,0.5
13479,0.5
13480,0.5
13488,0.5
13491,0.5
13494,0.5
13499,0.5
13501,0.5
13502,0.5
13505,0.5
13509,0.5
13515,0.5
13520,0.5
13523,0.5
13528,0.5
13532,0.5
13533,0.5
13535,0.5
13536,0.5
13539,0.5
13541,0.5
13548,0.5
13550,0.5
13551,0.5
13552,0.5
13556,0.5
13557,0.5
13562,0.5
13563,0.5
13564,0.5
13565,0.5
13567,0.5
13568,0.5
13575,0.5
13577,0.5
13578,0.5
13579,0.5
13582,0.5
13583,0.5
13588,0.5
13589,0.5
13592,0.5
13593,0.5
13594,0.5
13602,0.5
13603,0.5
13604,0.5
13607,0.5
13612,0.5
13613,0.5
13617,0.5
13618,0.5
13619,0.5
13620,0.5
13623,0.5
13625,0.5
13628,0.5
13632,0.5
13633,0.5
13636,0.5
13637,0.5
13640,0.5
13642,0.5
13650,0.5
13652,0.5
13654,0.5
13656,0.5
13662,0.5
13664,0.5
13666,0.5
13668,0.5
13670,0.5
13675,0.5
13676,0.5
13679,0.5
13681,0.5
13682,0.5
13686,0.5
13688,0.5
13691,0.5
13695,0.5
13700,0.5
13703,0.5
13712,0.5
13718,0.5
13721,0.5
13724,0.5
13725,0.5
13726,0.5
13727,0.5
13732,0.5
13738,0.5
13744,0.5
13746,0.5
13748,0.5
13754,0.5
13762,0.5
13763,0.5
13765,0.5
13777,0.5
13780,0.5
13783,0.5
13784,0.5
13787,0.5
13795,0.5
13797,0.5
13800,0.5
13802,0.5
13803,0.5
13804,0.5
13806,0.5
13813,0.5
13819,0.5
13829,0.5
13832,0.5
13835,0.5
13838,0.5
13843,0.5
13844,0.5
13847,0.5
13852,0.5
13853,0.5
13854,0.5
13856,0.5
13862,0.5
13865,0.5
13867,0.5
13869,0.5
13873,0.5
13882,0.5
13884,0.5
13885,0.5
13889,0.5
13894,0.5
13895,0.5
13899,0.5
13901,0.5
13902,0.5
13903,0.5
13904,0.5
13905,0.5
13908,0.5
13914,0.5
13920,0.5
13931,0.5
13932,0.5
13935,0.5
13936,0.5
13937,0.5
13938,0.5
13940,0.5
13944,0.5
13945,0.5
13954,0.5
13955,0.5
13957,0.5
13961,0.5
13963,0.5
13968,0.5
13970,0.5
13972,0.5
13976,0.5
13977,0.5
13980,0.5
13984,0.5
13988,0.5
13992,0.5
13996,0.5
14000,0.5
14002,0.5
14003,0.5
14004,0.5
14008,0.5
14016,0.5
14034,0.5
14038,0.5
14039,0.5
14041,0.5
14043,0.5
14044,0.5
14048,0.5
14051,0.5
14052,0.5
14053,0.5
14059,0.5
14060,0.5
14069,0.5
14070,0.5
14072,0.5
14073,0.5
14077,0.5
14078,0.5
14084,0.5
14086,0.5
14093,0.5
14097,0.5
14100,0.5
14103,0.5
14106,0.5
14107,0.5
14109,0.5
14119,0.5
14122,0.5
14123,0.5
14125,0.5
14126,0.5
14127,0.5
14130,0.5
14132,0.5
14133,0.5
14134,0.5
14136,0.5
14138,0.5
14144,0.5
14149,0.5
14150,0.5
14151,0.5
14153,0.5
14156,0.5
14160,0.5
14164,0.5
14166,0.5
14167,0.5
14174,0.5
14181,0.5
14183,0.5
14189,0.5
14191,0.5
14194,0.5
14195,0.5
14197,0.5
14205,0.5
14206,0.5
14207,0.5
14214,0.5
14219,0.5
14224,0.5
14228,0.5
14229,0.5
14230,0.5
14231,0.5
14234,0.5
14235,0.5
14236,0.5
14239,0.5
14244,0.5
14248,0.5
14250,0.5
14251,0.5
14253,0.5
14258,0.5
14259,0.5
14262,0.5
14265,0.5
14267,0.5
14268,0.5
14272,0.5
14274,0.5
14275,0.5
14276,0.5
14281,0.5
14282,0.5
14289,0.5
14291,0.5
14293,0.5
14305,0.5
14306,0.5
14312,0.5
14314,0.5
14316,0.5
14318,0.5
14321,0.5
14323,0.5
14327,0.5
14329,0.5
14332,0.5
14335,0.5
14336,0.5
14338,0.5
14341,0.5
14343,0.5
14345,0.5
14348,0.5
14352,0.5
14356,0.5
14357,0.5
14358,0.5
14362,0.5
14363,0.5
14364,0.5
14366,0.5
14371,0.5
14375,0.5
14377,0.5
14378,0.5
14379,0.5
14382,0.5
14386,0.5
14387,0.5
14393,0.5
14396,0.5
14403,0.5
14404,0.5
14405,0.5
14406,0.5
14412,0.5
14413,0.5
14414,0.5
14416,0.5
14419,0.5
14432,0.5
14435,0.5
14437,0.5
14439,0.5
14441,0.5
14444,0.5
14449,0.5
14451,0.5
14452,0.5
14455,0.5
14458,0.5
14459,0.5
14460,0.5
14472,0.5
14473,0.5
14475,0.5
14477,0.5
14478,0.5
14479,0.5
14480,0.5
14483,0.5
14484,0.5
14490,0.5
14495,0.5
14497,0.5
14501,0.5
14508,0.5
14516,0.5
14520,0.5
14521,0.5
14540,0.5
14541,0.5
14548,0.5
14555,0.5
14556,0.5
14577,0.5
14584,0.5
14586,0.5
14590,0.5
14591,0.5
14592,0.5
14593,0.5
14596,0.5
14598,0.5
14602,0.5
14605,0.5
14608,0.5
14609,0.5
14613,0.5
14619,0.5
14620,0.5
14622,0.5
14625,0.5
14626,0.5
14627,0.5
14628,0.5
14631,0.5
14638,0.5
14641,0.5
14647,0.5
14648,0.5
14653,0.5
14659,0.5
14663,0.5
14666,0.5
14669,0.5
14675,0.5
14679,0.5
14684,0.5
14688,0.5
14690,0.5
14691,0.5
14694,0.5
14697,0.5
14699,0.5
14714,0.5
14715,0.5
14719,0.5
14721,0.5
14723,0.5
14725,0.5
14739,0.5
14743,0.5
14747,0.5
14755,0.5
14756,0.5
14757,0.5
14759,0.5
14760,0.5
14765,0.5
14768,0.5
14769,0.5
14772,0.5
14775,0.5
14776,0.5
14779,0.5
14782,0.5
14787,0.5
14788,0.5
14789,0.5
14790,0.5
14791,0.5
14792,0.5
14795,0.5
14796,0.5
14797,0.5
14801,0.5
14804,0.5
14805,0.5
14806,0.5
14807,0.5
14808,0.5
14809,0.5
14811,0.5
14816,0.5
14821,0.5
14826,0.5
14827,0.5
14828,0.5
14829,0.5
14831,0.5
14837,0.5
14843,0.5
14844,0.5
14845,0.5
14846,0.5
14848,0.5
14849,0.5
14851,0.5
14855,0.5
14856,0.5
14857,0.5
14862,0.5
14868,0.5
14878,0.5
14879,0.5
14882,0.5
14884,0.5
14887,0.5
14892,0.5
14896,0.5
14901,0.5
14902,0.5
14906,0.5
14910,0.5
14912,0.5
14915,0.5
14922,0.5
14923,0.5
14928,0.5
14929,0.5
14932,0.5
14933,0.5
14935,0.5
14945,0.5
14947,0.5
14951,0.5
14956,0.5
14958,0.5
14959,0.5
14965,0.5
14969,0.5
14970,0.5
14973,0.5
14978,0.5
14996,0.5
14999,0.5
15006,0.5
15009,0.5
15011,0.5
15014,0.5
15019,0.5
15022,0.5
15023,0.5
15025,0.5
15027,0.5
15029,0.5
15031,0.5
15034,0.5
15038,0.5
15043,0.5
15059,0.5
15060,0.5
15061,0.5
15067,0.5
15070,0.5
15073,0.5
15078,0.5
15085,0.5
15086,0.5
15088,0.5
15093,0.5
15096,0.5
15098,0.5
15099,0.5
15104,0.5
15110,0.5
15111,0.5
15112,0.5
15113,0.5
15116,0.5
15117,0.5
15120,0.5
15121,0.5
15127,0.5
15129,0.5
15131,0.5
15134,0.5
15137,0.5
15138,0.5
15144,0.5
15148,0.5
15149,0.5
15151,0.5
15153,0.5
15155,0.5
15156,0.5
15158,0.5
15162,0.5
15164,0.5
15171,0.5
15172,0.5
15173,0.5
15175,0.5
15176,0.5
15177,0.5
15179,0.5
15187,0.5
15188,0.5
15192,0.5
15198,0.5
15203,0.5
15211,0.5
15222,0.5
15224,0.5
15225,0.5
15228,0.5
15231,0.5
15235,0.5
15238,0.5
15241,0.5
15248,0.5
15252,0.5
15254,0.5
15255,0.5
15261,0.5
15265,0.5
15271,0.5
15273,0.5
15277,0.5
15286,0.5
15294,0.5
15301,0.5
15303,0.5
15304,0.5
15308,0.5
15313,0.5
15315,0.5
15316,0.5
15318,0.5
15321,0.5
15323,0.5
15327,0.5
15329,0.5
15334,0.5
15335,0.5
15337,0.5
15339,0.5
15340,0.5
15344,0.5
15346,0.5
15364,0.5
15365,0.5
15370,0.5
15371,0.5
15380,0.5
15386,0.5
15389,0.5
15396,0.5
15397,0.5
15398,0.5
15400,0.5
15403,0.5
15405,0.5
15406,0.5
15408,0.5
15410,0.5
15411,0.5
15414,0.5
15415,0.5
15420,0.5
15421,0.5
15422,0.5
15425,0.5
15429,0.5
15430,0.5
15431,0.5
15433,0.5
15434,0.5
15439,0.5
15440,0.5
15442,0.5
15445,0.5
15452,0.5
15453,0.5
15459,0.5
15460,0.5
15463,0.5
15465,0.5
15467,0.5
15469,0.5
15472,0.5
15474,0.5
15480,0.5
15481,0.5
15483,0.5
15485,0.5
15487,0.5
15488,0.5
15490,0.5
15500,0.5
15502,0.5
15503,0.5
15507,0.5
15509,0.5
15511,0.5
15518,0.5
15525,0.5
15532,0.5
15535,0.5
15538,0.5
15546,0.5
15547,0.5
15548,0.5
15549,0.5
15558,0.5
15560,0.5
15562,0.5
15565,0.5
15568,0.5
15569,0.5
15570,0.5
15582,0.5
15583,0.5
15591,0.5
15597,0.5
15598,0.5
15603,0.5
15605,0.5
15609,0.5
15613,0.5
15624,0.5
15625,0.5
15628,0.5
15633,0.5
15637,0.5
15641,0.5
15643,0.5
15645,0.5
15654,0.5
15656,0.5
15659,0.5
15664,0.5
15665,0.5
15667,0.5
15669,0.5
15674,0.5
15675,0.5
15678,0.5
15679,0.5
15682,0.5
15684,0.5
15685,0.5
15691,0.5
15693,0.5
15695,0.5
15696,0.5
15700,0.5
15707,0.5
15710,0.5
15716,0.5
15718,0.5
15723,0.5
15727,0.5
15737,0.5
15743,0.5
15745,0.5
15747,0.5
15748,0.5
15750,0.5
15751,0.5
15752,0.5
15754,0.5
15755,0.5
15756,0.5
15760,0.5
15762,0.5
15763,0.5
15767,0.5
15772,0.5
15773,0.5
15774,0.5
15775,0.5
15777,0.5
15781,0.5
15785,0.5
15789,0.5
15790,0.5
15794,0.5
15801,0.5
15803,0.5
15807,0.5
15813,0.5
15817,0.5
15819,0.5
15821,0.5
15822,0.5
15825,0.5
15830,0.5
15832,0.5
15833,0.5
15839,0.5
15845,0.5
15848,0.5
15857,0.5
15862,0.5
15870,0.5
15874,0.5
15879,0.5
15881,0.5
15901,0.5
15903,0.5
15905,0.5
15907,0.5
15922,0.5
15923,0.5
15926,0.5
15927,0.5
15928,0.5
15938,0.5
15945,0.5
15947,0.5
15948,0.5
15951,0.5
15952,0.5
15953,0.5
15955,0.5
15957,0.5
15965,0.5
15967,0.5
15970,0.5
15972,0.5
15974,0.5
15982,0.5
15987,0.5
15989,0.5
15991,0.5
15994,0.5
15995,0.5
15998,0.5
16001,0.5
16003,0.5
16008,0.5
16013,0.5
16015,0.5
16023,0.5
16028,0.5
16030,0.5
16032,0.5
16033,0.5
16039,0.5
16040,0.5
16041,0.5
16042,0.5
16044,0.5
16045,0.5
16049,0.5
16051,0.5
16055,0.5
16057,0.5
16059,0.5
16063,0.5
16066,0.5
16067,0.5
16068,0.5
16070,0.5
16072,0.5
16090,0.5
16091,0.5
16092,0.5
16095,0.5
16098,0.5
16099,0.5
16100,0.5
16101,0.5
16105,0.5
16116,0.5
16125,0.5
16126,0.5
16127,0.5
16130,0.5
16132,0.5
16136,0.5
16141,0.5
16150,0.5
16151,0.5
16153,0.5
16154,0.5
16160,0.5
16162,0.5
16163,0.5
16171,0.5
16172,0.5
16176,0.5
16177,0.5
16181,0.5
16187,0.5
16193,0.5
16202,0.5
16206,0.5
16207,0.5
16208,0.5
16209,0.5
16217,0.5
16218,0.5
16219,0.5
16220,0.5
16223,0.5
16225,0.5
16227,0.5
16228,0.5
16233,0.5
16240,0.5
16254,0.5
16255,0.5
16256,0.5
16261,0.5
16262,0.5
16264,0.5
16265,0.5
16266,0.5
16270,0.5
16277,0.5
16278,0.5
16279,0.5
16281,0.5
16283,0.5
16284,0.5
16288,0.5
16289,0.5
16291,0.5
16292,0.5
16293,0.5
16295,0.5
16298,0.5
16300,0.5
16302,0.5
16304,0.5
16305,0.5
16310,0.5
16322,0.5
16323,0.5
16331,0.5
16333,0.5
16334,0.5
16342,0.5
16345,0.5
16351,0.5
16356,0.5
16357,0.5
16362,0.5
16365,0.5
16369,0.5
16370,0.5
16375,0.5
16377,0.5
16378,0.5
16383,0.5
16388,0.5
16396,0.5
16399,0.5
16404,0.5
16408,0.5
16409,0.5
16412,0.5
16414,0.5
16418,0.5
16419,0.5
16424,0.5
16426,0.5
16432,0.5
16434,0.5
16437,0.5
16439,0.5
16440,0.5
16444,0.5
16445,0.5
16450,0.5
16451,0.5
16453,0.5
16455,0.5
16459,0.5
16463,0.5
16464,0.5
16466,0.5
16474,0.5
16475,0.5
16476,0.5
16486,0.5
16487,0.5
16490,0.5
16491,0.5
16496,0.5
16499,0.5
16500,0.5
16503,0.5
16510,0.5
16511,0.5
16516,0.5
16517,0.5
16518,0.5
16523,0.5
16525,0.5
16533,0.5
16537,0.5
16541,0.5
16542,0.5
16543,0.5
16545,0.5
16547,0.5
16551,0.5
16552,0.5
16553,0.5
16557,0.5
16559,0.5
16560,0.5
16562,0.5
16564,0.5
16565,0.5
16577,0.5
16586,0.5
16588,0.5
16590,0.5
16593,0.5
16594,0.5
16596,0.5
16598,0.5
16599,0.5
16604,0.5
16605,0.5
16617,0.5
16620,0.5
16624,0.5
16628,0.5
16633,0.5
16634,0.5
16635,0.5
16637,0.5
16642,0.5
16648,0.5
16656,0.5
16659,0.5
16668,0.5
16674,0.5
16676,0.5
16678,0.5
16681,0.5
16687,0.5
16688,0.5
16696,0.5
16707,0.5
16709,0.5
16710,0.5
16718,0.5
16719,0.5
16727,0.5
16728,0.5
16731,0.5
16733,0.5
16735,0.5
16738,0.5
16748,0.5
16749,0.5
16750,0.5
16751,0.5
16752,0.5
16755,0.5
16758,0.5
16761,0.5
16765,0.5
16768,0.5
16775,0.5
16776,0.5
16782,0.5
16783,0.5
16784,0.5
16788,0.5
16789,0.5
16794,0.5
16798,0.5
16801,0.5
16802,0.5
16803,0.5
16806,0.5
16807,0.5
16808,0.5
16810,0.5
16811,0.5
16812,0.5
16815,0.5
16817,0.5
16822,0.5
16825,0.5
16828,0.5
16834,0.5
16836,0.5
16837,0.5
16838,0.5
16839,0.5
16844,0.5
16846,0.5
16851,0.5
16854,0.5
16856,0.5
16858,0.5
16859,0.5
16863,0.5
16865,0.5
16867,0.5
16871,0.5
16872,0.5
16873,0.5
16880,0.5
16883,0.5
16890,0.5
16899,0.5
16900,0.5
16903,0.5
16909,0.5
16917,0.5
16920,0.5
16921,0.5
16922,0.5
16926,0.5
16930,0.5
16934,0.5
16935,0.5
16938,0.5
16939,0.5
16940,0.5
16941,0.5
16942,0.5
16943,0.5
16945,0.5
16954,0.5
16957,0.5
16958,0.5
16960,0.5
16961,0.5
16962,0.5
16965,0.5
16966,0.5
16969,0.5
16970,0.5
16971,0.5
16973,0.5
16976,0.5
16978,0.5
16980,0.5
16981,0.5
16983,0.5
16984,0.5
16990,0.5
16991,0.5
16993,0.5
16997,0.5
16998,0.5
17002,0.5
17006,0.5
17010,0.5
17012,0.5
17014,0.5
17015,0.5
17016,0.5
17018,0.5
17022,0.5
17026,0.5
17027,0.5
17029,0.5
17030,0.5
17033,0.5
17039,0.5
17041,0.5
17048,0.5
17054,0.5
17055,0.5
17056,0.5
17058,0.5
17066,0.5
17069,0.5
17072,0.5
17076,0.5
17081,0.5
17085,0.5
17086,0.5
17088,0.5
17092,0.5
17100,0.5
17101,0.5
17106,0.5
17111,0.5
17113,0.5
17118,0.5
17120,0.5
17121,0.5
17124,0.5
17125,0.5
17126,0.5
17135,0.5
17136,0.5
17140,0.5
17143,0.5
17145,0.5
17147,0.5
17149,0.5
17150,0.5
17157,0.5
17161,0.5
17168,0.5
17169,0.5
17175,0.5
17178,0.5
17181,0.5
17188,0.5
17189,0.5
17191,0.5
17196,0.5
17198,0.5
17199,0.5
17207,0.5
17208,0.5
17211,0.5
17212,0.5
17222,0.5
17229,0.5
17230,0.5
17231,0.5
17236,0.5
17239,0.5
17240,0.5
17246,0.5
17249,0.5
17252,0.5
17262,0.5
17263,0.5
17266,0.5
17268,0.5
17274,0.5
17277,0.5
17278,0.5
17280,0.5
17281,0.5
17282,0.5
17285,0.5
17286,0.5
17287,0.5
17291,0.5
17294,0.5
17301,0.5
17306,0.5
17309,0.5
17310,0.5
17321,0.5
17326,0.5
17327,0.5
17343,0.5
17346,0.5
17359,0.5
17361,0.5
17365,0.5
17368,0.5
17370,0.5
17371,0.5
17378,0.5
17379,0.5
17382,0.5
17383,0.5
17384,0.5
17387,0.5
17395,0.5
17400,0.5
17402,0.5
17404,0.5
17408,0.5
17409,0.5
17410,0.5
17414,0.5
17416,0.5
17417,0.5
17418,0.5
17420,0.5
17424,0.5
17436,0.5
17437,0.5
17438,0.5
17439,0.5
17441,0.5
17442,0.5
17444,0.5
17446,0.5
17452,0.5
17453,0.5
17455,0.5
17467,0.5
17475,0.5
17479,0.5
17480,0.5
17482,0.5
17487,0.5
17494,0.5
17495,0.5
17498,0.5
17499,0.5
17501,0.5
17504,0.5
17507,0.5
17509,0.5
17513,0.5
17516,0.5
17518,0.5
17522,0.5
17523,0.5
17524,0.5
17525,0.5
17527,0.5
17528,0.5
17529,0.5
17530,0.5
17534,0.5
17535,0.5
17536,0.5
17539,0.5
17543,0.5
17545,0.5
17546,0.5
17548,0.5
17550,0.5
17555,0.5
17560,0.5
17564,0.5
17566,0.5
17567,0.5
17570,0.5
17574,0.5
17575,0.5
17580,0.5
17583,0.5
17584,0.5
17585,0.5
17595,0.5
17597,0.5
17598,0.5
17599,0.5
17601,0.5
17603,0.5
17608,0.5
17609,0.5
17612,0.5
17613,0.5
17615,0.5
17617,0.5
17618,0.5
17620,0.5
17623,0.5
17626,0.5
17628,0.5
17630,0.5
17631,0.5
17646,0.5
17652,0.5
17653,0.5
17657,0.5
17661,0.5
17662,0.5
17667,0.5
17671,0.5
17674,0.5
17679,0.5
17682,0.5
17685,0.5
17688,0.5
17689,0.5
17690,0.5
17692,0.5
17697,0.5
17702,0.5
17713,0.5
17719,0.5
17720,0.5
17721,0.5
17722,0.5
17728,0.5
17729,0.5
17730,0.5
17733,0.5
17734,0.5
17736,0.5
17737,0.5
17738,0.5
17741,0.5
17743,0.5
17745,0.5
17746,0.5
17756,0.5
17757,0.5
17760,0.5
17762,0.5
17763,0.5
17765,0.5
17778,0.5
17782,0.5
17789,0.5
17791,0.5
17792,0.5
17793,0.5
17796,0.5
17806,0.5
17807,0.5
17815,0.5
17817,0.5
17818,0.5
17832,0.5
17837,0.5
17840,0.5
17842,0.5
17848,0.5
17853,0.5
17855,0.5
17858,0.5
17862,0.5
17864,0.5
17867,0.5
17868,0.5
17871,0.5
17876,0.5
17883,0.5
17886,0.5
17887,0.5
17888,0.5
17889,0.5
17890,0.5
17895,0.5
17896,0.5
17901,0.5
17904,0.5
17908,0.5
17909,0.5
17910,0.5
17915,0.5
17919,0.5
17921,0.5
17922,0.5
17924,0.5
17928,0.5
17929,0.5
17932,0.5
17933,0.5
17937,0.5
17938,0.5
17941,0.5
17944,0.5
17953,0.5
17957,0.5
17959,0.5
17961,0.5
17963,0.5
17965,0.5
17967,0.5
17972,0.5
17979,0.5
17980,0.5
17981,0.5
17987,0.5
17988,0.5
17999,0.5
18001,0.5
18004,0.5
18008,0.5
18009,0.5
18015,0.5
18018,0.5
18019,0.5
18025,0.5
18026,0.5
18027,0.5
18030,0.5
18033,0.5
18035,0.5
18037,0.5
18039,0.5
18044,0.5
18045,0.5
18055,0.5
18056,0.5
18061,0.5
18062,0.5
18063,0.5
18067,0.5
18069,0.5
18072,0.5
18079,0.5
18085,0.5
18086,0.5
18089,0.5
18091,0.5
18092,0.5
18094,0.5
18096,0.5
18098,0.5
18107,0.5
18110,0.5
18112,0.5
18114,0.5
18120,0.5
18121,0.5
18134,0.5
18135,0.5
18137,0.5
18139,0.5
18142,0.5
18143,0.5
18145,0.5
18149,0.5
18150,0.5
18152,0.5
18155,0.5
18157,0.5
18163,0.5
18164,0.5
18169,0.5
18179,0.5
18182,0.5
18186,0.5
18187,0.5
18188,0.5
18190,0.5
18191,0.5
18193,0.5
18194,0.5
18197,0.5
18200,0.5
18201,0.5
18203,0.5
18205,0.5
18206,0.5
18207,0.5
18210,0.5
18212,0.5
18213,0.5
18214,0.5
18217,0.5
18227,0.5
18230,0.5
18231,0.5
18232,0.5
18237,0.5
18238,0.5
18239,0.5
18243,0.5
18254,0.5
18260,0.5
18262,0.5
18264,0.5
18265,0.5
18270,0.5
18278,0.5
18281,0.5
18284,0.5
18289,0.5
18309,0.5
18310,0.5
18320,0.5
18321,0.5
18323,0.5
18324,0.5
18325,0.5
18331,0.5
18332,0.5
18340,0.5
18342,0.5
18345,0.5
18347,0.5
18350,0.5
18353,0.5
18359,0.5
18364,0.5
18367,0.5
18368,0.5
18376,0.5
18379,0.5
18380,0.5
18390,0.5
18391,0.5
18393,0.5
18394,0.5
18396,0.5
18398,0.5
18400,0.5
18406,0.5
18408,0.5
18414,0.5
18419,0.5
18422,0.5
18423,0.5
18427,0.5
18428,0.5
18432,0.5
18434,0.5
18436,0.5
18439,0.5
18452,0.5
18454,0.5
18456,0.5
18457,0.5
18459,0.5
18460,0.5
18463,0.5
18466,0.5
18472,0.5
18477,0.5
18484,0.5
18485,0.5
18488,0.5
18492,0.5
18493,0.5
18497,0.5
18500,0.5
18506,0.5
18510,0.5
18517,0.5
18518,0.5
18522,0.5
18525,0.5
18527,0.5
18542,0.5
18543,0.5
18545,0.5
18549,0.5
18550,0.5
18552,0.5
18555,0.5
18560,0.5
18561,0.5
18562,0.5
18563,0.5
18567,0.5
18568,0.5
18570,0.5
18575,0.5
18578,0.5
18579,0.5
18580,0.5
18593,0.5
18602,0.5
18603,0.5
18604,0.5
18605,0.5
18608,0.5
18610,0.5
18620,0.5
18629,0.5
18633,0.5
18638,0.5
18639,0.5
18640,0.5
18641,0.5
18642,0.5
18656,0.5
18667,0.5
18670,0.5
18680,0.5
18681,0.5
18682,0.5
18683,0.5
18684,0.5
18688,0.5
18691,0.5
18697,0.5
18699,0.5
18707,0.5
18715,0.5
18718,0.5
18732,0.5
18734,0.5
18735,0.5
18738,0.5
18745,0.5
18746,0.5
18752,0.5
18753,0.5
18757,0.5
18766,0.5
18769,0.5
18775,0.5
18779,0.5
18786,0.5
18791,0.5
18797,0.5
18798,0.5
18799,0.5
18804,0.5
18812,0.5
18818,0.5
18822,0.5
18826,0.5
18827,0.5
18828,0.5
18835,0.5
18837,0.5
18840,0.5
18844,0.5
18847,0.5
18850,0.5
18853,0.5
18859,0.5
18864,0.5
18867,0.5
18868,0.5
18870,0.5
18879,0.5
18881,0.5
18883,0.5
18885,0.5
18887,0.5
18888,0.5
18889,0.5
18893,0.5
18894,0.5
18897,0.5
18905,0.5
18907,0.5
18910,0.5
18918,0.5
18920,0.5
18926,0.5
18928,0.5
18929,0.5
18936,0.5
18949,0.5
18951,0.5
18953,0.5
18961,0.5
18962,0.5
18963,0.5
18964,0.5
18965,0.5
18971,0.5
18972,0.5
18979,0.5
18980,0.5
18984,0.5
18987,0.5
18993,0.5
18996,0.5
18998,0.5
19005,0.5
19010,0.5
19013,0.5
19016,0.5
19017,0.5
19018,0.5
19019,0.5
19024,0.5
19025,0.5
19030,0.5
19032,0.5
19035,0.5
19036,0.5
19048,0.5
19053,0.5
19063,0.5
19069,0.5
19070,0.5
19071,0.5
19075,0.5
19081,0.5
19082,0.5
19083,0.5
19084,0.5
19087,0.5
19095,0.5
19098,0.5
19100,0.5
19104,0.5
19107,0.5
19111,0.5
19116,0.5
19120,0.5
19122,0.5
19126,0.5
19129,0.5
19135,0.5
19145,0.5
19158,0.5
19159,0.5
19160,0.5
19162,0.5
19163,0.5
19164,0.5
19166,0.5
19168,0.5
19170,0.5
19175,0.5
19181,0.5
19182,0.5
19183,0.5
19190,0.5
19201,0.5
19205,0.5
19206,0.5
19207,0.5
19208,0.5
19210,0.5
19217,0.5
19218,0.5
19219,0.5
19221,0.5
19223,0.5
19224,0.5
19226,0.5
19228,0.5
19229,0.5
19234,0.5
19239,0.5
19247,0.5
19248,0.5
19255,0.5
19257,0.5
19258,0.5
19260,0.5
19261,0.5
19263,0.5
19264,0.5
19269,0.5
19270,0.5
19271,0.5
19276,0.5
19282,0.5
19283,0.5
19287,0.5
19288,0.5
19290,0.5
19292,0.5
19296,0.5
19300,0.5
19306,0.5
19308,0.5
19316,0.5
19318,0.5
19320,0.5
19327,0.5
19335,0.5
19339,0.5
19340,0.5
19341,0.5
19347,0.5
19353,0.5
19358,0.5
19365,0.5
19366,0.5
19368,0.5
19371,0.5
19373,0.5
19375,0.5
19378,0.5
19379,0.5
19383,0.5
19385,0.5
19386,0.5
19387,0.5
19391,0.5
19392,0.5
19393,0.5
19394,0.5
19398,0.5
19404,0.5
19405,0.5
19409,0.5
19410,0.5
19415,0.5
19417,0.5
19418,0.5
19421,0.5
19425,0.5
19426,0.5
19429,0.5
19431,0.5
19432,0.5
19433,0.5
19435,0.5
19442,0.5
19443,0.5
19444,0.5
19445,0.5
19446,0.5
19449,0.5
19450,0.5
19451,0.5
19453,0.5
19455,0.5
19462,0.5
19468,0.5
19469,0.5
19472,0.5
19473,0.5
19482,0.5
19484,0.5
19486,0.5
19494,0.5
19495,0.5
19505,0.5
19507,0.5
19512,0.5
19514,0.5
19524,0.5
19528,0.5
19529,0.5
19530,0.5
19531,0.5
19538,0.5
19540,0.5
19543,0.5
19544,0.5
19548,0.5
19550,0.5
19551,0.5
19557,0.5
19559,0.5
19569,0.5
19570,0.5
19571,0.5
19575,0.5
19580,0.5
19587,0.5
19589,0.5
19591,0.5
19595,0.5
19602,0.5
19607,0.5
19609,0.5
19617,0.5
19620,0.5
19621,0.5
19623,0.5
19626,0.5
19628,0.5
19629,0.5
19630,0.5
19631,0.5
19642,0.5
19644,0.5
19648,0.5
19652,0.5
19656,0.5
19662,0.5
19665,0.5
19669,0.5
19679,0.5
19683,0.5
19688,0.5
19690,0.5
19694,0.5
19697,0.5
19698,0.5
19700,0.5
19704,0.5
19708,0.5
19712,0.5
19715,0.5
19716,0.5
19719,0.5
19726,0.5
19731,0.5
19734,0.5
19735,0.5
19736,0.5
19737,0.5
19741,0.5
19745,0.5
19749,0.5
19753,0.5
19755,0.5
19756,0.5
19761,0.5
19764,0.5
19767,0.5
19772,0.5
19773,0.5
19776,0.5
19778,0.5
19789,0.5
19790,0.5
19794,0.5
19800,0.5
19803,0.5
19804,0.5
19811,0.5
19812,0.5
19819,0.5
19823,0.5
19828,0.5
19832,0.5
19833,0.5
19839,0.5
19841,0.5
19843,0.5
19844,0.5
19845,0.5
19847,0.5
19850,0.5
19851,0.5
19858,0.5
19859,0.5
19862,0.5
19867,0.5
19868,0.5
19872,0.5
19876,0.5
19880,0.5
19881,0.5
19882,0.5
19883,0.5
19885,0.5
19887,0.5
19903,0.5
19905,0.5
19915,0.5
19919,0.5
19920,0.5
19922,0.5
19923,0.5
19933,0.5
19935,0.5
19936,0.5
19941,0.5
19945,0.5
19950,0.5
19957,0.5
19959,0.5
19960,0.5
19963,0.5
19967,0.5
19973,0.5
19976,0.5
19978,0.5
19982,0.5
19984,0.5
19987,0.5
19990,0.5
19996,0.5
20003,0.5
20004,0.5
20005,0.5
20009,0.5
20019,0.5
20026,0.5
20027,0.5
20028,0.5
20030,0.5
20036,0.5
20038,0.5
20041,0.5
20046,0.5
20050,0.5
20053,0.5
20056,0.5
20059,0.5
20061,0.5
20066,0.5
20068,0.5
20069,0.5
20070,0.5
20073,0.5
20074,0.5
20077,0.5
20079,0.5
20081,0.5
20086,0.5
20089,0.5
20092,0.5
20093,0.5
20094,0.5
20096,0.5
20098,0.5
20100,0.5
20101,0.5
20102,0.5
20104,0.5
20106,0.5
20111,0.5
20115,0.5
20120,0.5
20126,0.5
20127,0.5
20130,0.5
20131,0.5
20132,0.5
20133,0.5
20134,0.5
20135,0.5
20137,0.5
20139,0.5
20140,0.5
20147,0.5
20150,0.5
20155,0.5
20157,0.5
20160,0.5
20161,0.5
20164,0.5
20165,0.5
20167,0.5
20169,0.5
20172,0.5
20177,0.5
20178,0.5
20179,0.5
20188,0.5
20191,0.5
20192,0.5
20197,0.5
20203,0.5
20206,0.5
20213,0.5
20218,0.5
20222,0.5
20224,0.5
20225,0.5
20226,0.5
20227,0.5
20231,0.5
20237,0.5
20238,0.5
20241,0.5
20243,0.5
20245,0.5
20247,0.5
20249,0.5
20251,0.5
20252,0.5
20256,0.5
20258,0.5
20266,0.5
20269,0.5
20270,0.5
20271,0.5
20272,0.5
20279,0.5
20283,0.5
20284,0.5
20288,0.5
20290,0.5
20291,0.5
20293,0.5
20295,0.5
20299,0.5
20300,0.5
20302,0.5
20304,0.5
20311,0.5
20322,0.5
20325,0.5
20326,0.5
20328,0.5
20330,0.5
20331,0.5
20339,0.5
20343,0.5
20357,0.5
20359,0.5
20360,0.5
20361,0.5
20365,0.5
20368,0.5
20372,0.5
20374,0.5
20378,0.5
20379,0.5
20380,0.5
20381,0.5
20385,0.5
20388,0.5
20400,0.5
20402,0.5
20404,0.5
20407,0.5
20416,0.5
20417,0.5
20419,0.5
20421,0.5
20426,0.5
20428,0.5
20431,0.5
20433,0.5
20436,0.5
20442,0.5
20444,0.5
20445,0.5
20446,0.5
20458,0.5
20460,0.5
20464,0.5
20473,0.5
20477,0.5
20478,0.5
20482,0.5
20483,0.5
20484,0.5
20491,0.5
20497,0.5
20499,0.5
20500,0.5
20506,0.5
20510,0.5
20519,0.5
20523,0.5
20525,0.5
20529,0.5
20530,0.5
20535,0.5
20538,0.5
20539,0.5
20542,0.5
20543,0.5
20546,0.5
20552,0.5
20553,0.5
20557,0.5
20562,0.5
20564,0.5
20573,0.5
20577,0.5
20583,0.5
20586,0.5
20587,0.5
20588,0.5
20589,0.5
20591,0.5
20594,0.5
20598,0.5
20600,0.5
20609,0.5
20614,0.5
20616,0.5
20619,0.5
20624,0.5
20625,0.5
20629,0.5
20640,0.5
20642,0.5
20648,0.5
20652,0.5
20653,0.5
20654,0.5
20655,0.5
20660,0.5
20669,0.5
20670,0.5
20671,0.5
20673,0.5
20680,0.5
20682,0.5
20692,0.5
20697,0.5
20698,0.5
20699,0.5
20703,0.5
20707,0.5
20708,0.5
20709,0.5
20710,0.5
20714,0.5
20717,0.5
20718,0.5
20719,0.5
20722,0.5
20733,0.5
20735,0.5
20736,0.5
20738,0.5
20740,0.5
20741,0.5
20748,0.5
20751,0.5
20752,0.5
20753,0.5
20755,0.5
20759,0.5
20761,0.5
20775,0.5
20780,0.5
20781,0.5
20792,0.5
20794,0.5
20796,0.5
20797,0.5
20803,0.5
20805,0.5
20807,0.5
20809,0.5
20810,0.5
20813,0.5
20814,0.5
20816,0.5
20817,0.5
20819,0.5
20820,0.5
20825,0.5
20826,0.5
20827,0.5
20828,0.5
20839,0.5
20840,0.5
20842,0.5
20843,0.5
20845,0.5
20847,0.5
20848,0.5
20850,0.5
20858,0.5
20861,0.5
20862,0.5
20866,0.5
20867,0.5
20873,0.5
20877,0.5
20878,0.5
20880,0.5
20887,0.5
20897,0.5
20898,0.5
20900,0.5
20901,0.5
20902,0.5
20903,0.5
20904,0.5
20907,0.5
20908,0.5
20909,0.5
20913,0.5
20916,0.5
20917,0.5
20918,0.5
20919,0.5
20928,0.5
20940,0.5
20942,0.5
20947,0.5
20948,0.5
20952,0.5
20955,0.5
20957,0.5
20958,0.5
20961,0.5
20965,0.5
20966,0.5
20969,0.5
20972,0.5
20975,0.5
20985,0.5
20990,0.5
20993,0.5
20995,0.5
20996,0.5
21010,0.5
21012,0.5
21013,0.5
21014,0.5
21016,0.5
21022,0.5
21023,0.5
21024,0.5
21025,0.5
21026,0.5
21029,0.5
21032,0.5
21034,0.5
21035,0.5
21040,0.5
21043,0.5
21053,0.5
21057,0.5
21059,0.5
21060,0.5
21061,0.5
21062,0.5
21063,0.5
21065,0.5
21068,0.5
21070,0.5
21071,0.5
21074,0.5
21079,0.5
21081,0.5
21083,0.5
21086,0.5
21088,0.5
21092,0.5
21095,0.5
21099,0.5
21103,0.5
21106,0.5
21107,0.5
21112,0.5
21122,0.5
21124,0.5
21130,0.5
21134,0.5
21136,0.5
21137,0.5
21141,0.5
21145,0.5
21146,0.5
21147,0.5
21156,0.5
21157,0.5
21159,0.5
21160,0.5
21166,0.5
21167,0.5
21170,0.5
21174,0.5
21176,0.5
21178,0.5
21179,0.5
21183,0.5
21185,0.5
21190,0.5
21192,0.5
21194,0.5
21200,0.5
21209,0.5
21210,0.5
21214,0.5
21218,0.5
21220,0.5
21225,0.5
21230,0.5
21236,0.5
21238,0.5
21252,0.5
21254,0.5
21260,0.5
21263,0.5
21272,0.5
21282,0.5
21287,0.5
21288,0.5
21296,0.5
21300,0.5
21307,0.5
21309,0.5
21311,0.5
21315,0.5
21318,0.5
21322,0.5
21327,0.5
21334,0.5
21337,0.5
21341,0.5
21342,0.5
21352,0.5
21355,0.5
21358,0.5
21360,0.5
21362,0.5
21367,0.5
21368,0.5
21372,0.5
21380,0.5
21385,0.5
21387,0.5
21393,0.5
21398,0.5
21400,0.5
21403,0.5
21404,0.5
21406,0.5
21409,0.5
21411,0.5
21415,0.5
21418,0.5
21421,0.5
21422,0.5
21423,0.5
21427,0.5
21431,0.5
21433,0.5
21438,0.5
21439,0.5
21443,0.5
21445,0.5
21457,0.5
21460,0.5
21461,0.5
21462,0.5
21463,0.5
21465,0.5
21468,0.5
21471,0.5
21472,0.5
21474,0.5
21478,0.5
21486,0.5
21487,0.5
21492,0.5
21495,0.5
21497,0.5
21499,0.5
21504,0.5
21507,0.5
21509,0.5
21512,0.5
21513,0.5
21514,0.5
21521,0.5
21522,0.5
21524,0.5
21525,0.5
21529,0.5
21531,0.5
21533,0.5
21537,0.5
21539,0.5
21543,0.5
21544,0.5
21548,0.5
21551,0.5
21554,0.5
21556,0.5
21558,0.5
21559,0.5
21560,0.5
21567,0.5
21570,0.5
21571,0.5
21572,0.5
21574,0.5
21575,0.5
21576,0.5
21581,0.5
21587,0.5
21591,0.5
21593,0.5
21594,0.5
21595,0.5
21596,0.5
21599,0.5
21603,0.5
21604,0.5
21610,0.5
21612,0.5
21613,0.5
21614,0.5
21617,0.5
21619,0.5
21623,0.5
21624,0.5
21629,0.5
21632,0.5
21636,0.5
21637,0.5
21645,0.5
21646,0.5
21648,0.5
21652,0.5
21653,0.5
21656,0.5
21659,0.5
21660,0.5
21663,0.5
21667,0.5
21671,0.5
21676,0.5
21678,0.5
21679,0.5
21680,0.5
21683,0.5
21685,0.5
21687,0.5
21688,0.5
21691,0.5
21693,0.5
21700,0.5
21701,0.5
21702,0.5
21705,0.5
21706,0.5
21707,0.5
21712,0.5
21715,0.5
21716,0.5
21717,0.5
21720,0.5
21721,0.5
21722,0.5
21728,0.5
21729,0.5
21732,0.5
21737,0.5
21738,0.5
21739,0.5
21741,0.5
21746,0.5
21750,0.5
21752,0.5
21757,0.5
21758,0.5
21761,0.5
21762,0.5
21763,0.5
21764,0.5
21767,0.5
21770,0.5
21772,0.5
21773,0.5
21774,0.5
21775,0.5
21777,0.5
21783,0.5
21784,0.5
21787,0.5
21788,0.5
21793,0.5
21794,0.5
21808,0.5
21813,0.5
21818,0.5
21825,0.5
21830,0.5
21831,0.5
21833,0.5
21837,0.5
21841,0.5
21842,0.5
21843,0.5
21844,0.5
21845,0.5
21847,0.5
21852,0.5
21857,0.5
21858,0.5
21859,0.5
21862,0.5
21863,0.5
21874,0.5
21878,0.5
21880,0.5
21881,0.5
21890,0.5
21893,0.5
21897,0.5
21899,0.5
21900,0.5
21902,0.5
21903,0.5
21907,0.5
21912,0.5
21921,0.5
21923,0.5
21924,0.5
21927,0.5
21929,0.5
21930,0.5
21933,0.5
21935,0.5
21936,0.5
21938,0.5
21940,0.5
21941,0.5
21942,0.5
21947,0.5
21948,0.5
21952,0.5
21953,0.5
21956,0.5
21958,0.5
21964,0.5
21965,0.5
21966,0.5
21967,0.5
21971,0.5
21976,0.5
21977,0.5
21981,0.5
21982,0.5
21983,0.5
21985,0.5
21987,0.5
21989,0.5
21995,0.5
21997,0.5
22003,0.5
22004,0.5
22008,0.5
22013,0.5
22026,0.5
22028,0.5
22029,0.5
22036,0.5
22040,0.5
22041,0.5
22047,0.5
22048,0.5
22054,0.5
22055,0.5
22060,0.5
22061,0.5
22076,0.5
22077,0.5
22078,0.5
22080,0.5
22081,0.5
22084,0.5
22086,0.5
22087,0.5
22088,0.5
22092,0.5
22093,0.5
22095,0.5
22097,0.5
22102,0.5
22107,0.5
22113,0.5
22115,0.5
22118,0.5
22121,0.5
22123,0.5
22124,0.5
22127,0.5
22131,0.5
22132,0.5
22133,0.5
22139,0.5
22142,0.5
22147,0.5
22149,0.5
22150,0.5
22154,0.5
22155,0.5
22158,0.5
22160,0.5
22161,0.5
22171,0.5
22174,0.5
22175,0.5
22176,0.5
22178,0.5
22180,0.5
22181,0.5
22185,0.5
22188,0.5
22192,0.5
22193,0.5
22196,0.5
22201,0.5
22204,0.5
22211,0.5
22213,0.5
22216,0.5
22218,0.5
22221,0.5
22222,0.5
22225,0.5
22227,0.5
22229,0.5
22231,0.5
22232,0.5
22233,0.5
22234,0.5
22246,0.5
22247,0.5
22251,0.5
22252,0.5
22254,0.5
22255,0.5
22260,0.5
22267,0.5
22268,0.5
22269,0.5
22272,0.5
22277,0.5
22278,0.5
22280,0.5
22284,0.5
22289,0.5
22290,0.5
22291,0.5
22292,0.5
22293,0.5
22297,0.5
22300,0.5
22302,0.5
22305,0.5
22306,0.5
22310,0.5
22312,0.5
22313,0.5
22314,0.5
22321,0.5
22322,0.5
22324,0.5
22325,0.5
22331,0.5
22332,0.5
22334,0.5
22335,0.5
22340,0.5
22346,0.5
22350,0.5
22354,0.5
22357,0.5
22359,0.5
22361,0.5
22365,0.5
22366,0.5
22368,0.5
22375,0.5
22381,0.5
22386,0.5
22387,0.5
22392,0.5
22393,0.5
22399,0.5
22405,0.5
22406,0.5
22411,0.5
22415,0.5
22417,0.5
22420,0.5
22422,0.5
22425,0.5
22430,0.5
22433,0.5
22438,0.5
22439,0.5
22440,0.5
22450,0.5
22455,0.5
22457,0.5
22458,0.5
22463,0.5
22465,0.5
22468,0.5
22470,0.5
22472,0.5
22477,0.5
22480,0.5
22483,0.5
22492,0.5
22493,0.5
22494,0.5
22495,0.5
22496,0.5
22502,0.5
22510,0.5
22514,0.5
22518,0.5
22521,0.5
22522,0.5
22524,0.5
22526,0.5
22530,0.5
22531,0.5
22536,0.5
22537,0.5
22538,0.5
22539,0.5
22542,0.5
22551,0.5
22554,0.5
22558,0.5
22560,0.5
22565,0.5
22567,0.5
22571,0.5
22574,0.5
22579,0.5
22585,0.5
22588,0.5
22589,0.5
22590,0.5
22594,0.5
22597,0.5
22599,0.5
22601,0.5
22602,0.5
22606,0.5
22607,0.5
22609,0.5
22611,0.5
22634,0.5
22637,0.5
22639,0.5
22643,0.5
22644,0.5
22645,0.5
22646,0.5
22651,0.5
22656,0.5
22665,0.5
22667,0.5
22668,0.5
22675,0.5
22678,0.5
22683,0.5
22684,0.5
22685,0.5
22687,0.5
22693,0.5
22694,0.5
22705,0.5
22707,0.5
22711,0.5
22717,0.5
22718,0.5
22719,0.5
22724,0.5
22728,0.5
22730,0.5
22732,0.5
22734,0.5
22736,0.5
22738,0.5
22754,0.5
22767,0.5
22770,0.5
22777,0.5
22779,0.5
22785,0.5
22791,0.5
22792,0.5
22803,0.5
22806,0.5
22809,0.5
22811,0.5
22814,0.5
22815,0.5
22820,0.5
22821,0.5
22822,0.5
22826,0.5
22829,0.5
22832,0.5
22833,0.5
22838,0.5
22840,0.5
22844,0.5
22847,0.5
22848,0.5
22849,0.5
22850,0.5
22853,0.5
22855,0.5
22857,0.5
22860,0.5
22861,0.5
22862,0.5
22866,0.5
22869,0.5
22874,0.5
22875,0.5
22878,0.5
22879,0.5
22880,0.5
22883,0.5
22884,0.5
22887,0.5
22891,0.5
22900,0.5
22901,0.5
22906,0.5
22913,0.5
22915,0.5
22916,0.5
22918,0.5
22921,0.5
22924,0.5
22937,0.5
22939,0.5
22941,0.5
22944,0.5
22945,0.5
22952,0.5
22954,0.5
22956,0.5
22959,0.5
22962,0.5
22964,0.5
22966,0.5
22970,0.5
22981,0.5
22982,0.5
22983,0.5
22984,0.5
22987,0.5
22989,0.5
22990,0.5
22993,0.5
22994,0.5
22999,0.5
23001,0.5
23003,0.5
23007,0.5
23008,0.5
23011,0.5
23018,0.5
23019,0.5
23029,0.5
23031,0.5
23034,0.5
23037,0.5
23043,0.5
23045,0.5
23050,0.5
23051,0.5
23054,0.5
23055,0.5
23056,0.5
23059,0.5
23069,0.5
23070,0.5
23073,0.5
23075,0.5
23076,0.5
23088,0.5
23092,0.5
23095,0.5
23097,0.5
23100,0.5
23101,0.5
23102,0.5
23104,0.5
23106,0.5
23107,0.5
23108,0.5
23113,0.5
23116,0.5
23117,0.5
23121,0.5
23125,0.5
23127,0.5
23130,0.5
23135,0.5
23142,0.5
23144,0.5
23147,0.5
23148,0.5
23149,0.5
23150,0.5
23151,0.5
23154,0.5
23156,0.5
23161,0.5
23163,0.5
23165,0.5
23166,0.5
23168,0.5
23171,0.5
23172,0.5
23174,0.5
23177,0.5
23180,0.5
23181,0.5
23183,0.5
23184,0.5
23185,0.5
23186,0.5
23189,0.5
23198,0.5
23199,0.5
23210,0.5
23211,0.5
23217,0.5
23218,0.5
23221,0.5
23226,0.5
23245,0.5
23252,0.5
23255,0.5
23256,0.5
23267,0.5
23268,0.5
23274,0.5
23277,0.5
23278,0.5
23288,0.5
23296,0.5
23304,0.5
23310,0.5
23316,0.5
23319,0.5
23322,0.5
23327,0.5
23328,0.5
23329,0.5
23334,0.5
23335,0.5
23337,0.5
23339,0.5
23345,0.5
23351,0.5
23354,0.5
23357,0.5
23364,0.5
23370,0.5
23372,0.5
23376,0.5
23379,0.5
23384,0.5
23386,0.5
23402,0.5
23408,0.5
23414,0.5
23422,0.5
23425,0.5
23429,0.5
23433,0.5
23441,0.5
23449,0.5
23451,0.5
23452,0.5
23453,0.5
23455,0.5
23457,0.5
23460,0.5
23462,0.5
23464,0.5
23466,0.5
23471,0.5
23472,0.5
23478,0.5
23479,0.5
23481,0.5
23482,0.5
23486,0.5
23487,0.5
23493,0.5
23500,0.5
23501,0.5
23502,0.5
23510,0.5
23516,0.5
23517,0.5
23518,0.5
23520,0.5
23521,0.5
23523,0.5
23526,0.5
23527,0.5
23529,0.5
23530,0.5
23534,0.5
23537,0.5
23540,0.5
23547,0.5
23550,0.5
23557,0.5
23558,0.5
23559,0.5
23564,0.5
23572,0.5
23576,0.5
23578,0.5
23581,0.5
23582,0.5
23584,0.5
23585,0.5
23597,0.5
23601,0.5
23603,0.5
23605,0.5
23610,0.5
23613,0.5
23619,0.5
23622,0.5
23625,0.5
23629,0.5
23631,0.5
23632,0.5
23637,0.5
23639,0.5
23640,0.5
23644,0.5
23645,0.5
23646,0.5
23647,0.5
23649,0.5
23657,0.5
23662,0.5
23665,0.5
23666,0.5
23670,0.5
23673,0.5
23674,0.5
23687,0.5
23689,0.5
23695,0.5
23699,0.5
23701,0.5
23707,0.5
23708,0.5
23709,0.5
23712,0.5
23714,0.5
23717,0.5
23718,0.5
23720,0.5
23727,0.5
23728,0.5
23730,0.5
23731,0.5
23733,0.5
23737,0.5
23741,0.5
23745,0.5
23746,0.5
23749,0.5
23753,0.5
23757,0.5
23765,0.5
23769,0.5
23772,0.5
23778,0.5
23779,0.5
23785,0.5
23786,0.5
23788,0.5
23793,0.5
23794,0.5
23796,0.5
23800,0.5
23802,0.5
23804,0.5
23806,0.5
23814,0.5
23815,0.5
23817,0.5
23821,0.5
23833,0.5
23838,0.5
23840,0.5
23841,0.5
23843,0.5
23845,0.5
23847,0.5
23864,0.5
23867,0.5
23871,0.5
23877,0.5
23878,0.5
23881,0.5
23886,0.5
23889,0.5
23890,0.5
23891,0.5
23892,0.5
23896,0.5
23899,0.5
23901,0.5
23902,0.5
23903,0.5
23908,0.5
23912,0.5
23915,0.5
23918,0.5
23920,0.5
23923,0.5
23927,0.5
23930,0.5
23934,0.5
23939,0.5
23943,0.5
23949,0.5
23953,0.5
23954,0.5
23956,0.5
23958,0.5
23961,0.5
23965,0.5
23968,0.5
23969,0.5
23970,0.5
23971,0.5
23976,0.5
23982,0.5
23984,0.5
23986,0.5
23988,0.5
23995,0.5
23996,0.5
24000,0.5
24001,0.5
24002,0.5
24005,0.5
24006,0.5
24009,0.5
24012,0.5
24013,0.5
24016,0.5
24023,0.5
24024,0.5
24029,0.5
24031,0.5
24037,0.5
24040,0.5
24042,0.5
24050,0.5
24053,0.5
24054,0.5
24058,0.5
24066,0.5
24071,0.5
24075,0.5
24079,0.5
24081,0.5
24084,0.5
24085,0.5
24087,0.5
24092,0.5
24096,0.5
24097,0.5
24103,0.5
24104,0.5
24109,0.5
24111,0.5
24119,0.5
24121,0.5
24125,0.5
24136,0.5
24137,0.5
24138,0.5
24142,0.5
24144,0.5
24145,0.5
24146,0.5
24148,0.5
24149,0.5
24156,0.5
24164,0.5
24168,0.5
24169,0.5
24171,0.5
24172,0.5
24176,0.5
24177,0.5
24182,0.5
24183,0.5
24184,0.5
24187,0.5
24200,0.5
24202,0.5
24206,0.5
24209,0.5
24210,0.5
24219,0.5
24220,0.5
24221,0.5
24223,0.5
24226,0.5
24227,0.5
24228,0.5
24230,0.5
24235,0.5
24236,0.5
24237,0.5
24239,0.5
24241,0.5
24245,0.5
24249,0.5
24250,0.5
24253,0.5
24254,0.5
24259,0.5
24262,0.5
24267,0.5
24271,0.5
24272,0.5
24274,0.5
24276,0.5
24279,0.5
24284,0.5
24287,0.5
24289,0.5
24292,0.5
24293,0.5
24295,0.5
24299,0.5
24303,0.5
24304,0.5
24307,0.5
24309,0.5
24310,0.5
24311,0.5
24313,0.5
24319,0.5
24320,0.5
24331,0.5
24333,0.5
24334,0.5
24336,0.5
24337,0.5
24339,0.5
24340,0.5
24341,0.5
24342,0.5
24343,0.5
24344,0.5
24346,0.5
24350,0.5
24355,0.5
24359,0.5
24363,0.5
24367,0.5
24370,0.5
24371,0.5
24377,0.5
24379,0.5
24382,0.5
24385,0.5
24391,0.5
24397,0.5
24399,0.5
24400,0.5
24401,0.5
24402,0.5
24403,0.5
24405,0.5
24413,0.5
24414,0.5
24415,0.5
24425,0.5
24433,0.5
24434,0.5
24437,0.5
24442,0.5
24444,0.5
24446,0.5
24452,0.5
24453,0.5
24455,0.5
24456,0.5
24458,0.5
24460,0.5
24463,0.5
24464,0.5
24470,0.5
24474,0.5
24475,0.5
24479,0.5
24480,0.5
24483,0.5
24484,0.5
24486,0.5
24488,0.5
24489,0.5
24490,0.5
24505,0.5
24509,0.5
24510,0.5
24515,0.5
24518,0.5
24520,0.5
24526,0.5
24528,0.5
24531,0.5
24536,0.5
24538,0.5
24540,0.5
24542,0.5
24545,0.5
24554,0.5
24555,0.5
24561,0.5
24563,0.5
24565,0.5
24566,0.5
24567,0.5
24569,0.5
24570,0.5
24578,0.5
24581,0.5
24584,0.5
24585,0.5
24591,0.5
24596,0.5
24598,0.5
24599,0.5
24601,0.5
24604,0.5
24610,0.5
24611,0.5
24613,0.5
24616,0.5
24619,0.5
24621,0.5
24622,0.5
24628,0.5
24633,0.5
24634,0.5
24635,0.5
24636,0.5
24639,0.5
24647,0.5
24652,0.5
24653,0.5
24661,0.5
24663,0.5
24664,0.5
24668,0.5
24669,0.5
24671,0.5
24673,0.5
24679,0.5
24681,0.5
24684,0.5
24686,0.5
24687,0.5
24688,0.5
24690,0.5
24697,0.5
24698,0.5
24707,0.5
24708,0.5
24709,0.5
24710,0.5
24713,0.5
24715,0.5
24716,0.5
24725,0.5
24726,0.5
24728,0.5
24729,0.5
24730,0.5
24732,0.5
24735,0.5
24739,0.5
24740,0.5
24744,0.5
24747,0.5
24748,0.5
24750,0.5
24754,0.5
24756,0.5
24759,0.5
24762,0.5
24763,0.5
24767,0.5
24769,0.5
24770,0.5
24772,0.5
24773,0.5
24778,0.5
24786,0.5
24787,0.5
24790,0.5
24795,0.5
24797,0.5
24798,0.5
24805,0.5
24806,0.5
24807,0.5
24810,0.5
24811,0.5
24812,0.5
24816,0.5
24819,0.5
24820,0.5
24821,0.5
24823,0.5
24824,0.5
24826,0.5
24829,0.5
24830,0.5
24831,0.5
24833,0.5
24846,0.5
24848,0.5
24849,0.5
24852,0.5
24858,0.5
24859,0.5
24870,0.5
24872,0.5
24874,0.5
24880,0.5
24883,0.5
24884,0.5
24890,0.5
24891,0.5
24900,0.5
24904,0.5
24908,0.5
24911,0.5
24914,0.5
24915,0.5
24918,0.5
24926,0.5
24932,0.5
24935,0.5
24938,0.5
24941,0.5
24945,0.5
24966,0.5
24967,0.5
24971,0.5
24976,0.5
24983,0.5
24984,0.5
24988,0.5
24992,0.5
25000,0.5
25005,0.5
25011,0.5
25013,0.5
25014,0.5
25018,0.5
25020,0.5
25023,0.5
25026,0.5
25027,0.5
25028,0.5
25030,0.5
25032,0.5
25034,0.5
25037,0.5
25046,0.5
25050,0.5
25051,0.5
25064,0.5
25067,0.5
25070,0.5
25075,0.5
25093,0.5
25094,0.5
25101,0.5
25104,0.5
25106,0.5
25112,0.5
25122,0.5
25127,0.5
25138,0.5
25140,0.5
25142,0.5
25143,0.5
25145,0.5
25146,0.5
25149,0.5
25150,0.5
25154,0.5
25155,0.5
25171,0.5
25172,0.5
25177,0.5
25178,0.5
25181,0.5
25183,0.5
25186,0.5
25188,0.5
25194,0.5
25204,0.5
25210,0.5
25211,0.5
25214,0.5
25218,0.5
25220,0.5
25221,0.5
25224,0.5
25226,0.5
25227,0.5
25231,0.5
25234,0.5
25243,0.5
25246,0.5
25248,0.5
25250,0.5
25255,0.5
25256,0.5
25262,0.5
25264,0.5
25272,0.5
25276,0.5
25278,0.5
25279,0.5
25283,0.5
25290,0.5
25293,0.5
25297,0.5
25300,0.5
25306,0.5
25307,0.5
25310,0.5
25314,0.5
25319,0.5
25320,0.5
25323,0.5
25325,0.5
25328,0.5
25331,0.5
25337,0.5
25340,0.5
25342,0.5
25350,0.5
25355,0.5
25356,0.5
25358,0.5
25363,0.5
25364,0.5
25365,0.5
25367,0.5
25370,0.5
25376,0.5
25378,0.5
25379,0.5
25382,0.5
25383,0.5
25384,0.5
25386,0.5
25389,0.5
25392,0.5
25395,0.5
25401,0.5
25405,0.5
25410,0.5
25411,0.5
25412,0.5
25416,0.5
25420,0.5
25423,0.5
25424,0.5
25426,0.5
25429,0.5
25435,0.5
25437,0.5
25438,0.5
25439,0.5
25441,0.5
25444,0.5
25445,0.5
25453,0.5
25457,0.5
25461,0.5
25463,0.5
25466,0.5
25467,0.5
25470,0.5
25471,0.5
25472,0.5
25475,0.5
25477,0.5
25486,0.5
25487,0.5
25488,0.5
25489,0.5
25491,0.5
25498,0.5
25504,0.5
25505,0.5
25507,0.5
25512,0.5
25516,0.5
25518,0.5
25520,0.5
25521,0.5
25522,0.5
25524,0.5
25525,0.5
25529,0.5
25532,0.5
25537,0.5
25544,0.5
25546,0.5
25547,0.5
25548,0.5
25549,0.5
25557,0.5
25558,0.5
25559,0.5
25563,0.5
25567,0.5
25568,0.5
25573,0.5
25575,0.5
25580,0.5
25581,0.5
25583,0.5
25584,0.5
25588,0.5
25589,0.5
25593,0.5
25595,0.5
25598,0.5
25600,0.5
25608,0.5
25612,0.5
25615,0.5
25616,0.5
25617,0.5
25622,0.5
25626,0.5
25628,0.5
25638,0.5
25645,0.5
25648,0.5
25651,0.5
25665,0.5
25666,0.5
25669,0.5
25674,0.5
25676,0.5
25689,0.5
25699,0.5
25700,0.5
25701,0.5
25702,0.5
25705,0.5
25707,0.5
25708,0.5
25711,0.5
25713,0.5
25721,0.5
25722,0.5
25729,0.5
25731,0.5
25735,0.5
25736,0.5
25737,0.5
25742,0.5
25743,0.5
25749,0.5
25754,0.5
25758,0.5
25760,0.5
25765,0.5
25769,0.5
25772,0.5
25773,0.5
25783,0.5
25788,0.5
25791,0.5
25797,0.5
25799,0.5
25802,0.5
25808,0.5
25810,0.5
25812,0.5
25813,0.5
25816,0.5
25818,0.5
25820,0.5
25822,0.5
25832,0.5
25833,0.5
25835,0.5
25836,0.5
25838,0.5
25839,0.5
25840,0.5
25841,0.5
25845,0.5
25847,0.5
25851,0.5
25853,0.5
25856,0.5
25864,0.5
25865,0.5
25866,0.5
25867,0.5
25874,0.5
25876,0.5
25880,0.5
25885,0.5
25887,0.5
25888,0.5
25889,0.5
25891,0.5
25895,0.5
25896,0.5
25897,0.5
25899,0.5
25904,0.5
25906,0.5
25911,0.5
25920,0.5
25921,0.5
25922,0.5
25932,0.5
25950,0.5
25953,0.5
25957,0.5
25961,0.5
25963,0.5
25964,0.5
25966,0.5
25970,0.5
25972,0.5
25975,0.5
25976,0.5
25979,0.5
25990,0.5
25996,0.5
26002,0.5
26006,0.5
26008,0.5
26009,0.5
26010,0.5
26012,0.5
26019,0.5
26023,0.5
26028,0.5
26029,0.5
26030,0.5
26032,0.5
26033,0.5
26034,0.5
26035,0.5
26038,0.5
26039,0.5
26041,0.5
26045,0.5
26046,0.5
26047,0.5
26049,0.5
26051,0.5
26054,0.5
26055,0.5
26056,0.5
26062,0.5
26063,0.5
26064,0.5
26066,0.5
26067,0.5
26074,0.5
26076,0.5
26077,0.5
26078,0.5
26079,0.5
26080,0.5
26083,0.5
26087,0.5
26101,0.5
26109,0.5
26110,0.5
26115,0.5
26118,0.5
26119,0.5
26122,0.5
26128,0.5
26132,0.5
26133,0.5
26139,0.5
26142,0.5
26143,0.5
26145,0.5
26146,0.5
26149,0.5
26151,0.5
26152,0.5
26157,0.5
26158,0.5
26160,0.5
26166,0.5
26167,0.5
26172,0.5
26174,0.5
26175,0.5
26178,0.5
26180,0.5
26182,0.5
26186,0.5
26188,0.5
26189,0.5
26192,0.5
26193,0.5
26196,0.5
26202,0.5
26205,0.5
26211,0.5
26219,0.5
26220,0.5
26227,0.5
26229,0.5
26234,0.5
26238,0.5
26241,0.5
26242,0.5
26250,0.5
26252,0.5
26254,0.5
26256,0.5
26258,0.5
26260,0.5
26267,0.5
26272,0.5
26277,0.5
26287,0.5
26288,0.5
26291,0.5
26294,0.5
26296,0.5
26300,0.5
26304,0.5
26305,0.5
26307,0.5
26308,0.5
26311,0.5
26313,0.5
26315,0.5
26317,0.5
26319,0.5
26321,0.5
26324,0.5
26325,0.5
26333,0.5
26340,0.5
26342,0.5
26344,0.5
26354,0.5
26355,0.5
26359,0.5
26361,0.5
26363,0.5
26365,0.5
26371,0.5
26374,0.5
26380,0.5
26384,0.5
26389,0.5
26392,0.5
26393,0.5
26395,0.5
26405,0.5
26410,0.5
26413,0.5
26417,0.5
26426,0.5
26430,0.5
26431,0.5
26432,0.5
26434,0.5
26435,0.5
26437,0.5
26438,0.5
26444,0.5
26447,0.5
26450,0.5
26455,0.5
26456,0.5
26461,0.5
26464,0.5
26465,0.5
26467,0.5
26469,0.5
26471,0.5
26473,0.5
26474,0.5
26478,0.5
26479,0.5
26482,0.5
26486,0.5
26490,0.5
26491,0.5
26494,0.5
26495,0.5
26498,0.5
26499,0.5
26500,0.5
26502,0.5
26503,0.5
26504,0.5
26505,0.5
26512,0.5
26515,0.5
26520,0.5
26525,0.5
26529,0.5
26531,0.5
26535,0.5
26536,0.5
26537,0.5
26548,0.5
26556,0.5
26557,0.5
26566,0.5
26573,0.5
26575,0.5
26579,0.5
26580,0.5
26585,0.5
26592,0.5
26594,0.5
26595,0.5
26598,0.5
26602,0.5
26604,0.5
26606,0.5
26607,0.5
26609,0.5
26610,0.5
26622,0.5
26625,0.5
26626,0.5
26627,0.5
26631,0.5
26632,0.5
26638,0.5
26639,0.5
26647,0.5
26649,0.5
26656,0.5
26661,0.5
26666,0.5
26674,0.5
26676,0.5
26678,0.5
26679,0.5
26681,0.5
26694,0.5
26700,0.5
26703,0.5
26707,0.5
26709,0.5
26711,0.5
26712,0.5
26718,0.5
26720,0.5
26724,0.5
26729,0.5
26730,0.5
26732,0.5
26734,0.5
26735,0.5
26742,0.5
26746,0.5
26753,0.5
26761,0.5
26762,0.5
26766,0.5
26768,0.5
26771,0.5
26773,0.5
26779,0.5
26781,0.5
26784,0.5
26785,0.5
26791,0.5
26792,0.5
26794,0.5
26795,0.5
26796,0.5
26800,0.5
26802,0.5
26804,0.5
26807,0.5
26811,0.5
26812,0.5
26816,0.5
26817,0.5
26819,0.5
26822,0.5
26824,0.5
26825,0.5
26829,0.5
26834,0.5
26839,0.5
26845,0.5
26847,0.5
26857,0.5
26867,0.5
26872,0.5
26875,0.5
26876,0.5
26877,0.5
26883,0.5
26890,0.5
26894,0.5
26899,0.5
26903,0.5
26904,0.5
26905,0.5
26907,0.5
26913,0.5
26915,0.5
26916,0.5
26923,0.5
26925,0.5
26928,0.5
26931,0.5
26936,0.5
26937,0.5
26940,0.5
26947,0.5
26948,0.5
26949,0.5
26954,0.5
26962,0.5
26963,0.5
26966,0.5
26968,0.5
26970,0.5
26971,0.5
26978,0.5
26979,0.5
26983,0.5
26986,0.5
26994,0.5
26997,0.5
26999,0.5
27001,0.5
27002,0.5
27003,0.5
27004,0.5
27005,0.5
27009,0.5
27011,0.5
27012,0.5
27015,0.5
27017,0.5
27028,0.5
27029,0.5
27034,0.5
27036,0.5
27037,0.5
27042,0.5
27045,0.5
27046,0.5
27048,0.5
27049,0.5
27051,0.5
27053,0.5
27055,0.5
27057,0.5
27060,0.5
27063,0.5
27064,0.5
27065,0.5
27067,0.5
27075,0.5
27080,0.5
27087,0.5
27096,0.5
27097,0.5
27100,0.5
27101,0.5
27109,0.5
27112,0.5
27119,0.5
27121,0.5
27122,0.5
27123,0.5
27124,0.5
27127,0.5
27128,0.5
27136,0.5
27146,0.5
27147,0.5
27148,0.5
27149,0.5
27154,0.5
27167,0.5
27172,0.5
27179,0.5
27181,0.5
27186,0.5
27188,0.5
27189,0.5
27196,0.5
27200,0.5
27202,0.5
27203,0.5
27206,0.5
27207,0.5
27208,0.5
27210,0.5
27212,0.5
27214,0.5
27220,0.5
27225,0.5
27228,0.5
27231,0.5
27235,0.5
27242,0.5
27244,0.5
27249,0.5
27254,0.5
27259,0.5
27262,0.5
27266,0.5
27270,0.5
27273,0.5
27280,0.5
27281,0.5
27283,0.5
27284,0.5
27285,0.5
27291,0.5
27294,0.5
27297,0.5
27304,0.5
27306,0.5
27311,0.5
27313,0.5
27316,0.5
27319,0.5
27321,0.5
27322,0.5
27324,0.5
27325,0.5
27332,0.5
27337,0.5
27340,0.5
27344,0.5
27345,0.5
27349,0.5
27350,0.5
27352,0.5
27356,0.5
27359,0.5
27361,0.5
27362,0.5
27364,0.5
27366,0.5
27367,0.5
27368,0.5
27371,0.5
27373,0.5
27375,0.5
27380,0.5
27387,0.5
27393,0.5
27396,0.5
27400,0.5
27401,0.5
27405,0.5
27406,0.5
27408,0.5
27410,0.5
27412,0.5
27420,0.5
27422,0.5
27425,0.5
27427,0.5
27429,0.5
27431,0.5
27433,0.5
27434,0.5
27437,0.5
27438,0.5
27439,0.5
27441,0.5
27442,0.5
27449,0.5
27450,0.5
27453,0.5
27460,0.5
27468,0.5
27473,0.5
27475,0.5
27477,0.5
27480,0.5
27481,0.5
27483,0.5
27488,0.5
27489,0.5
27493,0.5
27505,0.5
27508,0.5
27511,0.5
27523,0.5
27531,0.5
27533,0.5
27534,0.5
27535,0.5
27538,0.5
27539,0.5
27542,0.5
27545,0.5
27546,0.5
27547,0.5
27551,0.5
27552,0.5
27554,0.5
27556,0.5
27559,0.5
27563,0.5
27569,0.5
27571,0.5
27574,0.5
27577,0.5
27583,0.5
27588,0.5
27589,0.5
27598,0.5
27599,0.5
27601,0.5
27604,0.5
27607,0.5
27619,0.5
27625,0.5
27626,0.5
27631,0.5
27645,0.5
27646,0.5
27648,0.5
27649,0.5
27650,0.5
27653,0.5
27655,0.5
27657,0.5
27659,0.5
27665,0.5
27668,0.5
27671,0.5
27674,0.5
27676,0.5
27689,0.5
27691,0.5
27695,0.5
27697,0.5
27698,0.5
27707,0.5
27709,0.5
27710,0.5
27713,0.5
27714,0.5
27715,0.5
27720,0.5
27729,0.5
27735,0.5
27738,0.5
27743,0.5
27744,0.5
27747,0.5
27748,0.5
27749,0.5
27754,0.5
27757,0.5
27760,0.5
27762,0.5
27766,0.5
27769,0.5
27771,0.5
27773,0.5
27778,0.5
27781,0.5
27784,0.5
27787,0.5
27788,0.5
27803,0.5
27805,0.5
27808,0.5
27809,0.5
27816,0.5
27818,0.5
27820,0.5
27822,0.5
27825,0.5
27829,0.5
27830,0.5
27838,0.5
27840,0.5
27848,0.5
27852,0.5
27855,0.5
27856,0.5
27867,0.5
27869,0.5
27871,0.5
27875,0.5
27879,0.5
27881,0.5
27883,0.5
27884,0.5
27885,0.5
27894,0.5
27901,0.5
27904,0.5
27907,0.5
27908,0.5
27912,0.5
27913,0.5
27914,0.5
27919,0.5
27930,0.5
27936,0.5
27942,0.5
27945,0.5
27956,0.5
27958,0.5
27959,0.5
27960,0.5
27967,0.5
27975,0.5
27989,0.5
27993,0.5
28001,0.5
28005,0.5
28010,0.5
28013,0.5
28014,0.5
28016,0.5
28020,0.5
28025,0.5
28030,0.5
28032,0.5
28038,0.5
28040,0.5
28042,0.5
28044,0.5
28048,0.5
28052,0.5
28053,0.5
28054,0.5
28055,0.5
28056,0.5
28058,0.5
28060,0.5
28067,0.5
28075,0.5
28076,0.5
28077,0.5
28080,0.5
28088,0.5
28090,0.5
28092,0.5
28097,0.5
28098,0.5
28104,0.5
28107,0.5
28113,0.5
28126,0.5
28130,0.5
28138,0.5
28139,0.5
28140,0.5
28141,0.5
28142,0.5
28145,0.5
28146,0.5
28147,0.5
28165,0.5
28169,0.5
28172,0.5
28174,0.5
28178,0.5
28180,0.5
28186,0.5
28189,0.5
28190,0.5
28193,0.5
28196,0.5
28198,0.5
28199,0.5
28202,0.5
28208,0.5
28215,0.5
28220,0.5
28225,0.5
28226,0.5
28227,0.5
28236,0.5
28240,0.5
28242,0.5
28244,0.5
28245,0.5
28247,0.5
28257,0.5
28259,0.5
28262,0.5
28266,0.5
28267,0.5
28269,0.5
28270,0.5
28271,0.5
28273,0.5
28277,0.5
28279,0.5
28280,0.5
28284,0.5
28287,0.5
28289,0.5
28297,0.5
28300,0.5
28302,0.5
28303,0.5
28304,0.5
28305,0.5
28306,0.5
28307,0.5
28310,0.5
28313,0.5
28317,0.5
28318,0.5
28319,0.5
28320,0.5
28323,0.5
28325,0.5
28336,0.5
28339,0.5
28341,0.5
28342,0.5
28343,0.5
28344,0.5
28345,0.5
28346,0.5
28347,0.5
28348,0.5
28349,0.5
28350,0.5
28351,0.5
28352,0.5
28355,0.5
28361,0.5
28362,0.5
28363,0.5
28366,0.5
28369,0.5
28370,0.5
28371,0.5
28372,0.5
28378,0.5
28379,0.5
28382,0.5
28385,0.5
28391,0.5
28393,0.5
28399,0.5
28400,0.5
28403,0.5
28407,0.5
28408,0.5
28413,0.5
28416,0.5
28420,0.5
28422,0.5
28425,0.5
28426,0.5
28428,0.5
28429,0.5
28432,0.5
28434,0.5
28436,0.5
28439,0.5
28440,0.5
28443,0.5
28449,0.5
28451,0.5
28453,0.5
28456,0.5
28462,0.5
28467,0.5
28473,0.5
28474,0.5
28479,0.5
28486,0.5
28487,0.5
28492,0.5
28496,0.5
28498,0.5
28502,0.5
28505,0.5
28507,0.5
28511,0.5
28513,0.5
28516,0.5
28518,0.5
28519,0.5
28521,0.5
28526,0.5
28527,0.5
28532,0.5
28536,0.5
28544,0.5
28551,0.5
28555,0.5
28564,0.5
28565,0.5
28568,0.5
28570,0.5
28579,0.5
28582,0.5
28585,0.5
28591,0.5
28592,0.5
28597,0.5
28598,0.5
28599,0.5
28600,0.5
28601,0.5
28603,0.5
28607,0.5
28613,0.5
28614,0.5
28622,0.5
28623,0.5
28630,0.5
28641,0.5
28648,0.5
28649,0.5
28656,0.5
28657,0.5
28661,0.5
28664,0.5
28665,0.5
28669,0.5
28671,0.5
28672,0.5
28673,0.5
28677,0.5
28678,0.5
28688,0.5
28690,0.5
28691,0.5
28692,0.5
28694,0.5
28698,0.5
28699,0.5
28700,0.5
28706,0.5
28709,0.5
28713,0.5
28718,0.5
28722,0.5
28724,0.5
28725,0.5
28727,0.5
28731,0.5
28732,0.5
28737,0.5
28741,0.5
28747,0.5
28749,0.5
28752,0.5
28755,0.5
28758,0.5
28759,0.5
28761,0.5
28767,0.5
28773,0.5
28778,0.5
28780,0.5
28781,0.5
28782,0.5
28787,0.5
28795,0.5
28799,0.5
28803,0.5
28804,0.5
28809,0.5
28810,0.5
28813,0.5
28821,0.5
28824,0.5
28825,0.5
28827,0.5
28829,0.5
28831,0.5
28835,0.5
28839,0.5
28847,0.5
28854,0.5
28855,0.5
28856,0.5
28859,0.5
28863,0.5
28864,0.5
28867,0.5
28870,0.5
28871,0.5
28872,0.5
28874,0.5
28875,0.5
28878,0.5
28879,0.5
28882,0.5
28883,0.5
28886,0.5
28889,0.5
28896,0.5
28899,0.5
28909,0.5
28912,0.5
28919,0.5
28922,0.5
28923,0.5
28925,0.5
28937,0.5
28940,0.5
28941,0.5
28944,0.5
28948,0.5
28949,0.5
28966,0.5
28967,0.5
28968,0.5
28969,0.5
28973,0.5
28976,0.5
28979,0.5
28984,0.5
28989,0.5
28991,0.5
28994,0.5
28998,0.5
29000,0.5
29001,0.5
29006,0.5
29007,0.5
29012,0.5
29013,0.5
29020,0.5
29022,0.5
29033,0.5
29035,0.5
29037,0.5
29041,0.5
29046,0.5
29053,0.5
29058,0.5
29059,0.5
29061,0.5
29063,0.5
29065,0.5
29071,0.5
29073,0.5
29076,0.5
29078,0.5
29081,0.5
29082,0.5
29083,0.5
29089,0.5
29090,0.5
29105,0.5
29109,0.5
29113,0.5
29118,0.5
29122,0.5
29123,0.5
29124,0.5
29133,0.5
29138,0.5
29139,0.5
29140,0.5
29142,0.5
29148,0.5
29150,0.5
29152,0.5
29153,0.5
29156,0.5
29159,0.5
29162,0.5
29163,0.5
29169,0.5
29171,0.5
29173,0.5
29175,0.5
29178,0.5
29179,0.5
29186,0.5
29196,0.5
29203,0.5
29204,0.5
29209,0.5
29210,0.5
29211,0.5
29214,0.5
29215,0.5
29217,0.5
29219,0.5
29220,0.5
29226,0.5
29227,0.5
29230,0.5
29234,0.5
29237,0.5
29239,0.5
29242,0.5
29248,0.5
29249,0.5
29250,0.5
29251,0.5
29254,0.5
29256,0.5
29257,0.5
29259,0.5
29260,0.5
29270,0.5
29278,0.5
29281,0.5
29283,0.5
29288,0.5
29289,0.5
29292,0.5
29299,0.5
29301,0.5
29304,0.5
29305,0.5
29310,0.5
29313,0.5
29314,0.5
29315,0.5
29316,0.5
29317,0.5
29320,0.5
29326,0.5
29327,0.5
29333,0.5
29334,0.5
29336,0.5
29337,0.5
29338,0.5
29342,0.5
29347,0.5
29349,0.5
29350,0.5
29352,0.5
29356,0.5
29359,0.5
29361,0.5
29367,0.5
29369,0.5
29380,0.5
29383,0.5
29385,0.5
29387,0.5
29390,0.5
29398,0.5
29403,0.5
29405,0.5
29408,0.5
29409,0.5
29410,0.5
29412,0.5
29413,0.5
29418,0.5
29420,0.5
29424,0.5
29425,0.5
29427,0.5
29431,0.5
29432,0.5
29433,0.5
29435,0.5
29441,0.5
29443,0.5
29451,0.5
29452,0.5
29457,0.5
29462,0.5
29463,0.5
29465,0.5
29468,0.5
29469,0.5
29470,0.5
29476,0.5
29479,0.5
29484,0.5
29489,0.5
29493,0.5
29498,0.5
29503,0.5
29506,0.5
29507,0.5
29508,0.5
29510,0.5
29512,0.5
29513,0.5
29515,0.5
29516,0.5
29519,0.5
29520,0.5
29521,0.5
29522,0.5
29525,0.5
29530,0.5
29535,0.5
29537,0.5
29540,0.5
29544,0.5
29545,0.5
29551,0.5
29553,0.5
29557,0.5
29561,0.5
29564,0.5
29565,0.5
29570,0.5
29580,0.5
29582,0.5
29586,0.5
29588,0.5
29589,0.5
29590,0.5
29591,0.5
29592,0.5
29593,0.5
29599,0.5
29601,0.5
29602,0.5
29603,0.5
29604,0.5
29605,0.5
29606,0.5
29610,0.5
29614,0.5
29616,0.5
29621,0.5
29622,0.5
29631,0.5
29634,0.5
29642,0.5
29645,0.5
29650,0.5
29661,0.5
29662,0.5
29673,0.5
29674,0.5
29684,0.5
29689,0.5
29690,0.5
29697,0.5
29701,0.5
29704,0.5
29706,0.5
29708,0.5
29709,0.5
29710,0.5
29713,0.5
29715,0.5
29716,0.5
29719,0.5
29720,0.5
29721,0.5
29724,0.5
29726,0.5
29733,0.5
29738,0.5
29741,0.5
29746,0.5
29749,0.5
29750,0.5
29751,0.5
29754,0.5
29757,0.5
29758,0.5
29760,0.5
29765,0.5
29770,0.5
29771,0.5
29773,0.5
29776,0.5
29784,0.5
29789,0.5
29791,0.5
29794,0.5
29796,0.5
29799,0.5
29801,0.5
29804,0.5
29806,0.5
29807,0.5
29808,0.5
29811,0.5
29812,0.5
29813,0.5
29815,0.5
29816,0.5
29818,0.5
29822,0.5
29824,0.5
29826,0.5
29828,0.5
29830,0.5
29833,0.5
29834,0.5
29838,0.5
29850,0.5
29854,0.5
29856,0.5
29857,0.5
29860,0.5
29861,0.5
29863,0.5
29873,0.5
29883,0.5
29887,0.5
29892,0.5
29893,0.5
29894,0.5
29901,0.5
29902,0.5
29905,0.5
29910,0.5
29913,0.5
29914,0.5
29915,0.5
29917,0.5
29919,0.5
29920,0.5
29922,0.5
29923,0.5
29926,0.5
29937,0.5
29940,0.5
29942,0.5
29943,0.5
29944,0.5
29950,0.5
29952,0.5
29957,0.5
29960,0.5
29961,0.5
29983,0.5
29988,0.5
29989,0.5
29990,0.5
29997,0.5
29998,0.5
29999,0.5
30002,0.5
30003,0.5
30005,0.5
30007,0.5
30008,0.5
30013,0.5
30018,0.5
30024,0.5
30027,0.5
30030,0.5
30033,0.5
30038,0.5
30041,0.5
30047,0.5
30050,0.5
30056,0.5
30057,0.5
30060,0.5
30064,0.5
30065,0.5
30070,0.5
30071,0.5
30073,0.5
30074,0.5
30076,0.5
30079,0.5
30082,0.5
30085,0.5
30089,0.5
30090,0.5
30091,0.5
30093,0.5
30096,0.5
30098,0.5
30099,0.5
30101,0.5
30110,0.5
30112,0.5
30115,0.5
30122,0.5
30124,0.5
30126,0.5
30127,0.5
30130,0.5
30132,0.5
30134,0.5
30144,0.5
30149,0.5
30150,0.5
30151,0.5
30154,0.5
30155,0.5
30158,0.5
30166,0.5
30168,0.5
30170,0.5
30171,0.5
30176,0.5
30178,0.5
30189,0.5
30190,0.5
30192,0.5
30193,0.5
30195,0.5
30196,0.5
30197,0.5
30199,0.5
30202,0.5
30206,0.5
30209,0.5
30212,0.5
30213,0.5
30214,0.5
30216,0.5
30218,0.5
30220,0.5
30221,0.5
30227,0.5
30228,0.5
30234,0.5
30236,0.5
30246,0.5
30247,0.5
30251,0.5
30255,0.5
30258,0.5
30268,0.5
30274,0.5
30276,0.5
30277,0.5
30282,0.5
30295,0.5
30297,0.5
30298,0.5
30299,0.5
30301,0.5
30307,0.5
30309,0.5
30314,0.5
30320,0.5
30323,0.5
30324,0.5
30326,0.5
30327,0.5
30330,0.5
30331,0.5
30332,0.5
30334,0.5
30335,0.5
30338,0.5
30340,0.5
30346,0.5
30347,0.5
30355,0.5
30357,0.5
30362,0.5
30363,0.5
30368,0.5
30369,0.5
30371,0.5
30373,0.5
30375,0.5
30380,0.5
30384,0.5
30387,0.5
30388,0.5
30400,0.5
30411,0.5
30413,0.5
30415,0.5
30418,0.5
30419,0.5
30424,0.5
30428,0.5
30430,0.5
30431,0.5
30432,0.5
30439,0.5
30443,0.5
30451,0.5
30453,0.5
30455,0.5
30459,0.5
30460,0.5
30464,0.5
30466,0.5
30473,0.5
30474,0.5
30478,0.5
30482,0.5
30483,0.5
30484,0.5
30491,0.5
30492,0.5
30495,0.5
30497,0.5
30498,0.5
30499,0.5
30504,0.5
30509,0.5
30511,0.5
30521,0.5
30525,0.5
30535,0.5
30538,0.5
30541,0.5
30542,0.5
30543,0.5
30546,0.5
30553,0.5
30559,0.5
30562,0.5
30563,0.5
30565,0.5
30573,0.5
30574,0.5
30575,0.5
30576,0.5
30584,0.5
30585,0.5
30586,0.5
30596,0.5
30598,0.5
30599,0.5
30602,0.5
30603,0.5
30604,0.5
30610,0.5
30616,0.5
30621,0.5
30622,0.5
30625,0.5
30639,0.5
30643,0.5
30644,0.5
30645,0.5
30646,0.5
30651,0.5
30652,0.5
30656,0.5
30667,0.5
30670,0.5
30671,0.5
30678,0.5
30686,0.5
30688,0.5
30691,0.5
30695,0.5
30698,0.5
30700,0.5
30701,0.5
30704,0.5
30705,0.5
30707,0.5
30709,0.5
30718,0.5
30722,0.5
30723,0.5
30728,0.5
30733,0.5
30734,0.5
30738,0.5
30746,0.5
30750,0.5
30751,0.5
30757,0.5
30762,0.5
30764,0.5
30766,0.5
30767,0.5
30770,0.5
30781,0.5
30782,0.5
30783,0.5
30785,0.5
30787,0.5
30788,0.5
30795,0.5
30799,0.5
30800,0.5
30802,0.5
30804,0.5
30806,0.5
30812,0.5
30813,0.5
30816,0.5
30819,0.5
30823,0.5
30827,0.5
30833,0.5
30834,0.5
30835,0.5
30836,0.5
30838,0.5
30840,0.5
30844,0.5
30845,0.5
30848,0.5
30849,0.5
30851,0.5
30861,0.5
30864,0.5
30868,0.5
30873,0.5
30874,0.5
30878,0.5
30879,0.5
30881,0.5
30885,0.5
30887,0.5
30888,0.5
30889,0.5
30904,0.5
30911,0.5
30915,0.5
30917,0.5
30918,0.5
30919,0.5
30920,0.5
30923,0.5
30927,0.5
30929,0.5
30930,0.5
30935,0.5
30936,0.5
30941,0.5
30944,0.5
30953,0.5
30954,0.5
30958,0.5
30961,0.5
30962,0.5
30964,0.5
30972,0.5
30974,0.5
30975,0.5
30978,0.5
30980,0.5
30981,0.5
30983,0.5
30993,0.5
30997,0.5
30998,0.5
30999,0.5
31000,0.5
31001,0.5
31003,0.5
31009,0.5
31017,0.5
31018,0.5
31019,0.5
31021,0.5
31023,0.5
31025,0.5
31029,0.5
31031,0.5
31035,0.5
31040,0.5
31041,0.5
31042,0.5
31052,0.5
31054,0.5
31056,0.5
31058,0.5
31059,0.5
31063,0.5
31066,0.5
31072,0.5
31076,0.5
31080,0.5
31085,0.5
31089,0.5
31091,0.5
31093,0.5
31095,0.5
31097,0.5
31099,0.5
31107,0.5
31112,0.5
31130,0.5
31131,0.5
31133,0.5
31137,0.5
31138,0.5
31140,0.5
31143,0.5
31149,0.5
31150,0.5
31159,0.5
31163,0.5
31164,0.5
31167,0.5
31170,0.5
31180,0.5
31192,0.5
31193,0.5
31204,0.5
31207,0.5
31208,0.5
31210,0.5
31215,0.5
31216,0.5
31217,0.5
31219,0.5
31224,0.5
31227,0.5
31228,0.5
31234,0.5
31237,0.5
31241,0.5
31248,0.5
31261,0.5
31265,0.5
31266,0.5
31272,0.5
31275,0.5
31277,0.5
31278,0.5
31282,0.5
31286,0.5
31293,0.5
31295,0.5
31299,0.5
31301,0.5
31303,0.5
31305,0.5
31308,0.5
31311,0.5
31315,0.5
31318,0.5
31326,0.5
31327,0.5
31330,0.5
31336,0.5
31337,0.5
31339,0.5
31341,0.5
31349,0.5
31352,0.5
31359,0.5
31373,0.5
31375,0.5
31378,0.5
31380,0.5
31383,0.5
31388,0.5
31391,0.5
31397,0.5
31398,0.5
31405,0.5
31407,0.5
31409,0.5
31411,0.5
31412,0.5
31413,0.5
31414,0.5
31415,0.5
31416,0.5
31418,0.5
31419,0.5
31424,0.5
31426,0.5
31429,0.5
31430,0.5
31431,0.5
31433,0.5
31434,0.5
31435,0.5
31436,0.5
31441,0.5
31442,0.5
31447,0.5
31449,0.5
31450,0.5
31451,0.5
31453,0.5
31454,0.5
31456,0.5
31457,0.5
31461,0.5
31466,0.5
31469,0.5
31471,0.5
31472,0.5
31473,0.5
31474,0.5
31477,0.5
31479,0.5
31489,0.5
31492,0.5
31494,0.5
31496,0.5
31497,0.5
31499,0.5
31500,0.5
31503,0.5
31504,0.5
31505,0.5
31506,0.5
31511,0.5
31526,0.5
31531,0.5
31534,0.5
31537,0.5
31542,0.5
31546,0.5
31547,0.5
31549,0.5
31561,0.5
31562,0.5
31565,0.5
31571,0.5
31574,0.5
31577,0.5
31579,0.5
31584,0.5
31585,0.5
31586,0.5
31599,0.5
31607,0.5
31612,0.5
31616,0.5
31617,0.5
31618,0.5
31623,0.5
31624,0.5
31625,0.5
31626,0.5
31629,0.5
31641,0.5
31643,0.5
31650,0.5
31653,0.5
31654,0.5
31659,0.5
31662,0.5
31663,0.5
31673,0.5
31674,0.5
31675,0.5
31676,0.5
31678,0.5
31683,0.5
31685,0.5
31688,0.5
31691,0.5
31693,0.5
31694,0.5
31698,0.5
31705,0.5
31707,0.5
31708,0.5
31712,0.5
31715,0.5
31723,0.5
31726,0.5
31730,0.5
31735,0.5
31738,0.5
31742,0.5
31746,0.5
31747,0.5
31748,0.5
31753,0.5
31754,0.5
31757,0.5
31762,0.5
31764,0.5
31767,0.5
31773,0.5
31775,0.5
31778,0.5
31782,0.5
31783,0.5
31784,0.5
31789,0.5
31790,0.5
31791,0.5
31792,0.5
31796,0.5
31799,0.5
31802,0.5
31806,0.5
31809,0.5
31812,0.5
31813,0.5
31814,0.5
31817,0.5
31819,0.5
31821,0.5
31828,0.5
31831,0.5
31838,0.5
31839,0.5
31843,0.5
31847,0.5
31851,0.5
31853,0.5
31856,0.5
31858,0.5
31861,0.5
31865,0.5
31866,0.5
31869,0.5
31878,0.5
31879,0.5
31880,0.5
31881,0.5
31883,0.5
31887,0.5
31892,0.5
31893,0.5
31897,0.5
31898,0.5
31900,0.5
31902,0.5
31907,0.5
31914,0.5
31921,0.5
31924,0.5
31929,0.5
31932,0.5
31933,0.5
31935,0.5
31945,0.5
31948,0.5
31950,0.5
31957,0.5
31962,0.5
31963,0.5
31964,0.5
31966,0.5
31973,0.5
31978,0.5
31983,0.5
31991,0.5
31993,0.5
31995,0.5
32002,0.5
32003,0.5
32007,0.5
32008,0.5
32009,0.5
32016,0.5
32018,0.5
32019,0.5
32022,0.5
32027,0.5
32028,0.5
32029,0.5
32031,0.5
32034,0.5
32039,0.5
32048,0.5
32049,0.5
32061,0.5
32063,0.5
32065,0.5
32080,0.5
32084,0.5
32085,0.5
32089,0.5
32090,0.5
32091,0.5
32093,0.5
32099,0.5
32103,0.5
32110,0.5
32111,0.5
32115,0.5
32116,0.5
32117,0.5
32121,0.5
32126,0.5
32127,0.5
32128,0.5
32131,0.5
32134,0.5
32136,0.5
32141,0.5
32147,0.5
32148,0.5
32150,0.5
32151,0.5
32155,0.5
32156,0.5
32157,0.5
32158,0.5
32160,0.5
32163,0.5
32164,0.5
32175,0.5
32181,0.5
32183,0.5
32184,0.5
32186,0.5
32188,0.5
32193,0.5
32194,0.5
32196,0.5
32201,0.5
32203,0.5
32212,0.5
32220,0.5
32224,0.5
32229,0.5
32230,0.5
32235,0.5
32241,0.5
32242,0.5
32245,0.5
32246,0.5
32249,0.5
32250,0.5
32252,0.5
32256,0.5
32262,0.5
32270,0.5
32272,0.5
32275,0.5
32278,0.5
32281,0.5
32284,0.5
32287,0.5
32292,0.5
32300,0.5
32305,0.5
32307,0.5
32308,0.5
32309,0.5
32310,0.5
32311,0.5
32312,0.5
32313,0.5
32314,0.5
32318,0.5
32326,0.5
32333,0.5
32334,0.5
32340,0.5
32344,0.5
32347,0.5
32348,0.5
32351,0.5
32353,0.5
32354,0.5
32358,0.5
32359,0.5
32360,0.5
32361,0.5
32362,0.5
32367,0.5
32370,0.5
32371,0.5
32372,0.5
32374,0.5
32378,0.5
32383,0.5
32391,0.5
32395,0.5
32401,0.5
32408,0.5
32412,0.5
32415,0.5
32417,0.5
32418,0.5
32421,0.5
32423,0.5
32429,0.5
32431,0.5
32435,0.5
32436,0.5
32437,0.5
32438,0.5
32440,0.5
32443,0.5
32453,0.5
32458,0.5
32464,0.5
32470,0.5
32473,0.5
32481,0.5
32482,0.5
32483,0.5
32484,0.5
32490,0.5
32494,0.5
32495,0.5
32500,0.5
32501,0.5
32505,0.5
32507,0.5
32511,0.5
32512,0.5
32520,0.5
32521,0.5
32524,0.5
32529,0.5
32532,0.5
32533,0.5
32543,0.5
32548,0.5
32549,0.5
32551,0.5
32555,0.5
32556,0.5
32558,0.5
32559,0.5
32560,0.5
32561,0.5
32581,0.5
32583,0.5
32586,0.5
32587,0.5
32588,0.5
32590,0.5
32591,0.5
32592,0.5
32598,0.5
32602,0.5
32606,0.5
32611,0.5
32612,0.5
32613,0.5
32617,0.5
32618,0.5
32619,0.5
32622,0.5
32625,0.5
32632,0.5
32640,0.5
32641,0.5
32645,0.5
32648,0.5
32652,0.5
32653,0.5
32656,0.5
32658,0.5
32659,0.5
32667,0.5
32671,0.5
32676,0.5
32683,0.5
32689,0.5
32690,0.5
32691,0.5
32692,0.5
32693,0.5
32694,0.5
32696,0.5
32697,0.5
32701,0.5
32703,0.5
32704,0.5
32711,0.5
32712,0.5
32719,0.5
32730,0.5
32731,0.5
32733,0.5
32736,0.5
32738,0.5
32739,0.5
32742,0.5
32746,0.5
32747,0.5
32752,0.5
32757,0.5
32768,0.5
32770,0.5
32771,0.5
32773,0.5
32774,0.5
32775,0.5
32776,0.5
32778,0.5
32779,0.5
32788,0.5
32797,0.5
32802,0.5
32803,0.5
32813,0.5
32817,0.5
32821,0.5
32823,0.5
32825,0.5
32833,0.5
32836,0.5
32837,0.5
32839,0.5
32840,0.5
32841,0.5
32845,0.5
32846,0.5
32847,0.5
32848,0.5
32851,0.5
32852,0.5
32857,0.5
32859,0.5
32862,0.5
32871,0.5
32872,0.5
32873,0.5
32876,0.5
32877,0.5
32884,0.5
32885,0.5
32886,0.5
32887,0.5
32894,0.5
32895,0.5
32899,0.5
32914,0.5
32915,0.5
32918,0.5
32921,0.5
32922,0.5
32924,0.5
32948,0.5
32950,0.5
32951,0.5
32952,0.5
32953,0.5
32955,0.5
32956,0.5
32958,0.5
32965,0.5
32966,0.5
32967,0.5
32970,0.5
32971,0.5
32973,0.5
32978,0.5
32981,0.5
32985,0.5
32986,0.5
32987,0.5
32997,0.5
32999,0.5
33013,0.5
33020,0.5
33023,0.5
33037,0.5
33039,0.5
33040,0.5
33044,0.5
33046,0.5
33053,0.5
33054,0.5
33055,0.5
33059,0.5
33060,0.5
33067,0.5
33070,0.5
33073,0.5
33074,0.5
33077,0.5
33079,0.5
33083,0.5
33088,0.5
33089,0.5
33090,0.5
33092,0.5
33093,0.5
33095,0.5
33102,0.5
33108,0.5
33114,0.5
33118,0.5
33119,0.5
33121,0.5
33124,0.5
33125,0.5
33126,0.5
33128,0.5
33129,0.5
33130,0.5
33134,0.5
33136,0.5
33139,0.5
33142,0.5
33147,0.5
33150,0.5
33152,0.5
33153,0.5
33155,0.5
33158,0.5
33164,0.5
33166,0.5
33173,0.5
33177,0.5
33179,0.5
33185,0.5
33186,0.5
33198,0.5
33199,0.5
33201,0.5
33202,0.5
33204,0.5
33205,0.5
33208,0.5
33212,0.5
33213,0.5
33214,0.5
33215,0.5
33216,0.5
33218,0.5
33225,0.5
33226,0.5
33232,0.5
33235,0.5
33236,0.5
33242,0.5
33243,0.5
33256,0.5
33261,0.5
33265,0.5
33268,0.5
33272,0.5
33273,0.5
33276,0.5
33279,0.5
33289,0.5
33290,0.5
33293,0.5
33296,0.5
33300,0.5
33302,0.5
33310,0.5
33315,0.5
33320,0.5
33321,0.5
33322,0.5
33325,0.5
33327,0.5
33331,0.5
33334,0.5
33337,0.5
33339,0.5
33344,0.5
33346,0.5
33350,0.5
33355,0.5
33365,0.5
33367,0.5
33369,0.5
33371,0.5
33376,0.5
33377,0.5
33382,0.5
33385,0.5
33387,0.5
33389,0.5
33396,0.5
33413,0.5
33415,0.5
33417,0.5
33421,0.5
33427,0.5
33430,0.5
33434,0.5
33435,0.5
33436,0.5
33438,0.5
33439,0.5
33442,0.5
33449,0.5
33450,0.5
33451,0.5
33460,0.5
33463,0.5
33469,0.5
33470,0.5
33471,0.5
33477,0.5
33480,0.5
33481,0.5
33482,0.5
33483,0.5
33484,0.5
33485,0.5
33490,0.5
33492,0.5
33493,0.5
33504,0.5
33505,0.5
33506,0.5
33522,0.5
33523,0.5
33527,0.5
33529,0.5
33541,0.5
33542,0.5
33547,0.5
33550,0.5
33555,0.5
33556,0.5
33557,0.5
33558,0.5
33559,0.5
33563,0.5
33564,0.5
33569,0.5
33572,0.5
33577,0.5
33579,0.5
33581,0.5
33584,0.5
33585,0.5
33587,0.5
33591,0.5
33594,0.5
33595,0.5
33600,0.5
33604,0.5
33609,0.5
33610,0.5
33616,0.5
33617,0.5
33620,0.5
33623,0.5
33624,0.5
33625,0.5
33636,0.5
33638,0.5
33639,0.5
33644,0.5
33646,0.5
33648,0.5
33650,0.5
33656,0.5
33659,0.5
33661,0.5
33662,0.5
33665,0.5
33674,0.5
33677,0.5
33681,0.5
33684,0.5
33685,0.5
33686,0.5
33699,0.5
33702,0.5
33706,0.5
33718,0.5
33719,0.5
33721,0.5
33722,0.5
33724,0.5
33727,0.5
33728,0.5
33729,0.5
33731,0.5
33734,0.5
33737,0.5
33739,0.5
33744,0.5
33746,0.5
33749,0.5
33751,0.5
33754,0.5
33756,0.5
33760,0.5
33762,0.5
33766,0.5
33767,0.5
33768,0.5
33772,0.5
33775,0.5
33778,0.5
33782,0.5
33783,0.5
33786,0.5
33790,0.5
33791,0.5
33795,0.5
33800,0.5
33803,0.5
33807,0.5
33817,0.5
33825,0.5
33834,0.5
33838,0.5
33839,0.5
33843,0.5
33844,0.5
33851,0.5
33853,0.5
33855,0.5
33861,0.5
33863,0.5
33866,0.5
33867,0.5
33873,0.5
33875,0.5
33877,0.5
33878,0.5
33880,0.5
33882,0.5
33889,0.5
33890,0.5
33896,0.5
33901,0.5
33903,0.5
33911,0.5
33914,0.5
33923,0.5
33924,0.5
33927,0.5
33940,0.5
33944,0.5
33946,0.5
33947,0.5
33949,0.5
33958,0.5
33960,0.5
33961,0.5
33970,0.5
33971,0.5
33973,0.5
33978,0.5
33981,0.5
33991,0.5
34003,0.5
34006,0.5
34008,0.5
34015,0.5
34017,0.5
34018,0.5
34021,0.5
34027,0.5
34029,0.5
34031,0.5
34032,0.5
34033,0.5
34035,0.5
34036,0.5
34048,0.5
34049,0.5
34050,0.5
34054,0.5
34056,0.5
34065,0.5
34068,0.5
34070,0.5
34077,0.5
34083,0.5
34086,0.5
34087,0.5
34090,0.5
34091,0.5
34094,0.5
34095,0.5
34096,0.5
34100,0.5
34101,0.5
34102,0.5
34105,0.5
34106,0.5
34109,0.5
34111,0.5
34115,0.5
34116,0.5
34121,0.5
34123,0.5
34125,0.5
34131,0.5
34134,0.5
34140,0.5
34145,0.5
34148,0.5
34149,0.5
34154,0.5
34158,0.5
34159,0.5
34162,0.5
34165,0.5
34166,0.5
34167,0.5
34170,0.5
34173,0.5
34175,0.5
34178,0.5
34180,0.5
34183,0.5
34185,0.5
34187,0.5
34189,0.5
34190,0.5
34200,0.5
34203,0.5
34205,0.5
34206,0.5
34209,0.5
34217,0.5
34222,0.5
34231,0.5
34232,0.5
34234,0.5
34244,0.5
34246,0.5
34249,0.5
34252,0.5
34253,0.5
34259,0.5
34261,0.5
34270,0.5
34272,0.5
34273,0.5
34277,0.5
34278,0.5
34281,0.5
34282,0.5
34283,0.5
34284,0.5
34285,0.5
34288,0.5
34291,0.5
34294,0.5
34300,0.5
34311,0.5
34320,0.5
34323,0.5
34324,0.5
34326,0.5
34327,0.5
34328,0.5
34329,0.5
34331,0.5
34333,0.5
34334,0.5
34343,0.5
34344,0.5
34345,0.5
34347,0.5
34349,0.5
34351,0.5
34353,0.5
34361,0.5
34363,0.5
34364,0.5
34370,0.5
34376,0.5
34377,0.5
34378,0.5
34379,0.5
34383,0.5
34386,0.5
34389,0.5
34390,0.5
34391,0.5
34392,0.5
34393,0.5
34398,0.5
34405,0.5
34411,0.5
34419,0.5
34420,0.5
34421,0.5
34424,0.5
34429,0.5
34430,0.5
34436,0.5
34437,0.5
34440,0.5
34442,0.5
34444,0.5
34446,0.5
34448,0.5
34453,0.5
34458,0.5
34460,0.5
34462,0.5
34464,0.5
34465,0.5
34480,0.5
34482,0.5
34483,0.5
34485,0.5
34487,0.5
34491,0.5
34492,0.5
34494,0.5
34502,0.5
34503,0.5
34505,0.5
34506,0.5
34511,0.5
34512,0.5
34513,0.5
34516,0.5
34524,0.5
34530,0.5
34532,0.5
34535,0.5
34538,0.5
34542,0.5
34543,0.5
34544,0.5
34545,0.5
34546,0.5
34548,0.5
34553,0.5
34554,0.5
34556,0.5
34562,0.5
34567,0.5
34570,0.5
34571,0.5
34574,0.5
34577,0.5
34579,0.5
34590,0.5
34596,0.5
34597,0.5
34605,0.5
34614,0.5
34615,0.5
34616,0.5
34617,0.5
34618,0.5
34620,0.5
34621,0.5
34623,0.5
34627,0.5
34631,0.5
34632,0.5
34639,0.5
34640,0.5
34642,0.5
34648,0.5
34651,0.5
34652,0.5
34655,0.5
34659,0.5
34660,0.5
34661,0.5
34663,0.5
34668,0.5
34673,0.5
34674,0.5
34676,0.5
34679,0.5
34680,0.5
34684,0.5
34688,0.5
34694,0.5
34695,0.5
34700,0.5
34702,0.5
34706,0.5
34708,0.5
34710,0.5
34713,0.5
34716,0.5
34718,0.5
34719,0.5
34720,0.5
34724,0.5
34729,0.5
34735,0.5
34736,0.5
34740,0.5
34747,0.5
34754,0.5
34755,0.5
34756,0.5
34757,0.5
34761,0.5
34764,0.5
34767,0.5
34772,0.5
34773,0.5
34774,0.5
34783,0.5
34787,0.5
34788,0.5
34797,0.5
34798,0.5
34810,0.5
34814,0.5
34822,0.5
34830,0.5
34832,0.5
34833,0.5
34835,0.5
34840,0.5
34845,0.5
34852,0.5
34853,0.5
34854,0.5
34857,0.5
34862,0.5
34868,0.5
34869,0.5
34881,0.5
34889,0.5
34891,0.5
34895,0.5
34897,0.5
34901,0.5
34902,0.5
34903,0.5
34904,0.5
34905,0.5
34906,0.5
34909,0.5
34912,0.5
34914,0.5
34915,0.5
34921,0.5
34923,0.5
34924,0.5
34927,0.5
34928,0.5
34942,0.5
34947,0.5
34948,0.5
34950,0.5
34951,0.5
34953,0.5
34955,0.5
34958,0.5
34963,0.5
34969,0.5
34970,0.5
34974,0.5
34976,0.5
34982,0.5
34987,0.5
34988,0.5
34996,0.5
34997,0.5
34999,0.5
35001,0.5
35007,0.5
35018,0.5
35020,0.5
35021,0.5
35028,0.5
35036,0.5
35041,0.5
35044,0.5
35046,0.5
35049,0.5
35054,0.5
35061,0.5
35064,0.5
35066,0.5
35071,0.5
35082,0.5
35085,0.5
35086,0.5
35096,0.5
35103,0.5
35105,0.5
35106,0.5
35109,0.5
35113,0.5
35118,0.5
35122,0.5
35124,0.5
35132,0.5
35134,0.5
35135,0.5
35137,0.5
35138,0.5
35139,0.5
35141,0.5
35146,0.5
35151,0.5
35159,0.5
35161,0.5
35174,0.5
35178,0.5
35179,0.5
35182,0.5
35184,0.5
35185,0.5
35187,0.5
35192,0.5
35194,0.5
35196,0.5
35199,0.5
35200,0.5
35201,0.5
35204,0.5
35208,0.5
35209,0.5
35212,0.5
35214,0.5
35216,0.5
35224,0.5
35227,0.5
35229,0.5
35230,0.5
35234,0.5
35235,0.5
35236,0.5
35238,0.5
35241,0.5
35245,0.5
35254,0.5
35255,0.5
35257,0.5
35258,0.5
35259,0.5
35262,0.5
35263,0.5
35265,0.5
35266,0.5
35268,0.5
35269,0.5
35273,0.5
35287,0.5
35291,0.5
35301,0.5
35305,0.5
35308,0.5
35311,0.5
35313,0.5
35320,0.5
35321,0.5
35326,0.5
35328,0.5
35334,0.5
35336,0.5
35337,0.5
35343,0.5
35348,0.5
35349,0.5
35354,0.5
35358,0.5
35359,0.5
35364,0.5
35367,0.5
35370,0.5
35375,0.5
35377,0.5
35379,0.5
35380,0.5
35390,0.5
35391,0.5
35395,0.5
35397,0.5
35398,0.5
35400,0.5
35402,0.5
35404,0.5
35408,0.5
35409,0.5
35412,0.5
35414,0.5
35418,0.5
35421,0.5
35423,0.5
35424,0.5
35426,0.5
35427,0.5
35428,0.5
35429,0.5
35433,0.5
35435,0.5
35442,0.5
35443,0.5
35444,0.5
35447,0.5
35450,0.5
35453,0.5
35455,0.5
35456,0.5
35458,0.5
35459,0.5
35463,0.5
35470,0.5
35473,0.5
35474,0.5
35480,0.5
35489,0.5
35499,0.5
35502,0.5
35505,0.5
35513,0.5
35516,0.5
35519,0.5
35520,0.5
35523,0.5
35525,0.5
35527,0.5
35528,0.5
35529,0.5
35531,0.5
35533,0.5
35534,0.5
35541,0.5
35545,0.5
35548,0.5
35550,0.5
35554,0.5
35557,0.5
35564,0.5
35565,0.5
35566,0.5
35571,0.5
35576,0.5
35579,0.5
35581,0.5
35582,0.5
35587,0.5
35589,0.5
35591,0.5
35593,0.5
35594,0.5
35601,0.5
35603,0.5
35605,0.5
35606,0.5
35607,0.5
35611,0.5
35615,0.5
35625,0.5
35628,0.5
35631,0.5
35638,0.5
35639,0.5
35640,0.5
35658,0.5
35661,0.5
35662,0.5
35664,0.5
35666,0.5
35673,0.5
35677,0.5
35679,0.5
35681,0.5
35682,0.5
35687,0.5
35689,0.5
35691,0.5
35697,0.5
35701,0.5
35704,0.5
35710,0.5
35711,0.5
35713,0.5
35714,0.5
35715,0.5
35716,0.5
35718,0.5
35721,0.5
35722,0.5
35724,0.5
35725,0.5
35728,0.5
35731,0.5
35747,0.5
35751,0.5
35754,0.5
35757,0.5
35759,0.5
35763,0.5
35765,0.5
35769,0.5
35775,0.5
35781,0.5
35782,0.5
35784,0.5
35785,0.5
35786,0.5
35787,0.5
35788,0.5
35790,0.5
35795,0.5
35800,0.5
35805,0.5
35806,0.5
35811,0.5
35812,0.5
35816,0.5
35819,0.5
35825,0.5
35826,0.5
35827,0.5
35829,0.5
35834,0.5
35835,0.5
35844,0.5
35846,0.5
35847,0.5
35852,0.5
35854,0.5
35865,0.5
35866,0.5
35876,0.5
35885,0.5
35892,0.5
35893,0.5
35896,0.5
35897,0.5
35898,0.5
35901,0.5
35902,0.5
35907,0.5
35913,0.5
35918,0.5
35919,0.5
35927,0.5
35935,0.5
35936,0.5
35938,0.5
35939,0.5
35948,0.5
35949,0.5
35952,0.5
35963,0.5
35964,0.5
35966,0.5
35970,0.5
35973,0.5
35975,0.5
35978,0.5
35979,0.5
35983,0.5
35984,0.5
35985,0.5
35987,0.5
35988,0.5
35990,0.5
35991,0.5
35992,0.5
35993,0.5
35995,0.5
36001,0.5
36002,0.5
36003,0.5
36008,0.5
36009,0.5
36010,0.5
36011,0.5
36014,0.5
36018,0.5
36021,0.5
36022,0.5
36026,0.5
36033,0.5
36044,0.5
36045,0.5
36047,0.5
36048,0.5
36050,0.5
36056,0.5
36057,0.5
36060,0.5
36062,0.5
36065,0.5
36074,0.5
36076,0.5
36077,0.5
36081,0.5
36083,0.5
36085,0.5
36090,0.5
36092,0.5
36093,0.5
36096,0.5
36097,0.5
36106,0.5
36112,0.5
36113,0.5
36114,0.5
36119,0.5
36126,0.5
36129,0.5
36131,0.5
36143,0.5
36144,0.5
36146,0.5
36150,0.5
36153,0.5
36156,0.5
36165,0.5
36167,0.5
36169,0.5
36171,0.5
36178,0.5
36180,0.5
36181,0.5
36182,0.5
36188,0.5
36192,0.5
36197,0.5
36198,0.5
36201,0.5
36203,0.5
36204,0.5
36210,0.5
36215,0.5
36219,0.5
36221,0.5
36228,0.5
36231,0.5
36242,0.5
36243,0.5
36245,0.5
36248,0.5
36250,0.5
36255,0.5
36257,0.5
36258,0.5
36260,0.5
36261,0.5
36266,0.5
36267,0.5
36275,0.5
36276,0.5
36281,0.5
36284,0.5
36288,0.5
36290,0.5
36291,0.5
36295,0.5
36296,0.5
36304,0.5
36306,0.5
36310,0.5
36318,0.5
36323,0.5
36325,0.5
36326,0.5
36329,0.5
36330,0.5
36336,0.5
36343,0.5
36347,0.5
36348,0.5
36353,0.5
36355,0.5
36357,0.5
36361,0.5
36364,0.5
36366,0.5
36369,0.5
36370,0.5
36374,0.5
36378,0.5
36379,0.5
36382,0.5
36383,0.5
36384,0.5
36390,0.5
36393,0.5
36399,0.5
36401,0.5
36403,0.5
36406,0.5
36407,0.5
36408,0.5
36410,0.5
36413,0.5
36415,0.5
36416,0.5
36418,0.5
36428,0.5
36431,0.5
36432,0.5
36433,0.5
36434,0.5
36440,0.5
36441,0.5
36442,0.5
36443,0.5
36446,0.5
36447,0.5
36453,0.5
36454,0.5
36456,0.5
36457,0.5
36459,0.5
36460,0.5
36461,0.5
36463,0.5
36466,0.5
36472,0.5
36474,0.5
36480,0.5
36490,0.5
36491,0.5
36502,0.5
36503,0.5
36506,0.5
36507,0.5
36509,0.5
36511,0.5
36513,0.5
36514,0.5
36516,0.5
36517,0.5
36518,0.5
36519,0.5
36524,0.5
36526,0.5
36537,0.5
36539,0.5
36540,0.5
36551,0.5
36554,0.5
36557,0.5
36559,0.5
36563,0.5
36565,0.5
36566,0.5
36568,0.5
36574,0.5
36576,0.5
36577,0.5
36579,0.5
36582,0.5
36583,0.5
36584,0.5
36593,0.5
36594,0.5
36598,0.5
36602,0.5
36604,0.5
36606,0.5
36609,0.5
36610,0.5
36619,0.5
36620,0.5
36621,0.5
36624,0.5
36626,0.5
36633,0.5
36635,0.5
36637,0.5
36639,0.5
36642,0.5
36643,0.5
36645,0.5
36646,0.5
36648,0.5
36651,0.5
36652,0.5
36656,0.5
36663,0.5
36664,0.5
36665,0.5
36666,0.5
36670,0.5
36671,0.5
36672,0.5
36673,0.5
36678,0.5
36680,0.5
36681,0.5
36684,0.5
36685,0.5
36687,0.5
36691,0.5
36693,0.5
36694,0.5
36696,0.5
36698,0.5
36706,0.5
36711,0.5
36715,0.5
36722,0.5
36730,0.5
36735,0.5
36747,0.5
36755,0.5
36760,0.5
36766,0.5
36767,0.5
36771,0.5
36774,0.5
36778,0.5
36780,0.5
36782,0.5
36788,0.5
36806,0.5
36810,0.5
36811,0.5
36820,0.5
36822,0.5
36827,0.5
36828,0.5
36829,0.5
36830,0.5
36831,0.5
36835,0.5
36837,0.5
36839,0.5
36840,0.5
36842,0.5
36843,0.5
36858,0.5
36860,0.5
36862,0.5
36866,0.5
36867,0.5
36869,0.5
36870,0.5
36871,0.5
36876,0.5
36880,0.5
36882,0.5
36883,0.5
36885,0.5
36892,0.5
36897,0.5
36901,0.5
36902,0.5
36903,0.5
36906,0.5
36908,0.5
36913,0.5
36915,0.5
36917,0.5
36919,0.5
36927,0.5
36931,0.5
36934,0.5
36937,0.5
36938,0.5
36939,0.5
36945,0.5
36946,0.5
36947,0.5
36950,0.5
36953,0.5
36964,0.5
36966,0.5
36970,0.5
36972,0.5
36973,0.5
36975,0.5
36978,0.5
36986,0.5
36988,0.5
36993,0.5
36996,0.5
36999,0.5
37002,0.5
37003,0.5
37006,0.5
37009,0.5
37011,0.5
37018,0.5
37024,0.5
37027,0.5
37035,0.5
37036,0.5
37040,0.5
37046,0.5
37050,0.5
37059,0.5
37060,0.5
37061,0.5
37063,0.5
37064,0.5
37069,0.5
37074,0.5
37076,0.5
37081,0.5
37083,0.5
37086,0.5
37092,0.5
37094,0.5
37095,0.5
37104,0.5
37106,0.5
37107,0.5
37115,0.5
37119,0.5
37120,0.5
37122,0.5
37126,0.5
37131,0.5
37136,0.5
37137,0.5
37138,0.5
37139,0.5
37140,0.5
37144,0.5
37145,0.5
37149,0.5
37150,0.5
37154,0.5
37158,0.5
37159,0.5
37162,0.5
37165,0.5
37166,0.5
37174,0.5
37175,0.5
37180,0.5
37182,0.5
37184,0.5
37185,0.5
37189,0.5
37194,0.5
37195,0.5
37197,0.5
37198,0.5
37203,0.5
37204,0.5
37207,0.5
37208,0.5
37211,0.5
37222,0.5
37225,0.5
37226,0.5
37228,0.5
37230,0.5
37232,0.5
37234,0.5
37235,0.5
37236,0.5
37237,0.5
37239,0.5
37246,0.5
37259,0.5
37263,0.5
37264,0.5
37269,0.5
37271,0.5
37273,0.5
37274,0.5
37275,0.5
37277,0.5
37279,0.5
37287,0.5
37288,0.5
37289,0.5
37291,0.5
37293,0.5
37297,0.5
37298,0.5
37303,0.5
37307,0.5
37309,0.5
37310,0.5
37319,0.5
37320,0.5
37321,0.5
37322,0.5
37326,0.5
37327,0.5
37334,0.5
37335,0.5
37338,0.5
37340,0.5
37345,0.5
37348,0.5
37351,0.5
37355,0.5
37357,0.5
37358,0.5
37369,0.5
37375,0.5
37376,0.5
37377,0.5
37378,0.5
37381,0.5
37385,0.5
37387,0.5
37390,0.5
37391,0.5
37396,0.5
37397,0.5
37407,0.5
37408,0.5
37409,0.5
37412,0.5
37414,0.5
37415,0.5
37419,0.5
37421,0.5
37422,0.5
37423,0.5
37429,0.5
37432,0.5
37433,0.5
37436,0.5
37446,0.5
37448,0.5
37450,0.5
37454,0.5
37461,0.5
37462,0.5
37463,0.5
37465,0.5
37471,0.5
37487,0.5
37488,0.5
37494,0.5
37499,0.5
37505,0.5
37509,0.5
37511,0.5
37520,0.5
37523,0.5
37524,0.5
37533,0.5
37552,0.5
37555,0.5
37566,0.5
37568,0.5
37569,0.5
37570,0.5
37575,0.5
37579,0.5
37584,0.5
37585,0.5
37586,0.5
37591,0.5
37594,0.5
37596,0.5
37602,0.5
37611,0.5
37617,0.5
37619,0.5
37620,0.5
37621,0.5
37623,0.5
37631,0.5
37634,0.5
37637,0.5
37638,0.5
37639,0.5
37642,0.5
37648,0.5
37651,0.5
37655,0.5
37660,0.5
37661,0.5
37662,0.5
37667,0.5
37670,0.5
37674,0.5
37676,0.5
37677,0.5
37679,0.5
37681,0.5
37683,0.5
37684,0.5
37686,0.5
37690,0.5
37694,0.5
37699,0.5
37702,0.5
37704,0.5
37713,0.5
37718,0.5
37719,0.5
37721,0.5
37726,0.5
37728,0.5
37738,0.5
37739,0.5
37740,0.5
37742,0.5
37745,0.5
37746,0.5
37749,0.5
37754,0.5
37756,0.5
37765,0.5
37768,0.5
37769,0.5
37770,0.5
37772,0.5
37775,0.5
37778,0.5
37784,0.5
37786,0.5
37787,0.5
37788,0.5
37793,0.5
37794,0.5
37802,0.5
37804,0.5
37806,0.5
37808,0.5
37816,0.5
37820,0.5
37821,0.5
37822,0.5
37825,0.5
37827,0.5
37830,0.5
37835,0.5
37837,0.5
37839,0.5
37841,0.5
37847,0.5
37848,0.5
37849,0.5
37853,0.5
37854,0.5
37856,0.5
37860,0.5
37863,0.5
37869,0.5
37875,0.5
37877,0.5
37879,0.5
37881,0.5
37884,0.5
37885,0.5
37891,0.5
37892,0.5
37894,0.5
37905,0.5
37907,0.5
37908,0.5
37911,0.5
37915,0.5
37917,0.5
37929,0.5
37938,0.5
37940,0.5
37944,0.5
37946,0.5
37952,0.5
37959,0.5
37960,0.5
37965,0.5
37969,0.5
37979,0.5
37983,0.5
37988,0.5
37990,0.5
37991,0.5
37992,0.5
37996,0.5
37997,0.5
38005,0.5
38008,0.5
38014,0.5
38022,0.5
38023,0.5
38024,0.5
38032,0.5
38033,0.5
38036,0.5
38038,0.5
38043,0.5
38047,0.5
38049,0.5
38051,0.5
38054,0.5
38058,0.5
38061,0.5
38063,0.5
38067,0.5
38071,0.5
38072,0.5
38073,0.5
38074,0.5
38077,0.5
38088,0.5
38091,0.5
38095,0.5
38097,0.5
38100,0.5
38101,0.5
38111,0.5
38112,0.5
38116,0.5
38120,0.5
38122,0.5
38125,0.5
38126,0.5
38129,0.5
38132,0.5
38140,0.5
38141,0.5
38143,0.5
38145,0.5
38146,0.5
38151,0.5
38152,0.5
38153,0.5
38158,0.5
38160,0.5
38162,0.5
38164,0.5
38165,0.5
38167,0.5
38168,0.5
38169,0.5
38171,0.5
38173,0.5
38174,0.5
38176,0.5
38178,0.5
38181,0.5
38189,0.5
38192,0.5
38194,0.5
38195,0.5
38197,0.5
38198,0.5
38201,0.5
38205,0.5
38208,0.5
38211,0.5
38214,0.5
38215,0.5
38219,0.5
38220,0.5
38224,0.5
38228,0.5
38232,0.5
38234,0.5
38238,0.5
38249,0.5
38250,0.5
38252,0.5
38253,0.5
38255,0.5
38263,0.5
38268,0.5
38281,0.5
38287,0.5
38288,0.5
38290,0.5
38291,0.5
38300,0.5
38306,0.5
38307,0.5
38310,0.5
38311,0.5
38315,0.5
38321,0.5
38322,0.5
38328,0.5
38333,0.5
38342,0.5
38346,0.5
38347,0.5
38349,0.5
38350,0.5
38354,0.5
38359,0.5
38360,0.5
38362,0.5
38364,0.5
38378,0.5
38381,0.5
38384,0.5
38390,0.5
38395,0.5
38398,0.5
38401,0.5
38408,0.5
38413,0.5
38415,0.5
38416,0.5
38418,0.5
38423,0.5
38432,0.5
38433,0.5
38436,0.5
38438,0.5
38441,0.5
38442,0.5
38447,0.5
38451,0.5
38454,0.5
38460,0.5
38461,0.5
38462,0.5
38464,0.5
38474,0.5
38476,0.5
38482,0.5
38485,0.5
38493,0.5
38494,0.5
38498,0.5
38500,0.5
38503,0.5
38510,0.5
38513,0.5
38517,0.5
38518,0.5
38523,0.5
38524,0.5
38533,0.5
38535,0.5
38538,0.5
38541,0.5
38546,0.5
38547,0.5
38548,0.5
38549,0.5
38555,0.5
38559,0.5
38560,0.5
38565,0.5
38566,0.5
38570,0.5
38571,0.5
38572,0.5
38573,0.5
38576,0.5
38580,0.5
38581,0.5
38582,0.5
38589,0.5
38593,0.5
38595,0.5
38596,0.5
38605,0.5
38608,0.5
38609,0.5
38613,0.5
38615,0.5
38618,0.5
38620,0.5
38624,0.5
38627,0.5
38633,0.5
38637,0.5
38638,0.5
38639,0.5
38640,0.5
38642,0.5
38645,0.5
38647,0.5
38649,0.5
38652,0.5
38657,0.5
38659,0.5
38666,0.5
38669,0.5
38670,0.5
38672,0.5
38676,0.5
38677,0.5
38681,0.5
38683,0.5
38687,0.5
38691,0.5
38693,0.5
38696,0.5
38697,0.5
38700,0.5
38702,0.5
38707,0.5
38710,0.5
38711,0.5
38712,0.5
38713,0.5
38724,0.5
38725,0.5
38727,0.5
38728,0.5
38740,0.5
38743,0.5
38746,0.5
38749,0.5
38754,0.5
38756,0.5
38763,0.5
38764,0.5
38765,0.5
38766,0.5
38767,0.5
38768,0.5
38770,0.5
38772,0.5
38779,0.5
38789,0.5
38792,0.5
38794,0.5
38796,0.5
38797,0.5
38799,0.5
38805,0.5
38809,0.5
38812,0.5
38813,0.5
38818,0.5
38823,0.5
38830,0.5
38833,0.5
38835,0.5
38836,0.5
38837,0.5
38840,0.5
38841,0.5
38846,0.5
38847,0.5
38863,0.5
38865,0.5
38870,0.5
38871,0.5
38873,0.5
38875,0.5
38879,0.5
38889,0.5
38890,0.5
38893,0.5
38894,0.5
38896,0.5
38897,0.5
38902,0.5
38903,0.5
38904,0.5
38906,0.5
38909,0.5
38910,0.5
38918,0.5
38919,0.5
38922,0.5
38925,0.5
38928,0.5
38929,0.5
38937,0.5
38938,0.5
38939,0.5
38946,0.5
38947,0.5
38948,0.5
38957,0.5
38962,0.5
38968,0.5
38973,0.5
38975,0.5
38979,0.5
38980,0.5
38982,0.5
38986,0.5
38987,0.5
38998,0.5
39000,0.5
39001,0.5
39002,0.5
39003,0.5
39007,0.5
39012,0.5
39013,0.5
39016,0.5
39017,0.5
39020,0.5
39023,0.5
39024,0.5
39027,0.5
39030,0.5
39032,0.5
39034,0.5
39036,0.5
39038,0.5
39041,0.5
39042,0.5
39043,0.5
39044,0.5
39055,0.5
39058,0.5
39059,0.5
39061,0.5
39064,0.5
39065,0.5
39069,0.5
39071,0.5
39073,0.5
39079,0.5
39084,0.5
39094,0.5
39095,0.5
39100,0.5
39102,0.5
39103,0.5
39108,0.5
39112,0.5
39116,0.5
39120,0.5
39122,0.5
39126,0.5
39127,0.5
39130,0.5
39133,0.5
39134,0.5
39136,0.5
39141,0.5
39143,0.5
39149,0.5
39160,0.5
39163,0.5
39165,0.5
39168,0.5
39170,0.5
39175,0.5
39182,0.5
39187,0.5
39189,0.5
39190,0.5
39195,0.5
39196,0.5
39197,0.5
39198,0.5
39199,0.5
39201,0.5
39203,0.5
39220,0.5
39222,0.5
39223,0.5
39227,0.5
39233,0.5
39234,0.5
39235,0.5
39237,0.5
39239,0.5
39242,0.5
39243,0.5
39245,0.5
39250,0.5
39251,0.5
39256,0.5
39261,0.5
39262,0.5
39263,0.5
39264,0.5
39266,0.5
39267,0.5
39268,0.5
39272,0.5
39273,0.5
39276,0.5
39277,0.5
39279,0.5
39281,0.5
39282,0.5
39283,0.5
39290,0.5
39301,0.5
39304,0.5
39306,0.5
39309,0.5
39311,0.5
39315,0.5
39316,0.5
39320,0.5
39323,0.5
39326,0.5
39329,0.5
39330,0.5
39331,0.5
39332,0.5
39342,0.5
39345,0.5
39347,0.5
39348,0.5
39350,0.5
39357,0.5
39362,0.5
39364,0.5
39366,0.5
39367,0.5
39374,0.5
39380,0.5
39389,0.5
39391,0.5
39392,0.5
39402,0.5
39403,0.5
39415,0.5
39418,0.5
39421,0.5
39428,0.5
39429,0.5
39430,0.5
39431,0.5
39433,0.5
39434,0.5
39435,0.5
39438,0.5
39440,0.5
39441,0.5
39442,0.5
39443,0.5
39445,0.5
39447,0.5
39448,0.5
39453,0.5
39458,0.5
39459,0.5
39460,0.5
39464,0.5
39468,0.5
39470,0.5
39471,0.5
39474,0.5
39493,0.5
39508,0.5
39510,0.5
39518,0.5
39524,0.5
39529,0.5
39534,0.5
39536,0.5
39538,0.5
39549,0.5
39553,0.5
39554,0.5
39560,0.5
39568,0.5
39569,0.5
39572,0.5
39573,0.5
39579,0.5
39580,0.5
39581,0.5
39584,0.5
39585,0.5
39586,0.5
39596,0.5
39597,0.5
39599,0.5
39602,0.5
39606,0.5
39615,0.5
39622,0.5
39625,0.5
39626,0.5
39631,0.5
39636,0.5
39639,0.5
39641,0.5
39645,0.5
39650,0.5
39654,0.5
39659,0.5
39665,0.5
39666,0.5
39673,0.5
39674,0.5
39675,0.5
39680,0.5
39687,0.5
39688,0.5
39689,0.5
39693,0.5
39695,0.5
39700,0.5
39705,0.5
39706,0.5
39710,0.5
39718,0.5
39721,0.5
39723,0.5
39725,0.5
39733,0.5
39734,0.5
39737,0.5
39739,0.5
39740,0.5
39742,0.5
39743,0.5
39750,0.5
39751,0.5
39754,0.5
39755,0.5
39757,0.5
39762,0.5
39767,0.5
39769,0.5
39773,0.5
39776,0.5
39778,0.5
39781,0.5
39782,0.5
39788,0.5
39789,0.5
39795,0.5
39796,0.5
39803,0.5
39809,0.5
39813,0.5
39815,0.5
39816,0.5
39820,0.5
39822,0.5
39825,0.5
39827,0.5
39828,0.5
39829,0.5
39836,0.5
39839,0.5
39843,0.5
39846,0.5
39851,0.5
39857,0.5
39859,0.5
39871,0.5
39873,0.5
39878,0.5
39880,0.5
39884,0.5
39888,0.5
39900,0.5
39908,0.5
39909,0.5
39916,0.5
39917,0.5
39921,0.5
39925,0.5
39927,0.5
39934,0.5
39940,0.5
39948,0.5
39949,0.5
39953,0.5
39957,0.5
39962,0.5
39979,0.5
39988,0.5
39990,0.5
39992,0.5
39993,0.5
39994,0.5
40000,0.5
40002,0.5
40003,0.5
40014,0.5
40018,0.5
40021,0.5
40024,0.5
40025,0.5
40029,0.5
40036,0.5
40039,0.5
40041,0.5
40042,0.5
40050,0.5
40053,0.5
40056,0.5
40059,0.5
40061,0.5
40062,0.5
40073,0.5
40074,0.5
40082,0.5
40094,0.5
40095,0.5
40097,0.5
40100,0.5
40105,0.5
40119,0.5
40124,0.5
40127,0.5
40129,0.5
40130,0.5
40132,0.5
40138,0.5
40141,0.5
40143,0.5
40146,0.5
40148,0.5
40149,0.5
40150,0.5
40152,0.5
40162,0.5
40163,0.5
40169,0.5
40170,0.5
40175,0.5
40176,0.5
40177,0.5
40179,0.5
40180,0.5
40183,0.5
40188,0.5
40192,0.5
40194,0.5
40197,0.5
40199,0.5
40200,0.5
40206,0.5
40207,0.5
40211,0.5
40213,0.5
40216,0.5
40219,0.5
40222,0.5
40223,0.5
40229,0.5
40230,0.5
40238,0.5
40243,0.5
40251,0.5
40262,0.5
40270,0.5
40275,0.5
40277,0.5
40279,0.5
40287,0.5
40303,0.5
40304,0.5
40305,0.5
40307,0.5
40316,0.5
40318,0.5
40320,0.5
40322,0.5
40323,0.5
40329,0.5
40331,0.5
40332,0.5
40333,0.5
40335,0.5
40337,0.5
40340,0.5
40343,0.5
40344,0.5
40345,0.5
40348,0.5
40349,0.5
40358,0.5
40360,0.5
40361,0.5
40362,0.5
40363,0.5
40367,0.5
40368,0.5
40375,0.5
40384,0.5
40386,0.5
40392,0.5
40399,0.5
40400,0.5
40402,0.5
40407,0.5
40410,0.5
40411,0.5
40412,0.5
40416,0.5
40417,0.5
40418,0.5
40419,0.5
40420,0.5
40427,0.5
40431,0.5
40434,0.5
40436,0.5
40441,0.5
40444,0.5
40445,0.5
40447,0.5
40449,0.5
40453,0.5
40456,0.5
40460,0.5
40462,0.5
40464,0.5
40465,0.5
40468,0.5
40474,0.5
40475,0.5
40481,0.5
40490,0.5
40492,0.5
40494,0.5
40503,0.5
40505,0.5
40507,0.5
40510,0.5
40513,0.5
40517,0.5
40519,0.5
40525,0.5
40533,0.5
40534,0.5
40538,0.5
40539,0.5
40541,0.5
40542,0.5
40543,0.5
40546,0.5
40547,0.5
40551,0.5
40554,0.5
40555,0.5
40557,0.5
40560,0.5
40563,0.5
40565,0.5
40571,0.5
40576,0.5
40578,0.5
40585,0.5
40595,0.5
40596,0.5
40597,0.5
40600,0.5
40602,0.5
40610,0.5
40614,0.5
40615,0.5
40619,0.5
40621,0.5
40626,0.5
40633,0.5
40636,0.5
40638,0.5
40641,0.5
40642,0.5
40644,0.5
40647,0.5
40650,0.5
40656,0.5
40657,0.5
40661,0.5
40665,0.5
40680,0.5
40681,0.5
40682,0.5
40683,0.5
40685,0.5
40688,0.5
40689,0.5
40692,0.5
40693,0.5
40694,0.5
40695,0.5
40697,0.5
40700,0.5
40706,0.5
40707,0.5
40710,0.5
40721,0.5
40727,0.5
40732,0.5
40735,0.5
40738,0.5
40741,0.5
40743,0.5
40745,0.5
40752,0.5
40757,0.5
40759,0.5
40767,0.5
40768,0.5
40769,0.5
40780,0.5
40782,0.5
40785,0.5
40789,0.5
40791,0.5
40795,0.5
40798,0.5
40805,0.5
40808,0.5
40813,0.5
40818,0.5
40825,0.5
40827,0.5
40835,0.5
40839,0.5
40840,0.5
40846,0.5
40847,0.5
40848,0.5
40853,0.5
40854,0.5
40855,0.5
40859,0.5
40866,0.5
40867,0.5
40869,0.5
40870,0.5
40871,0.5
40872,0.5
40873,0.5
40877,0.5
40878,0.5
40879,0.5
40880,0.5
40882,0.5
40893,0.5
40894,0.5
40898,0.5
40901,0.5
40909,0.5
40915,0.5
40916,0.5
40926,0.5
40928,0.5
40935,0.5
40936,0.5
40939,0.5
40944,0.5
40948,0.5
40954,0.5
40956,0.5
40959,0.5
40960,0.5
40965,0.5
40968,0.5
40974,0.5
40976,0.5
40979,0.5
40982,0.5
40983,0.5
40985,0.5
40986,0.5
40991,0.5
40992,0.5
40995,0.5
40996,0.5
40998,0.5
41000,0.5
41004,0.5
41006,0.5
41008,0.5
41010,0.5
41014,0.5
41015,0.5
41023,0.5
41035,0.5
41038,0.5
41044,0.5
41046,0.5
41052,0.5
41053,0.5
41057,0.5
41058,0.5
41063,0.5
41071,0.5
41074,0.5
41076,0.5
41078,0.5
41080,0.5
41091,0.5
41093,0.5
41094,0.5
41095,0.5
41096,0.5
41097,0.5
41098,0.5
41100,0.5
41124,0.5
41125,0.5
41126,0.5
41128,0.5
41138,0.5
41143,0.5
41147,0.5
41153,0.5
41156,0.5
41159,0.5
41162,0.5
41171,0.5
41174,0.5
41177,0.5
41187,0.5
41193,0.5
41196,0.5
41198,0.5
41202,0.5
41206,0.5
41217,0.5
41219,0.5
41223,0.5
41224,0.5
41225,0.5
41227,0.5
41229,0.5
41232,0.5
41234,0.5
41236,0.5
41239,0.5
41241,0.5
41245,0.5
41248,0.5
41251,0.5
41253,0.5
41255,0.5
41262,0.5
41263,0.5
41267,0.5
41276,0.5
41282,0.5
41284,0.5
41287,0.5
41289,0.5
41294,0.5
41297,0.5
41300,0.5
41316,0.5
41320,0.5
41325,0.5
41327,0.5
41328,0.5
41331,0.5
41332,0.5
41334,0.5
41337,0.5
41343,0.5
41344,0.5
41348,0.5
41354,0.5
41361,0.5
41366,0.5
41370,0.5
41373,0.5
41374,0.5
41375,0.5
41377,0.5
41382,0.5
41387,0.5
41389,0.5
41390,0.5
41394,0.5
41395,0.5
41412,0.5
41414,0.5
41417,0.5
41419,0.5
41421,0.5
41422,0.5
41424,0.5
41426,0.5
41427,0.5
41429,0.5
41433,0.5
41434,0.5
41435,0.5
41445,0.5
41452,0.5
41456,0.5
41461,0.5
41468,0.5
41470,0.5
41471,0.5
41472,0.5
41475,0.5
41476,0.5
41483,0.5
41496,0.5
41497,0.5
41500,0.5
41501,0.5
41504,0.5
41507,0.5
41511,0.5
41514,0.5
41519,0.5
41522,0.5
41524,0.5
41525,0.5
41527,0.5
41532,0.5
41533,0.5
41534,0.5
41535,0.5
41537,0.5
41539,0.5
41551,0.5
41557,0.5
41561,0.5
41571,0.5
41574,0.5
41577,0.5
41579,0.5
41581,0.5
41584,0.5
41586,0.5
41587,0.5
41592,0.5
41593,0.5
41599,0.5
41602,0.5
41606,0.5
41610,0.5
41612,0.5
41613,0.5
41614,0.5
41616,0.5
41617,0.5
41622,0.5
41629,0.5
41637,0.5
41638,0.5
41644,0.5
41648,0.5
41655,0.5
41661,0.5
41665,0.5
41689,0.5
41692,0.5
41695,0.5
41696,0.5
41697,0.5
41698,0.5
41699,0.5
41700,0.5
41703,0.5
41709,0.5
41713,0.5
41715,0.5
41722,0.5
41726,0.5
41731,0.5
41736,0.5
41739,0.5
41740,0.5
41741,0.5
41743,0.5
41748,0.5
41751,0.5
41753,0.5
41754,0.5
41756,0.5
41758,0.5
41761,0.5
41765,0.5
41769,0.5
41771,0.5
41780,0.5
41784,0.5
41785,0.5
41786,0.5
41794,0.5
41796,0.5
41798,0.5
41809,0.5
41811,0.5
41819,0.5
41822,0.5
41826,0.5
41829,0.5
41833,0.5
41834,0.5
41837,0.5
41839,0.5
41840,0.5
41845,0.5
41846,0.5
41851,0.5
41852,0.5
41853,0.5
41856,0.5
41858,0.5
41864,0.5
41867,0.5
41868,0.5
41872,0.5
41875,0.5
41877,0.5
41879,0.5
41880,0.5
41884,0.5
41889,0.5
41895,0.5
41896,0.5
41900,0.5
41904,0.5
41907,0.5
41916,0.5
41926,0.5
41930,0.5
41942,0.5
41944,0.5
41945,0.5
41952,0.5
41953,0.5
41956,0.5
41960,0.5
41961,0.5
41962,0.5
41965,0.5
41967,0.5
41968,0.5
41970,0.5
41972,0.5
41976,0.5
41980,0.5
41981,0.5
41983,0.5
41985,0.5
41987,0.5
41988,0.5
41990,0.5
41997,0.5
41999,0.5
42000,0.5
42003,0.5
42004,0.5
42015,0.5
42018,0.5
42021,0.5
42026,0.5
42030,0.5
42032,0.5
42033,0.5
42034,0.5
42036,0.5
42041,0.5
42043,0.5
42051,0.5
42053,0.5
42058,0.5
42059,0.5
42060,0.5
42065,0.5
42071,0.5
42073,0.5
42077,0.5
42078,0.5
42079,0.5
42081,0.5
42092,0.5
42097,0.5
42106,0.5
42113,0.5
42114,0.5
42118,0.5
42122,0.5
42125,0.5
42126,0.5
42132,0.5
42135,0.5
42138,0.5
42140,0.5
42146,0.5
42149,0.5
42151,0.5
42156,0.5
42157,0.5
42158,0.5
42164,0.5
42168,0.5
42169,0.5
42174,0.5
42176,0.5
42180,0.5
42181,0.5
42182,0.5
42186,0.5
42189,0.5
42192,0.5
42193,0.5
42198,0.5
42201,0.5
42202,0.5
42203,0.5
42204,0.5
42205,0.5
42209,0.5
42211,0.5
42214,0.5
42226,0.5
42227,0.5
42230,0.5
42231,0.5
42232,0.5
42233,0.5
42237,0.5
42238,0.5
42240,0.5
42242,0.5
42251,0.5
42252,0.5
42254,0.5
42256,0.5
42257,0.5
42259,0.5
42260,0.5
42261,0.5
42263,0.5
42264,0.5
42270,0.5
42271,0.5
42273,0.5
42275,0.5
42286,0.5
42289,0.5
42295,0.5
42297,0.5
42299,0.5
42301,0.5
42303,0.5
42305,0.5
42306,0.5
42307,0.5
42322,0.5
42323,0.5
42324,0.5
42325,0.5
42326,0.5
42330,0.5
42335,0.5
42336,0.5
42345,0.5
42347,0.5
42355,0.5
42357,0.5
42368,0.5
42370,0.5
42371,0.5
42373,0.5
42374,0.5
42375,0.5
42376,0.5
42383,0.5
42385,0.5
42386,0.5
42387,0.5
42392,0.5
42396,0.5
42397,0.5
42403,0.5
42407,0.5
42409,0.5
42410,0.5
42414,0.5
42415,0.5
42416,0.5
42419,0.5
42421,0.5
42424,0.5
42426,0.5
42430,0.5
42431,0.5
42436,0.5
42437,0.5
42439,0.5
42440,0.5
42445,0.5
42446,0.5
42448,0.5
42456,0.5
42458,0.5
42470,0.5
42471,0.5
42474,0.5
42478,0.5
42479,0.5
42480,0.5
42482,0.5
42484,0.5
42491,0.5
42492,0.5
42493,0.5
42498,0.5
42500,0.5
42501,0.5
42505,0.5
42506,0.5
42507,0.5
42509,0.5
42510,0.5
42516,0.5
42517,0.5
42520,0.5
42522,0.5
42528,0.5
42529,0.5
42534,0.5
42538,0.5
42548,0.5
42555,0.5
42556,0.5
42559,0.5
42560,0.5
42571,0.5
42576,0.5
42577,0.5
42578,0.5
42579,0.5
42580,0.5
42582,0.5
42588,0.5
42592,0.5
42594,0.5
42599,0.5
42604,0.5
42612,0.5
42615,0.5
42627,0.5
42632,0.5
42636,0.5
42637,0.5
42638,0.5
42640,0.5
42642,0.5
42643,0.5
42644,0.5
42646,0.5
42648,0.5
42649,0.5
42651,0.5
42656,0.5
42659,0.5
42664,0.5
42676,0.5
42677,0.5
42678,0.5
42682,0.5
42684,0.5
42690,0.5
42692,0.5
42694,0.5
42696,0.5
42698,0.5
42701,0.5
42704,0.5
42708,0.5
42710,0.5
42713,0.5
42714,0.5
42717,0.5
42719,0.5
42721,0.5
42722,0.5
42726,0.5
42744,0.5
42747,0.5
42748,0.5
42754,0.5
42756,0.5
42758,0.5
42763,0.5
42764,0.5
42771,0.5
42775,0.5
42776,0.5
42777,0.5
42778,0.5
42779,0.5
42788,0.5
42794,0.5
42795,0.5
42797,0.5
42801,0.5
42802,0.5
42803,0.5
42805,0.5
42808,0.5
42814,0.5
42816,0.5
42817,0.5
42818,0.5
42822,0.5
42829,0.5
42830,0.5
42837,0.5
42839,0.5
42841,0.5
42842,0.5
42843,0.5
42854,0.5
42855,0.5
42856,0.5
42864,0.5
42866,0.5
42868,0.5
42876,0.5
42882,0.5
42888,0.5
42892,0.5
42903,0.5
42904,0.5
42906,0.5
42911,0.5
42914,0.5
42915,0.5
42916,0.5
42918,0.5
42924,0.5
42926,0.5
42937,0.5
42945,0.5
42946,0.5
42949,0.5
42950,0.5
42956,0.5
42960,0.5
42962,0.5
42966,0.5
42967,0.5
42968,0.5
42978,0.5
42983,0.5
42992,0.5
42994,0.5
42999,0.5
43005,0.5
43008,0.5
43015,0.5
43020,0.5
43023,0.5
43029,0.5
43030,0.5
43033,0.5
43034,0.5
43036,0.5
43040,0.5
43042,0.5
43044,0.5
43046,0.5
43051,0.5
43055,0.5
43057,0.5
43060,0.5
43066,0.5
43073,0.5
43077,0.5
43078,0.5
43079,0.5
43082,0.5
43087,0.5
43088,0.5
43090,0.5
43091,0.5
43094,0.5
43097,0.5
43100,0.5
43101,0.5
43106,0.5
43107,0.5
43109,0.5
43112,0.5
43115,0.5
43124,0.5
43127,0.5
43146,0.5
43147,0.5
43148,0.5
43150,0.5
43154,0.5
43160,0.5
43161,0.5
43162,0.5
43163,0.5
43166,0.5
43167,0.5
43168,0.5
43171,0.5
43174,0.5
43175,0.5
43176,0.5
43177,0.5
43178,0.5
43182,0.5
43184,0.5
43186,0.5
43187,0.5
43189,0.5
43190,0.5
43192,0.5
43195,0.5
43206,0.5
43211,0.5
43216,0.5
43217,0.5
43219,0.5
43232,0.5
43244,0.5
43249,0.5
43253,0.5
43260,0.5
43261,0.5
43264,0.5
43266,0.5
43268,0.5
43274,0.5
43275,0.5
43288,0.5
43289,0.5
43294,0.5
43296,0.5
43297,0.5
43299,0.5
43304,0.5
43310,0.5
43312,0.5
43321,0.5
43322,0.5
43325,0.5
43328,0.5
43329,0.5
43335,0.5
43339,0.5
43340,0.5
43346,0.5
43348,0.5
43350,0.5
43352,0.5
43355,0.5
43357,0.5
43358,0.5
43362,0.5
43367,0.5
43390,0.5
43393,0.5
43401,0.5
43413,0.5
43415,0.5
43418,0.5
43421,0.5
43426,0.5
43428,0.5
43429,0.5
43441,0.5
43442,0.5
43444,0.5
43451,0.5
43452,0.5
43453,0.5
43456,0.5
43457,0.5
43458,0.5
43463,0.5
43468,0.5
43472,0.5
43473,0.5
43477,0.5
43479,0.5
43483,0.5
43487,0.5
43498,0.5
43522,0.5
43526,0.5
43528,0.5
43529,0.5
43531,0.5
43539,0.5
43548,0.5
43555,0.5
43557,0.5
43560,0.5
43561,0.5
43562,0.5
43566,0.5
43569,0.5
43571,0.5
43574,0.5
43575,0.5
43577,0.5
43578,0.5
43579,0.5
43585,0.5
43589,0.5
43595,0.5
43598,0.5
43599,0.5
43603,0.5
43606,0.5
43611,0.5
43612,0.5
43633,0.5
43634,0.5
43637,0.5
43640,0.5
43641,0.5
43644,0.5
43646,0.5
43651,0.5
43653,0.5
43655,0.5
43656,0.5
43658,0.5
43660,0.5
43667,0.5
43668,0.5
43670,0.5
43672,0.5
43675,0.5
43676,0.5
43679,0.5
43681,0.5
43683,0.5
43684,0.5
43685,0.5
43688,0.5
43689,0.5
43691,0.5
43692,0.5
43694,0.5
43695,0.5
43696,0.5
43703,0.5
43705,0.5
43709,0.5
43711,0.5
43715,0.5
43719,0.5
43721,0.5
43731,0.5
43734,0.5
43739,0.5
43744,0.5
43747,0.5
43749,0.5
43755,0.5
43757,0.5
43760,0.5
43762,0.5
43763,0.5
43765,0.5
43766,0.5
43768,0.5
43770,0.5
43771,0.5
43773,0.5
43786,0.5
43787,0.5
43789,0.5
43792,0.5
43793,0.5
43795,0.5
43801,0.5
43806,0.5
43809,0.5
43810,0.5
43812,0.5
43813,0.5
43815,0.5
43816,0.5
43821,0.5
43823,0.5
43825,0.5
43831,0.5
43832,0.5
43838,0.5
43841,0.5
43846,0.5
43848,0.5
43850,0.5
43855,0.5
43856,0.5
43859,0.5
43860,0.5
43861,0.5
43863,0.5
43864,0.5
43866,0.5
43867,0.5
43876,0.5
43877,0.5
43881,0.5
43885,0.5
43886,0.5
43889,0.5
43890,0.5
43893,0.5
43894,0.5
43901,0.5
43903,0.5
43908,0.5
43910,0.5
43915,0.5
43919,0.5
43920,0.5
43922,0.5
43931,0.5
43932,0.5
43935,0.5
43938,0.5
43954,0.5
43956,0.5
43961,0.5
43962,0.5
43964,0.5
43965,0.5
43968,0.5
43969,0.5
43971,0.5
43972,0.5
43975,0.5
43976,0.5
43981,0.5
43985,0.5
43992,0.5
43995,0.5
43996,0.5
43998,0.5
44002,0.5
44005,0.5
44009,0.5
44010,0.5
44011,0.5
44013,0.5
44016,0.5
44028,0.5
44030,0.5
44034,0.5
44037,0.5
44043,0.5
44048,0.5
44051,0.5
44052,0.5
44055,0.5
44058,0.5
44059,0.5
44061,0.5
44063,0.5
44065,0.5
44068,0.5
44074,0.5
44076,0.5
44078,0.5
44082,0.5
44083,0.5
44084,0.5
44085,0.5
44086,0.5
44088,0.5
44090,0.5
44095,0.5
44100,0.5
44101,0.5
44103,0.5
44104,0.5
44106,0.5
44108,0.5
44110,0.5
44116,0.5
44120,0.5
44123,0.5
44125,0.5
44126,0.5
44127,0.5
44133,0.5
44135,0.5
44147,0.5
44152,0.5
44153,0.5
44154,0.5
44158,0.5
44160,0.5
44163,0.5
44165,0.5
44166,0.5
44167,0.5
44169,0.5
44172,0.5
44178,0.5
44182,0.5
44192,0.5
44194,0.5
44195,0.5
44196,0.5
44197,0.5
44198,0.5
44200,0.5
44204,0.5
44206,0.5
44207,0.5
44211,0.5
44216,0.5
44223,0.5
44233,0.5
44235,0.5
44246,0.5
44248,0.5
44252,0.5
44254,0.5
44256,0.5
44257,0.5
44259,0.5
44263,0.5
44267,0.5
44277,0.5
44278,0.5
44279,0.5
44280,0.5
44281,0.5
44284,0.5
44291,0.5
44294,0.5
44295,0.5
44296,0.5
44297,0.5
44303,0.5
44306,0.5
44315,0.5
44321,0.5
44323,0.5
44331,0.5
44336,0.5
44337,0.5
44339,0.5
44340,0.5
44343,0.5
44346,0.5
44351,0.5
44354,0.5
44355,0.5
44356,0.5
44358,0.5
44359,0.5
44362,0.5
44365,0.5
44369,0.5
44373,0.5
44376,0.5
44389,0.5
44392,0.5
44395,0.5
44404,0.5
44406,0.5
44409,0.5
44410,0.5
44413,0.5
44417,0.5
44419,0.5
44422,0.5
44423,0.5
44425,0.5
44426,0.5
44427,0.5
44428,0.5
44429,0.5
44431,0.5
44435,0.5
44438,0.5
44444,0.5
44453,0.5
44456,0.5
44458,0.5
44460,0.5
44461,0.5
44462,0.5
44468,0.5
44473,0.5
44474,0.5
44475,0.5
44476,0.5
44478,0.5
44479,0.5
44480,0.5
44481,0.5
44482,0.5
44492,0.5
44501,0.5
44506,0.5
44507,0.5
44508,0.5
44511,0.5
44519,0.5
44520,0.5
44521,0.5
44527,0.5
44528,0.5
44534,0.5
44541,0.5
44542,0.5
44544,0.5
44545,0.5
44548,0.5
44550,0.5
44551,0.5
44555,0.5
44556,0.5
44561,0.5
44566,0.5
44570,0.5
44571,0.5
44572,0.5
44579,0.5
44580,0.5
44581,0.5
44583,0.5
44584,0.5
44587,0.5
44596,0.5
44599,0.5
44600,0.5
44603,0.5
44606,0.5
44607,0.5
44611,0.5
44615,0.5
44616,0.5
44617,0.5
44621,0.5
44631,0.5
44634,0.5
44639,0.5
44640,0.5
44641,0.5
44642,0.5
44651,0.5
44653,0.5
44654,0.5
44656,0.5
44657,0.5
44658,0.5
44665,0.5
44666,0.5
44667,0.5
44677,0.5
44679,0.5
44680,0.5
44684,0.5
44686,0.5
44688,0.5
44694,0.5
44696,0.5
44698,0.5
44703,0.5
44705,0.5
44724,0.5
44725,0.5
44726,0.5
44728,0.5
44729,0.5
44733,0.5
44734,0.5
44736,0.5
44737,0.5
44741,0.5
44746,0.5
44747,0.5
44756,0.5
44759,0.5
44760,0.5
44765,0.5
44772,0.5
44774,0.5
44778,0.5
44781,0.5
44792,0.5
44804,0.5
44806,0.5
44807,0.5
44808,0.5
44814,0.5
44816,0.5
44817,0.5
44821,0.5
44822,0.5
44825,0.5
44840,0.5
44842,0.5
44844,0.5
44847,0.5
44848,0.5
44858,0.5
44866,0.5
44867,0.5
44869,0.5
44872,0.5
44876,0.5
44878,0.5
44882,0.5
44884,0.5
44891,0.5
44892,0.5
44896,0.5
44899,0.5
44900,0.5
44902,0.5
44904,0.5
44905,0.5
44909,0.5
44911,0.5
44916,0.5
44917,0.5
44919,0.5
44920,0.5
44923,0.5
44928,0.5
44932,0.5
44935,0.5
44938,0.5
44942,0.5
44952,0.5
44958,0.5
44963,0.5
44964,0.5
44966,0.5
44968,0.5
44970,0.5
44977,0.5
44978,0.5
44980,0.5
44982,0.5
44984,0.5
44993,0.5
44997,0.5
44998,0.5
44999,0.5
45007,0.5
45010,0.5
45011,0.5
45012,0.5
45013,0.5
45014,0.5
45016,0.5
45017,0.5
45019,0.5
45020,0.5
45021,0.5
45024,0.5
45025,0.5
45030,0.5
45033,0.5
45034,0.5
45039,0.5
45042,0.5
45049,0.5
45054,0.5
45057,0.5
45058,0.5
45059,0.5
45068,0.5
45071,0.5
45072,0.5
45076,0.5
45077,0.5
45080,0.5
45082,0.5
45089,0.5
45092,0.5
45093,0.5
45099,0.5
45103,0.5
45105,0.5
45109,0.5
45114,0.5
45117,0.5
45122,0.5
45123,0.5
45124,0.5
45125,0.5
45127,0.5
45128,0.5
45129,0.5
45133,0.5
45137,0.5
45138,0.5
45144,0.5
45156,0.5
45158,0.5
45160,0.5
45161,0.5
45162,0.5
45165,0.5
45167,0.5
45171,0.5
45173,0.5
45174,0.5
45178,0.5
45180,0.5
45185,0.5
45187,0.5
45195,0.5
45197,0.5
45201,0.5
45202,0.5
45206,0.5
45207,0.5
45210,0.5
45218,0.5
45220,0.5
45222,0.5
45223,0.5
45224,0.5
45230,0.5
45242,0.5
45252,0.5
45254,0.5
45267,0.5
45268,0.5
45270,0.5
45275,0.5
45277,0.5
45278,0.5
45281,0.5
45285,0.5
45291,0.5
45292,0.5
45294,0.5
45295,0.5
45297,0.5
45300,0.5
45302,0.5
45303,0.5
45305,0.5
45308,0.5
45309,0.5
45313,0.5
45316,0.5
45323,0.5
45326,0.5
45327,0.5
45329,0.5
45331,0.5
45335,0.5
45341,0.5
45345,0.5
45346,0.5
45347,0.5
45348,0.5
45351,0.5
45354,0.5
45355,0.5
45358,0.5
45360,0.5
45361,0.5
45362,0.5
45369,0.5
45373,0.5
45374,0.5
45378,0.5
45382,0.5
45384,0.5
45393,0.5
45397,0.5
45398,0.5
45403,0.5
45411,0.5
45414,0.5
45415,0.5
45416,0.5
45420,0.5
45423,0.5
45424,0.5
45425,0.5
45427,0.5
45428,0.5
45431,0.5
45432,0.5
45437,0.5
45438,0.5
45439,0.5
45441,0.5
45442,0.5
45443,0.5
45445,0.5
45448,0.5
45452,0.5
45454,0.5
45459,0.5
45461,0.5
45462,0.5
45476,0.5
45479,0.5
45481,0.5
45483,0.5
45489,0.5
45490,0.5
45498,0.5
45499,0.5
45500,0.5
45501,0.5
45510,0.5
45519,0.5
45520,0.5
45523,0.5
45528,0.5
45531,0.5
45534,0.5
45535,0.5
45541,0.5
45542,0.5
45545,0.5
45547,0.5
45553,0.5
45555,0.5
45558,0.5
45563,0.5
45564,0.5
45566,0.5
45567,0.5
45572,0.5
45574,0.5
45583,0.5
45586,0.5
45589,0.5
45592,0.5
45593,0.5
45598,0.5
45601,0.5
45604,0.5
45605,0.5
45607,0.5
45614,0.5
45621,0.5
45623,0.5
45628,0.5
45634,0.5
45638,0.5
45639,0.5
45644,0.5
45649,0.5
45650,0.5
45653,0.5
45655,0.5
45656,0.5
45658,0.5
45660,0.5
45663,0.5
45666,0.5
45669,0.5
45671,0.5
45672,0.5
45674,0.5
45676,0.5
45679,0.5
45680,0.5
45682,0.5
45683,0.5
45685,0.5
45686,0.5
45693,0.5
45694,0.5
45696,0.5
45699,0.5
45702,0.5
45703,0.5
45707,0.5
45708,0.5
45709,0.5
45712,0.5
45714,0.5
45717,0.5
45719,0.5
45728,0.5
45730,0.5
45731,0.5
45733,0.5
45734,0.5
45737,0.5
45738,0.5
45740,0.5
45744,0.5
45751,0.5
45752,0.5
45760,0.5
45763,0.5
45770,0.5
45772,0.5
45773,0.5
45775,0.5
45781,0.5
45783,0.5
45785,0.5
45787,0.5
45788,0.5
45791,0.5
45801,0.5
45803,0.5
45804,0.5
45806,0.5
45808,0.5
45811,0.5
45813,0.5
45816,0.5
45817,0.5
45818,0.5
45824,0.5
45825,0.5
45828,0.5
45833,0.5
45839,0.5
45854,0.5
45856,0.5
45857,0.5
45858,0.5
45862,0.5
45868,0.5
45872,0.5
45874,0.5
45879,0.5
45885,0.5
45887,0.5
45890,0.5
45892,0.5
45894,0.5
45895,0.5
45896,0.5
45897,0.5
45902,0.5
45920,0.5
45922,0.5
45924,0.5
45925,0.5
45929,0.5
45934,0.5
45935,0.5
45937,0.5
45939,0.5
45940,0.5
45942,0.5
45945,0.5
45946,0.5
45951,0.5
45953,0.5
45958,0.5
45962,0.5
45966,0.5
45972,0.5
45975,0.5
45983,0.5
45984,0.5
45986,0.5
45989,0.5
45994,0.5
45996,0.5
45997,0.5
45998,0.5
46000,0.5
46001,0.5
46002,0.5
46004,0.5
46019,0.5
46021,0.5
46024,0.5
46025,0.5
46033,0.5
46034,0.5
46035,0.5
46036,0.5
46039,0.5
46044,0.5
46057,0.5
46058,0.5
46060,0.5
46061,0.5
46063,0.5
46064,0.5
46066,0.5
46075,0.5
46076,0.5
46080,0.5
46083,0.5
46084,0.5
46091,0.5
46100,0.5
46107,0.5
46113,0.5
46118,0.5
46120,0.5
46130,0.5
46146,0.5
46150,0.5
46152,0.5
46154,0.5
46155,0.5
46168,0.5
46175,0.5
46183,0.5
46189,0.5
46192,0.5
46195,0.5
46201,0.5
46202,0.5
46203,0.5
46204,0.5
46212,0.5
46220,0.5
46223,0.5
46224,0.5
46227,0.5
46228,0.5
46230,0.5
46245,0.5
46246,0.5
46249,0.5
46253,0.5
46255,0.5
46258,0.5
46263,0.5
46265,0.5
46269,0.5
46272,0.5
46273,0.5
46278,0.5
46281,0.5
46285,0.5
46286,0.5
46290,0.5
46294,0.5
46300,0.5
46305,0.5
46325,0.5
46334,0.5
46339,0.5
46340,0.5
46341,0.5
46342,0.5
46346,0.5
46349,0.5
46351,0.5
46352,0.5
46355,0.5
46360,0.5
46367,0.5
46372,0.5
46379,0.5
46384,0.5
46385,0.5
46390,0.5
46398,0.5
46400,0.5
46401,0.5
46402,0.5
46407,0.5
46408,0.5
46409,0.5
46414,0.5
46419,0.5
46420,0.5
46421,0.5
46426,0.5
46430,0.5
46437,0.5
46438,0.5
46449,0.5
46450,0.5
46455,0.5
46456,0.5
46464,0.5
46465,0.5
46468,0.5
46470,0.5
46471,0.5
46472,0.5
46477,0.5
46479,0.5
46480,0.5
46483,0.5
46484,0.5
46489,0.5
46490,0.5
46491,0.5
46493,0.5
46496,0.5
46498,0.5
46502,0.5
46510,0.5
46511,0.5
46516,0.5
46519,0.5
46523,0.5
46524,0.5
46525,0.5
46526,0.5
46528,0.5
46530,0.5
46534,0.5
46535,0.5
46540,0.5
46541,0.5
46542,0.5
46557,0.5
46560,0.5
46561,0.5
46568,0.5
46569,0.5
46572,0.5
46573,0.5
46574,0.5
46576,0.5
46577,0.5
46581,0.5
46582,0.5
46585,0.5
46587,0.5
46588,0.5
46590,0.5
46591,0.5
46595,0.5
46596,0.5
46598,0.5
46599,0.5
46600,0.5
46602,0.5
46606,0.5
46614,0.5
46615,0.5
46618,0.5
46619,0.5
46621,0.5
46622,0.5
46623,0.5
46624,0.5
46626,0.5
46631,0.5
46637,0.5
46639,0.5
46643,0.5
46644,0.5
46645,0.5
46652,0.5
46658,0.5
46664,0.5
46668,0.5
46674,0.5
46675,0.5
46688,0.5
46691,0.5
46694,0.5
46696,0.5
46698,0.5
46705,0.5
46707,0.5
46708,0.5
46709,0.5
46710,0.5
46711,0.5
46715,0.5
46716,0.5
46719,0.5
46720,0.5
46722,0.5
46723,0.5
46735,0.5
46740,0.5
46741,0.5
46742,0.5
46743,0.5
46745,0.5
46746,0.5
46748,0.5
46769,0.5
46772,0.5
46773,0.5
46777,0.5
46778,0.5
46792,0.5
46793,0.5
46797,0.5
46802,0.5
46804,0.5
46806,0.5
46809,0.5
46810,0.5
46817,0.5
46819,0.5
46821,0.5
46823,0.5
46824,0.5
46828,0.5
46831,0.5
46832,0.5
46836,0.5
46841,0.5
46842,0.5
46844,0.5
46845,0.5
46859,0.5
46864,0.5
46867,0.5
46876,0.5
46878,0.5
46880,0.5
46882,0.5
46890,0.5
46894,0.5
46900,0.5
46905,0.5
46908,0.5
46910,0.5
46912,0.5
46914,0.5
46918,0.5
46921,0.5
46926,0.5
46927,0.5
46937,0.5
46955,0.5
46958,0.5
46961,0.5
46970,0.5
46973,0.5
46975,0.5
46979,0.5
46980,0.5
46992,0.5
46997,0.5
46998,0.5
47000,0.5
47002,0.5
47004,0.5
47005,0.5
47008,0.5
47009,0.5
47011,0.5
47014,0.5
47016,0.5
47021,0.5
47024,0.5
47027,0.5
47028,0.5
47030,0.5
47031,0.5
47032,0.5
47040,0.5
47046,0.5
47047,0.5
47049,0.5
47062,0.5
47063,0.5
47064,0.5
47065,0.5
47066,0.5
47067,0.5
47070,0.5
47071,0.5
47076,0.5
47077,0.5
47078,0.5
47082,0.5
47084,0.5
47086,0.5
47088,0.5
47096,0.5
47097,0.5
47099,0.5
47107,0.5
47110,0.5
47111,0.5
47113,0.5
47117,0.5
47119,0.5
47122,0.5
47123,0.5
47124,0.5
47129,0.5
47135,0.5
47138,0.5
47140,0.5
47143,0.5
47144,0.5
47149,0.5
47153,0.5
47155,0.5
47158,0.5
47170,0.5
47173,0.5
47174,0.5
47176,0.5
47186,0.5
47190,0.5
47194,0.5
47196,0.5
47197,0.5
47198,0.5
47202,0.5
47204,0.5
47211,0.5
47216,0.5
47220,0.5
47221,0.5
47222,0.5
47226,0.5
47233,0.5
47234,0.5
47235,0.5
47238,0.5
47240,0.5
47241,0.5
47249,0.5
47250,0.5
47253,0.5
47256,0.5
47260,0.5
47262,0.5
47263,0.5
47269,0.5
47277,0.5
47278,0.5
47285,0.5
47286,0.5
47288,0.5
47291,0.5
47292,0.5
47295,0.5
47296,0.5
47303,0.5
47304,0.5
47305,0.5
47307,0.5
47310,0.5
47316,0.5
47318,0.5
47330,0.5
47331,0.5
47336,0.5
47337,0.5
47338,0.5
47341,0.5
47342,0.5
47344,0.5
47348,0.5
47357,0.5
47358,0.5
47359,0.5
47373,0.5
47377,0.5
47378,0.5
47382,0.5
47383,0.5
47385,0.5
47387,0.5
47388,0.5
47399,0.5
47401,0.5
47405,0.5
47406,0.5
47413,0.5
47417,0.5
47419,0.5
47422,0.5
47425,0.5
47429,0.5
47433,0.5
47437,0.5
47439,0.5
47440,0.5
47441,0.5
47442,0.5
47445,0.5
47450,0.5
47452,0.5
47454,0.5
47456,0.5
47460,0.5
47463,0.5
47470,0.5
47476,0.5
47479,0.5
47480,0.5
47481,0.5
47485,0.5
47486,0.5
47494,0.5
47495,0.5
47498,0.5
47499,0.5
47502,0.5
47505,0.5
47507,0.5
47519,0.5
47526,0.5
47530,0.5
47531,0.5
47533,0.5
47534,0.5
47535,0.5
47539,0.5
47540,0.5
47552,0.5
47555,0.5
47559,0.5
47560,0.5
47561,0.5
47565,0.5
47567,0.5
47569,0.5
47571,0.5
47575,0.5
47576,0.5
47577,0.5
47578,0.5
47579,0.5
47583,0.5
47585,0.5
47590,0.5
47591,0.5
47593,0.5
47595,0.5
47599,0.5
47602,0.5
47608,0.5
47609,0.5
47615,0.5
47620,0.5
47626,0.5
47630,0.5
47632,0.5
47636,0.5
47637,0.5
47640,0.5
47642,0.5
47643,0.5
47649,0.5
47655,0.5
47657,0.5
47660,0.5
47663,0.5
47667,0.5
47669,0.5
47670,0.5
47674,0.5
47675,0.5
47679,0.5
47689,0.5
47691,0.5
47695,0.5
47705,0.5
47708,0.5
47709,0.5
47712,0.5
47723,0.5
47725,0.5
47727,0.5
47729,0.5
47731,0.5
47732,0.5
47734,0.5
47738,0.5
47747,0.5
47750,0.5
47753,0.5
47758,0.5
47759,0.5
47760,0.5
47762,0.5
47763,0.5
47765,0.5
47766,0.5
47768,0.5
47769,0.5
47771,0.5
47777,0.5
47783,0.5
47785,0.5
47788,0.5
47794,0.5
47797,0.5
47798,0.5
47800,0.5
47801,0.5
47802,0.5
47807,0.5
47809,0.5
47814,0.5
47816,0.5
47818,0.5
47821,0.5
47822,0.5
47823,0.5
47827,0.5
47833,0.5
47848,0.5
47849,0.5
47851,0.5
47857,0.5
47858,0.5
47864,0.5
47866,0.5
47869,0.5
47871,0.5
47872,0.5
47875,0.5
47876,0.5
47883,0.5
47893,0.5
47895,0.5
47897,0.5
47908,0.5
47909,0.5
47912,0.5
47915,0.5
47921,0.5
47924,0.5
47925,0.5
47926,0.5
47929,0.5
47934,0.5
47944,0.5
47945,0.5
47952,0.5
47958,0.5
47959,0.5
47960,0.5
47964,0.5
47965,0.5
47966,0.5
47970,0.5
47974,0.5
47984,0.5
47985,0.5
47986,0.5
47988,0.5
47991,0.5
47992,0.5
47994,0.5
47997,0.5
47999,0.5
48005,0.5
48009,0.5
48011,0.5
48012,0.5
48018,0.5
48024,0.5
48044,0.5
48046,0.5
48047,0.5
48049,0.5
48053,0.5
48055,0.5
48059,0.5
48063,0.5
48064,0.5
48070,0.5
48071,0.5
48074,0.5
48076,0.5
48089,0.5
48091,0.5
48096,0.5
48102,0.5
48107,0.5
48108,0.5
48110,0.5
48112,0.5
48113,0.5
48117,0.5
48119,0.5
48123,0.5
48124,0.5
48125,0.5
48126,0.5
48129,0.5
48134,0.5
48146,0.5
48148,0.5
48153,0.5
48159,0.5
48160,0.5
48162,0.5
48165,0.5
48173,0.5
48175,0.5
48182,0.5
48186,0.5
48188,0.5
48189,0.5
48190,0.5
48192,0.5
48193,0.5
48194,0.5
48199,0.5
48202,0.5
48206,0.5
48209,0.5
48211,0.5
48224,0.5
48234,0.5
48235,0.5
48241,0.5
48244,0.5
48246,0.5
48248,0.5
48250,0.5
48255,0.5
48263,0.5
48265,0.5
48266,0.5
48267,0.5
48272,0.5
48275,0.5
48279,0.5
48280,0.5
48283,0.5
48285,0.5
48287,0.5
48288,0.5
48292,0.5
48293,0.5
48294,0.5
48295,0.5
48299,0.5
48304,0.5
48305,0.5
48308,0.5
48311,0.5
48321,0.5
48325,0.5
48328,0.5
48329,0.5
48330,0.5
48334,0.5
48336,0.5
48337,0.5
48338,0.5
48340,0.5
48341,0.5
48345,0.5
48347,0.5
48348,0.5
48353,0.5
48358,0.5
48368,0.5
48369,0.5
48372,0.5
48381,0.5
48382,0.5
48387,0.5
48393,0.5
48396,0.5
48408,0.5
48409,0.5
48414,0.5
48427,0.5
48432,0.5
48434,0.5
48435,0.5
48436,0.5
48438,0.5
48443,0.5
48444,0.5
48451,0.5
48455,0.5
48457,0.5
48458,0.5
48459,0.5
48467,0.5
48468,0.5
48472,0.5
48474,0.5
48475,0.5
48477,0.5
48478,0.5
48480,0.5
48481,0.5
48488,0.5
48489,0.5
48501,0.5
48504,0.5
48505,0.5
48509,0.5
48512,0.5
48513,0.5
48517,0.5
48518,0.5
48520,0.5
48522,0.5
48524,0.5
48525,0.5
48531,0.5
48533,0.5
48534,0.5
48535,0.5
48540,0.5
48549,0.5
48552,0.5
48555,0.5
48557,0.5
48559,0.5
48561,0.5
48570,0.5
48571,0.5
48572,0.5
48577,0.5
48578,0.5
48579,0.5
48584,0.5
48585,0.5
48597,0.5
48600,0.5
48605,0.5
48610,0.5
48613,0.5
48614,0.5
48616,0.5
48619,0.5
48620,0.5
48622,0.5
48623,0.5
48630,0.5
48633,0.5
48637,0.5
48638,0.5
48640,0.5
48641,0.5
48642,0.5
48643,0.5
48650,0.5
48654,0.5
48656,0.5
48657,0.5
48659,0.5
48660,0.5
48669,0.5
48671,0.5
48674,0.5
48675,0.5
48677,0.5
48682,0.5
48685,0.5
48687,0.5
48690,0.5
48691,0.5
48699,0.5
48705,0.5
48707,0.5
48711,0.5
48713,0.5
48721,0.5
48725,0.5
48726,0.5
48727,0.5
48729,0.5
48730,0.5
48733,0.5
48735,0.5
48737,0.5
48739,0.5
48742,0.5
48744,0.5
48747,0.5
48754,0.5
48755,0.5
48756,0.5
48757,0.5
48759,0.5
48761,0.5
48762,0.5
48764,0.5
48765,0.5
48770,0.5
48775,0.5
48777,0.5
48778,0.5
48781,0.5
48786,0.5
48794,0.5
48796,0.5
48797,0.5
48798,0.5
48799,0.5
48800,0.5
48803,0.5
48808,0.5
48809,0.5
48815,0.5
48822,0.5
48823,0.5
48826,0.5
48829,0.5
48831,0.5
48835,0.5
48838,0.5
48839,0.5
48840,0.5
48841,0.5
48845,0.5
48850,0.5
48851,0.5
48852,0.5
48854,0.5
48858,0.5
48863,0.5
48867,0.5
48868,0.5
48873,0.5
48874,0.5
48876,0.5
48884,0.5
48885,0.5
48898,0.5
48899,0.5
48904,0.5
48905,0.5
48907,0.5
48910,0.5
48912,0.5
48914,0.5
48917,0.5
48918,0.5
48922,0.5
48936,0.5
48940,0.5
48949,0.5
48952,0.5
48961,0.5
48962,0.5
48965,0.5
48966,0.5
48976,0.5
48984,0.5
48991,0.5
48994,0.5
49000,0.5
49001,0.5
49005,0.5
49006,0.5
49010,0.5
49016,0.5
49017,0.5
49018,0.5
49022,0.5
49025,0.5
49027,0.5
49028,0.5
49030,0.5
49033,0.5
49039,0.5
49042,0.5
49046,0.5
49051,0.5
49056,0.5
49057,0.5
49058,0.5
49060,0.5
49063,0.5
49071,0.5
49074,0.5
49075,0.5
49076,0.5
49079,0.5
49080,0.5
49091,0.5
49094,0.5
49096,0.5
49100,0.5
49103,0.5
49104,0.5
49108,0.5
49111,0.5
49113,0.5
49114,0.5
49115,0.5
49117,0.5
49121,0.5
49129,0.5
49130,0.5
49136,0.5
49145,0.5
49146,0.5
49148,0.5
49150,0.5
49151,0.5
49152,0.5
49155,0.5
49164,0.5
49166,0.5
49168,0.5
49169,0.5
49171,0.5
49177,0.5
49178,0.5
49179,0.5
49185,0.5
49189,0.5
49193,0.5
49195,0.5
49196,0.5
49201,0.5
49202,0.5
49204,0.5
49210,0.5
49211,0.5
49223,0.5
49224,0.5
49227,0.5
49230,0.5
49231,0.5
49233,0.5
49236,0.5
49247,0.5
49248,0.5
49249,0.5
49251,0.5
49252,0.5
49255,0.5
49256,0.5
49258,0.5
49276,0.5
49278,0.5
49281,0.5
49283,0.5
49290,0.5
49294,0.5
49295,0.5
49299,0.5
49301,0.5
49307,0.5
49310,0.5
49311,0.5
49318,0.5
49325,0.5
49326,0.5
49327,0.5
49329,0.5
49334,0.5
49340,0.5
49341,0.5
49346,0.5
49347,0.5
49351,0.5
49354,0.5
49359,0.5
49360,0.5
49364,0.5
49365,0.5
49367,0.5
49376,0.5
49379,0.5
49381,0.5
49382,0.5
49383,0.5
49387,0.5
49389,0.5
49392,0.5
49394,0.5
49395,0.5
49400,0.5
49403,0.5
49404,0.5
49407,0.5
49414,0.5
49417,0.5
49424,0.5
49425,0.5
49427,0.5
49432,0.5
49433,0.5
49436,0.5
49437,0.5
49439,0.5
49440,0.5
49446,0.5
49447,0.5
49448,0.5
49449,0.5
49451,0.5
49457,0.5
49458,0.5
49460,0.5
49469,0.5
49480,0.5
49483,0.5
49484,0.5
49490,0.5
49491,0.5
49497,0.5
49500,0.5
49508,0.5
49513,0.5
49515,0.5
49521,0.5
49532,0.5
49538,0.5
49552,0.5
49554,0.5
49555,0.5
49558,0.5
49560,0.5
49563,0.5
49564,0.5
49565,0.5
49574,0.5
49576,0.5
49578,0.5
49582,0.5
49590,0.5
49591,0.5
49597,0.5
49600,0.5
49602,0.5
49606,0.5
49608,0.5
49610,0.5
49612,0.5
49616,0.5
49617,0.5
49619,0.5
49624,0.5
49627,0.5
49628,0.5
49629,0.5
49633,0.5
49635,0.5
49642,0.5
49644,0.5
49647,0.5
49648,0.5
49655,0.5
49657,0.5
49658,0.5
49659,0.5
49662,0.5
49670,0.5
49672,0.5
49681,0.5
49684,0.5
49691,0.5
49692,0.5
49696,0.5
49700,0.5
49703,0.5
49706,0.5
49708,0.5
49709,0.5
49716,0.5
49717,0.5
49722,0.5
49724,0.5
49733,0.5
49737,0.5
49738,0.5
49742,0.5
49744,0.5
49745,0.5
49748,0.5
49749,0.5
49751,0.5
49752,0.5
49756,0.5
49758,0.5
49759,0.5
49764,0.5
49771,0.5
49772,0.5
49773,0.5
49777,0.5
49779,0.5
49781,0.5
49782,0.5
49789,0.5
49793,0.5
49795,0.5
49797,0.5
49805,0.5
49807,0.5
49808,0.5
49812,0.5
49814,0.5
49816,0.5
49818,0.5
49820,0.5
49821,0.5
49827,0.5
49829,0.5
49831,0.5
49833,0.5
49840,0.5
49844,0.5
49846,0.5
49848,0.5
49849,0.5
49852,0.5
49863,0.5
49869,0.5
49871,0.5
49873,0.5
49874,0.5
49881,0.5
49882,0.5
49884,0.5
49886,0.5
49893,0.5
49898,0.5
49899,0.5
49901,0.5
49902,0.5
49903,0.5
49905,0.5
49912,0.5
49917,0.5
49923,0.5
49928,0.5
49936,0.5
49938,0.5
49941,0.5
49944,0.5
49947,0.5
49948,0.5
49950,0.5
49952,0.5
49959,0.5
49966,0.5
49972,0.5
49978,0.5
49979,0.5
49980,0.5
49983,0.5
49987,0.5
49989,0.5
49992,0.5
49995,0.5
49996,0.5
49997,0.5
