id,Exited
4,0.08168055420116119
6,0.07795460576084497
13,0.14145825638407786
14,0.027670604045379577
15,0.09578466953339236
16,0.8336408750503363
17,0.6050166606063179
19,0.4722153400932471
23,0.2910735798415696
29,0.10124769826523276
31,0.5096317086946052
33,0.1432783342199834
34,0.0166993314948762
36,0.6114653624434152
40,0.025073804084728278
41,0.9126844177398892
46,0.16485316014496892
48,0.35913385488468064
51,0.00858264359550979
52,0.11755583988958736
54,0.03592529245642477
61,0.07060598271373135
66,0.05084093688962816
69,0.2662886021285329
70,0.45857615547422126
74,0.07768413277377245
77,0.11037069962338095
80,0.02062572856741898
81,0.8205372042313467
85,0.09154389677375904
88,0.11162128240116764
90,0.14257332765313482
92,0.5010473146408441
97,0.11972602787542938
99,0.09635556204602415
100,0.026986076364120988
104,0.25320639305087367
106,0.06902130005677853
107,0.20066230610467437
109,0.011337838975621118
111,0.5860798431386269
112,0.26312398068247944
113,0.10969616556651822
114,0.015165353387044122
126,0.27519744519750544
130,0.2955240958967463
137,0.05501901711872072
138,0.06799719152636281
141,0.3630476009390347
142,0.05131910631972347
147,0.3961919775853448
154,0.22709769795440124
162,0.051611314199055014
163,0.05043576693065217
169,0.11518062412109978
175,0.24575931041224938
179,0.3041702302279955
180,0.6661686377132688
184,0.21905424027448547
187,0.1493799862249727
189,0.08845749785824414
191,0.8135118071417209
193,0.08165373458571534
199,0.04631406296326838
202,0.010036280240782073
206,0.6269442143266422
208,0.1613164994402488
209,0.20056215128897734
210,0.13434203062652866
222,0.0220418824262403
226,0.0609294874233372
227,0.06324669428447632
243,0.5391835577380405
244,0.0985179188713482
245,0.08335578528239583
246,0.1345450312876485
247,0.2620204257859933
248,0.01363152840876968
251,0.452826984067465
253,0.1799569051503412
255,0.17200803831736391
260,0.4498709596406829
263,0.2049879552199391
264,0.13572404776435296
266,0.5666431621762166
268,0.03170188577569134
269,0.04769243686976939
272,0.026394513796545567
277,0.02819707150775787
278,0.4907621370967798
284,0.5314410535635814
290,0.053502958020683916
292,0.04117806574659124
296,0.1136644689634196
297,0.01900277042866013
298,0.07544610991833249
299,0.13251565032111035
302,0.0294894980592021
305,0.04094324639423266
309,0.08150502343204116
311,0.7118288932880424
313,0.09940102795273814
317,0.09877641299731997
321,0.070406479565652
323,0.09924941277251284
325,0.46602557235927106
326,0.21138430082202542
328,0.009051200882881052
332,0.10679118335967816
337,0.5373376955869744
346,0.17231099186282936
347,0.06457480149620357
353,0.10869303230122383
358,0.27319788915619175
360,0.027235811521005387
368,0.19758711148639357
371,0.22861914190596008
377,0.025865123876249802
379,0.026309824608887287
384,0.023814639238835575
385,0.1680119014026816
390,0.38140679277805123
391,0.3527653234043084
398,0.7491500209598098
408,0.0778830319118499
410,0.14810812646995397
414,0.19724695134146125
418,0.12062476312126684
419,0.08212987137552832
421,0.8981189953399754
422,0.03542745841868366
424,0.512111526698825
428,0.3359307257821563
429,0.07451552100167065
430,0.16251645593911432
432,0.004412376191828164
435,0.34331157615742547
436,0.40098745758887133
438,0.04437449498505417
443,0.9083697692250243
445,0.7030316752624587
447,0.1672485738776273
450,0.25902113723897235
451,0.6529117454210922
453,0.5195587366505954
460,0.38945551844643556
466,0.18990845950217028
467,0.14541798982681967
468,0.208341138990523
471,0.22157565260062304
472,0.10045125623592159
474,0.056306090465362196
476,0.14137695669819836
480,0.25438984788549923
484,0.06404984688932908
490,0.056596099345179375
492,0.36606839714155526
496,0.02561963298948405
497,0.11282952285880772
498,0.11748891403824686
501,0.2921894352581842
509,0.0906072426558845
510,0.09739083106924251
512,0.7599296734735524
513,0.046656910439413106
514,0.5766616636824474
516,0.10919264920906435
519,0.5931996587726591
525,0.0189866404310066
528,0.065435887703298
531,0.08742774039774158
533,0.048780148071376025
543,0.13668919886914824
548,0.18793195660474968
553,0.008592092307530769
560,0.036063505398195916
565,0.06674784537943257
567,0.032059386542300006
569,0.036016193223605324
571,0.5944580253929823
575,0.655205823290095
577,0.10688271867536164
580,0.28920944517463565
586,0.7211505076140365
594,0.11354289462693432
602,0.23972515119061963
615,0.3359317143881657
620,0.126471239798168
623,0.03362625110128037
624,0.2959731482928725
625,0.09270336891280885
627,0.042337508131032736
630,0.04539238694335034
632,0.20009549413625996
633,0.05573813990848882
642,0.35032582523895783
644,0.20175619183910518
648,0.14628990288255742
649,0.11220493933378618
650,0.07129899968898365
655,0.21547052007236625
659,0.2755662361218869
663,0.038934500169586224
668,0.8381744575655404
670,0.31145053442962384
671,0.13266213250458767
680,0.06090396676333025
684,0.2869317592840442
685,0.07792496991742776
687,0.0965779021008951
690,0.10976110534268577
692,0.5178527881457275
694,0.14062722812700582
695,0.11300859214636928
705,0.662289432926322
710,0.05699126501674636
712,0.07876045382432982
714,0.11455031020628081
715,0.27610460099872713
716,0.028892149064977314
717,0.036151217354954496
720,0.4091395952409429
721,0.0896892169528038
725,0.045012803601843565
726,0.10432167896988774
729,0.30858506843605515
740,0.03888484233061281
742,0.021305387768888677
747,0.28385564324151624
748,0.17039410288604426
749,0.5756347673537938
750,0.22401329063490868
752,0.4680182589347426
757,0.17104073301041953
758,0.2021884254580375
763,0.045109520286005005
766,0.044068850896436335
767,0.04012009270572794
768,0.4869048022534358
773,0.1010462290713193
774,0.8241769896534649
789,0.025906223689174578
790,0.1898361328331292
794,0.47747337404349993
797,0.05350873744195396
806,0.6436055772035674
808,0.03686990822038188
814,0.23101421248696452
816,0.04462248658080175
818,0.08678412438046866
819,0.05312661038333503
821,0.05165856258244785
829,0.2594421200158235
833,0.23525548380394723
834,0.01910274331037121
842,0.1546368145628185
844,0.0920315862910988
852,0.060255073099198926
853,0.10806883836420675
855,0.44943611659361843
857,0.4917140173232977
861,0.3487326433286745
863,0.03062104737195911
865,0.0327018964460597
866,0.03327059125676311
867,0.031201150977453008
874,0.049988404226435204
876,0.35349056542010954
881,0.03981187744559016
883,0.16238881524056784
890,0.28020982359906316
891,0.1516865559067215
892,0.2284227062636658
895,0.06024801527903644
899,0.06803869351027116
900,0.17485275783985144
902,0.4395543952514052
905,0.18819052849686865
911,0.10796533883716257
912,0.35906866696037376
920,0.2100852019445309
921,0.046682178589011906
925,0.1562540928507548
927,0.43153564853901005
934,0.08727627812860363
935,0.053462712397336264
936,0.2819377635620136
937,0.12149292159121877
940,0.06755215001821745
944,0.11273672071546992
949,0.11516638282053981
951,0.06909384230133096
952,0.47609606351000305
959,0.599773120126401
960,0.08156844123860678
962,0.2698813591057492
972,0.027852939512626334
979,0.44918490170739417
980,0.32125797734511014
985,0.8925419795564156
986,0.047114429873692486
988,0.05589259722554114
989,0.12869192637949514
990,0.42727778611886985
991,0.09745195094120933
992,0.14954302889252052
998,0.5733886810481755
999,0.4026892448527916
1001,0.12143881144899614
1002,0.22101320784821607
1003,0.521205841002384
1005,0.054717800713659684
1007,0.08985920504596213
1008,0.17805687134688952
1009,0.01501215499471234
1010,0.2037531368806983
1011,0.7852800460804076
1012,0.0765822782664029
1016,0.1582018651640269
1022,0.0390986686066564
1023,0.07869962470939192
1024,0.03223769170419851
1026,0.894495715028156
1032,0.1844124994271483
1034,0.20762854384681845
1040,0.09030529245940001
1041,0.04542016152196425
1045,0.02919121539322935
1046,0.3781019417402101
1049,0.14318918551183488
1051,0.10163793481887504
1063,0.4162038405018097
1064,0.040347585324440695
1065,0.09873215709717649
1067,0.04970990913343114
1068,0.11178337981977092
1073,0.311582730448639
1078,0.5640039746849099
1079,0.03689906282607811
1082,0.08656597540361316
1084,0.29417550713675034
1087,0.29909806519339693
1091,0.05915254967008514
1092,0.026071385021866973
1094,0.08742648814165353
1098,0.06582927189726838
1099,0.16063247806558065
1104,0.06551553150716785
1105,0.02082789246127403
1109,0.07518792709396914
1113,0.06619026940817009
1114,0.03431329275055248
1117,0.2567066910270664
1122,0.567633099911291
1127,0.03296698069573816
1129,0.1787805779939483
1133,0.17636639691558384
1138,0.12544112227421808
1139,0.819419225929095
1141,0.08085364329771638
1143,0.33154763829050893
1156,0.05622572582005787
1157,0.33329604495206144
1159,0.038625015585879684
1165,0.1307256440589552
1166,0.06600494805559866
1170,0.04436811916529034
1172,0.21967925751610237
1174,0.03661930459820034
1177,0.14104956452051362
1182,0.047359218621428785
1184,0.06570382704862535
1188,0.11657227295365634
1195,0.18298549242293066
1199,0.6805819672684839
1202,0.10808599569074331
1205,0.8862628541159384
1212,0.049071969340472976
1214,0.3171019146232575
1215,0.07960158057424949
1225,0.4272351876056493
1226,0.5222725993831411
1228,0.4556082044874053
1234,0.7304827019040232
1236,0.10380854995340155
1237,0.38907700814414115
1250,0.829085612481819
1251,0.40773551572768574
1252,0.4597456849639318
1258,0.2824808986194235
1268,0.19209613320133212
1271,0.479101570238755
1272,0.10523694969917088
1275,0.10142929005828215
1278,0.06686176627943184
1284,0.051396522448485145
1285,0.5078643948656505
1286,0.30001284797912725
1287,0.31926722531967633
1288,0.2324412891010367
1290,0.047889556070375636
1291,0.02338889389165035
1294,0.02409303168934779
1295,0.6375460271559331
1301,0.07531040621333039
1306,0.058181547056479016
1307,0.10297640934500045
1316,0.1950510777184546
1317,0.07528535134382654
1320,0.14271396677709805
1328,0.7574482063753688
1329,0.1103342287000251
1335,0.022258175070844512
1336,0.09205847894109351
1338,0.3791813669913741
1339,0.5207913922225434
1341,0.02247621081758607
1342,0.21320879893277803
1345,0.4930887556050906
1350,0.028969960156780578
1356,0.09080982697350991
1357,0.05730067494646946
1358,0.7998224203642591
1359,0.037155014367352274
1362,0.13425796568158388
1363,0.023569340921436213
1369,0.7414870321286863
1370,0.24902466847647212
1372,0.022960630178382995
1377,0.2507247357903941
1380,0.2324913865077302
1381,0.039193825645209956
1383,0.3808558120021032
1387,0.13481939860905115
1388,0.08969732518381521
1389,0.0667257716749905
1390,0.055590796613434336
1393,0.24663063338170585
1396,0.30739576906802013
1398,0.17963821743337363
1402,0.10957234957525142
1407,0.3999215079242225
1415,0.4130681222997272
1416,0.4309145439446092
1417,0.12436356254716387
1421,0.019570349929156117
1425,0.018039420093596287
1426,0.14110515672462223
1430,0.1561677642812659
1433,0.3473650939972875
1436,0.009632893151126615
1437,0.3202796180364677
1440,0.25211168062243877
1442,0.5376885662229246
1445,0.042193400744667604
1446,0.4851824536198156
1447,0.0586258742805929
1456,0.19675033311007747
1459,0.31256270758181276
1464,0.05040697563055389
1465,0.06635314485196864
1466,0.25072633185176313
1471,0.05207686754972263
1472,0.05680334780010601
1473,0.7100613208373368
1479,0.07323826166975894
1484,0.1835289710391775
1485,0.09549471287093829
1487,0.08221011086541383
1488,0.2182600896731967
1489,0.06613226507420379
1495,0.050999884357089326
1502,0.06652724321072875
1506,0.6477854779427786
1510,0.16378188346288092
1512,0.03380022275770488
1514,0.06390180215922615
1517,0.27659781392135085
1519,0.6205968185484981
1522,0.11081217347074294
1523,0.21216161867034666
1524,0.15766239726645226
1526,0.0780812333190372
1527,0.3621396807618866
1530,0.0902787612946835
1534,0.14501916649666802
1536,0.23478402695923564
1538,0.24406555998052085
1539,0.44769352219788106
1541,0.08427552346700216
1548,0.5873198630317367
1549,0.02681981074483972
1550,0.04285427626719575
1562,0.4041462894280822
1566,0.06514469917613633
1573,0.7482879194741446
1576,0.15347274633717337
1578,0.0775553491640288
1580,0.04033879281308169
1581,0.05556449657502335
1585,0.034006538710192644
1589,0.14942236034109257
1594,0.15263116307095836
1595,0.9045304592327044
1600,0.14598558907869053
1603,0.032136215785370806
1605,0.05808121526665984
1607,0.7428988923001936
1612,0.08956417716548602
1619,0.08422568150692927
1623,0.048227569295825355
1624,0.10218257619635888
1634,0.025987582452367486
1636,0.020843976867411178
1643,0.045620751456299666
1645,0.04741128367404585
1652,0.25399701901817134
1655,0.03542908626790475
1657,0.11959370060328829
1658,0.11433553348771382
1661,0.1480468143806593
1663,0.015830826625171476
1664,0.6637595725469788
1665,0.024356982037834957
1668,0.7697296365531086
1672,0.03803539355731965
1684,0.04416516673832191
1696,0.4801545796045135
1701,0.052952727762054806
1702,0.09233878720355905
1703,0.1743760674029051
1705,0.1957857786214629
1715,0.19001978333606157
1716,0.04787061432851574
1723,0.3974165501233805
1726,0.026517593949507458
1729,0.21531687344955064
1730,0.31987867110362755
1733,0.02358179209165584
1740,0.4935312213005082
1742,0.07596145543394754
1743,0.2041603126787088
1745,0.14133945761170805
1746,0.030817483707227877
1750,0.20925949837324795
1751,0.2696092738389759
1753,0.2647973215347023
1755,0.1816546419884516
1758,0.03412952191413775
1760,0.13130525980404928
1768,0.9670504961463579
1771,0.31243137919291775
1773,0.3600260653903619
1777,0.6776663548606641
1778,0.29612866291742
1779,0.5572252619168888
1780,0.4661354128115758
1782,0.12020617250816426
1783,0.029822477413575472
1788,0.03844616993641897
1790,0.03973474278164267
1796,0.11408891372089422
1797,0.09062747501460817
1801,0.4339595644626764
1802,0.08205455010254692
1804,0.3197340656593135
1810,0.403394418730619
1814,0.45077846215842526
1815,0.7333603516909017
1816,0.2994053368542775
1818,0.0836407896481018
1819,0.15274351538208097
1822,0.14218210831970293
1827,0.03472002975501295
1828,0.028201633940453472
1830,0.18214761265767976
1833,0.1329420415437604
1841,0.5552688476109428
1846,0.04251622183093117
1847,0.163085032147851
1848,0.024864361395683814
1851,0.3669553811537649
1853,0.07446132539753444
1854,0.07249939132613775
1858,0.020015224502259267
1867,0.08894027410205274
1868,0.10048019543146278
1872,0.025080708353159568
1878,0.1821560615875801
1880,0.14459877752781633
1882,0.26587606397847624
1883,0.30367255575231705
1885,0.10012059790291601
1886,0.053518135707497486
1891,0.2785419008099053
1892,0.08431556155587014
1893,0.044781984050835395
1897,0.20328445777870593
1901,0.3032294638694657
1904,0.4594457599615284
1908,0.07695297268215776
1911,0.16359614647737825
1912,0.1361010004895142
1920,0.04236429265244767
1921,0.19014008574489796
1926,0.17411286679012072
1928,0.1506540319604907
1932,0.1977936688525023
1936,0.04707808190865365
1937,0.09930616349338613
1938,0.2504905425533798
1940,0.18087320385595218
1941,0.30045037409968367
1942,0.11084048502347439
1944,0.05587606684904736
1948,0.5471336834905949
1951,0.05386705488567183
1952,0.047039208666083486
1954,0.06391721603939142
1955,0.32528893593456654
1956,0.17060271039091465
1962,0.46923067594854445
1966,0.024200102769600055
1967,0.45370362354280963
1970,0.07888285759579693
1974,0.2357121188092531
1975,0.32401056782515997
1985,0.32255440500171606
1987,0.15735630576703868
1991,0.09695722237742974
1992,0.29198824672759927
1996,0.04892394738199117
1999,0.05069908086611681
2001,0.5129026418066708
2004,0.33467788423893985
2006,0.04428057357079083
2012,0.15199072285641993
2016,0.05157076587640098
2022,0.04554649612076242
2026,0.11184012156312059
2032,0.41060341811595097
2036,0.28865895618891607
2038,0.2684888469371835
2039,0.02118820061655826
2040,0.4821086250969383
2042,0.2415358316248249
2046,0.18221386114684948
2047,0.017934537365356065
2050,0.05266990495936309
2051,0.03808779779475808
2054,0.05268283310302627
2057,0.08369645229355004
2059,0.02875798329546417
2068,0.38471540712865754
2069,0.24592865911480474
2070,0.061056305840087345
2073,0.0559228303018985
2077,0.018926258796315362
2078,0.24763461609662574
2083,0.13599013992122197
2084,0.13316675141494277
2090,0.6968550501931309
2094,0.21218630781842754
2096,0.15360250513137128
2102,0.07835523504527452
2106,0.5174099500635014
2109,0.1132780401646211
2110,0.09413378833563252
2111,0.4221064048390522
2117,0.815775327776298
2124,0.04642961091752798
2128,0.05837589832505072
2130,0.08116791926610539
2134,0.05743451889498744
2138,0.09264908631093155
2139,0.10869546110653555
2141,0.036775691212408895
2146,0.2654371465544998
2150,0.3867483212081955
2153,0.07395239054302334
2160,0.5753505180340646
2168,0.6616665218317795
2171,0.03898051603028853
2176,0.15384860046993937
2177,0.08033593879164422
2178,0.08001211021107796
2180,0.12969902457921018
2181,0.09364280511995515
2187,0.26883443601518164
2191,0.19037179363095075
2192,0.04698948833814734
2193,0.2149037879055481
2196,0.08536720983284607
2203,0.06205559648326806
2207,0.06794869341719956
2212,0.18380955754626216
2213,0.5153077626354462
2216,0.6059418624394453
2217,0.049142790946008305
2219,0.036064465591168174
2220,0.2694013078495052
2221,0.08966636885887272
2222,0.6617442055441948
2224,0.4885165414648255
2227,0.1022003246502726
2229,0.029719531414965916
2237,0.032615840508055625
2244,0.09759233127353814
2247,0.07593877624288028
2253,0.06568538866049703
2256,0.4048150891311053
2258,0.05477348256023186
2264,0.29124845307873964
2269,0.04361553192564164
2270,0.17529795382938018
2272,0.35829804906578266
2274,0.5135742029416267
2276,0.5389135314188307
2277,0.06642600052157764
2281,0.017511121496489552
2286,0.128146139630542
2288,0.55209042513413
2290,0.5101156983513658
2292,0.09744312096365615
2294,0.9293405041386671
2299,0.8751003078999541
2300,0.01585616360619492
2304,0.10047534208189746
2305,0.07150499634459624
2309,0.08888115465493597
2313,0.04108494836964631
2314,0.009801094850536053
2330,0.21055600323763424
2332,0.13392412642954002
2336,0.1794191779936929
2337,0.5629576646302729
2343,0.5492522306152101
2344,0.382366420797457
2347,0.059411567934645984
2350,0.07662597015902874
2351,0.7247761304533893
2357,0.39706481185001835
2362,0.10834010750292876
2372,0.013158506979490682
2379,0.16504752567860265
2381,0.15740245115096457
2383,0.11044759629420527
2388,0.5162713020485933
2392,0.2601733230640087
2393,0.10729778977228725
2394,0.06491387609606514
2398,0.0423975517478916
2399,0.020653826356915237
2408,0.021583336004257235
2409,0.10784427891729118
2410,0.12392611442854685
2411,0.3767158838799052
2416,0.06327154822291696
2419,0.14905696700150267
2422,0.03883699089778203
2428,0.14371354264053704
2432,0.5214746552664768
2437,0.17593366338668298
2438,0.37213958912371187
2442,0.03216971477036778
2460,0.05836706565441833
2461,0.1012181231560969
2471,0.1631157187475168
2473,0.013751837390223386
2474,0.1828395198248181
2476,0.039272085624920905
2481,0.8038113511446041
2484,0.1805661116881539
2485,0.18597750338602587
2486,0.3789256800495641
2488,0.044486148959319405
2491,0.021632128502770482
2493,0.3837164824895958
2497,0.09906094800998105
2503,0.1371341984267156
2504,0.12242805027256672
2505,0.26410352047243363
2507,0.617429185313463
2508,0.1329831859538715
2514,0.23758212822822988
2515,0.162339593422747
2517,0.009449887827922769
2524,0.27115445775541114
2531,0.7192957611437126
2534,0.01619104407279689
2536,0.06630384523539931
2538,0.04844320266161333
2543,0.4300881396068026
2544,0.5511212575118244
2545,0.2595706520159043
2548,0.2524041406641203
2552,0.08911621908838899
2553,0.12445512633145091
2556,0.3377775713881543
2558,0.03458157162835155
2564,0.03182777121736443
2565,0.2226843620042862
2566,0.5798592073912615
2569,0.07488713843856899
2570,0.31123822400143625
2573,0.10344049820627459
2575,0.11641787923691514
2576,0.04467224896559796
2577,0.07163188115257275
2592,0.08483226524224849
2594,0.060353254497186974
2604,0.0676228128008618
2605,0.7004115482487705
2606,0.14315416321825414
2611,0.14335348357701064
2613,0.050251670963357406
2615,0.5995059974921687
2616,0.15916005977537728
2619,0.029268948880400884
2626,0.2794084653293606
2632,0.12809199063241808
2634,0.011137282480658716
2637,0.062428911065975375
2642,0.14236092008778134
2644,0.09373771171056611
2645,0.08264390219311032
2648,0.10333667983263554
2649,0.29968267117487907
2650,0.2645155282359953
2652,0.2038844444283197
2655,0.02628219348792847
2659,0.033134453532457225
2660,0.38335703104091323
2670,0.046549155192276676
2672,0.03170435558353757
2674,0.12076749234908174
2675,0.08820725822189024
2682,0.10801786284477323
2692,0.1140122389929459
2702,0.0753998892742522
2703,0.04542534857839356
2710,0.022252425025565948
2715,0.31130658445230786
2716,0.4522604348679249
2726,0.05839456129489742
2728,0.07022950784743756
2731,0.234384976257465
2735,0.0679920883980439
2739,0.6911904788097015
2740,0.18696590073849026
2750,0.3291219661769952
2756,0.30680903316942093
2757,0.2040339418125067
2763,0.09818836570914626
2765,0.0804503482688841
2767,0.033287115070247224
2771,0.1712879469496534
2788,0.6876288167596156
2790,0.17693146982743208
2797,0.00732674852577525
2804,0.17555465358723915
2807,0.0752058674996732
2815,0.08400777903101991
2818,0.5464649733222582
2819,0.09828478546459887
2820,0.012328471884094177
2822,0.7208338493795734
2823,0.589826376918378
2829,0.07215055796923643
2831,0.0636889918937367
2838,0.17291441609969238
2842,0.06623394021484744
2844,0.10191702440573056
2845,0.13638527091844796
2846,0.05195356147459978
2852,0.2861334027572543
2856,0.17791251015180345
2858,0.0407254922938578
2870,0.9055745222446276
2871,0.14726023516020925
2872,0.46778348004593107
2873,0.06530929756106008
2875,0.16681965024707363
2877,0.19612225988401805
2885,0.26403630347382334
2887,0.14171366025856275
2893,0.3812879843004035
2896,0.18079425948524497
2901,0.018729212386100532
2905,0.16824622017654348
2908,0.11492758736181843
2912,0.3172900689184544
2913,0.04232335955274612
2918,0.7695922775359476
2928,0.012306026287734528
2929,0.6936368059511484
2932,0.12437470189071849
2939,0.21670489798645054
2940,0.05042900460256867
2951,0.15944480135722727
2956,0.1855855702740444
2957,0.06616475059496463
2960,0.16506177312902534
2974,0.2509016458163424
2975,0.09567756060114711
2977,0.07149766374224156
2981,0.07354020803538551
2986,0.2016693000095515
2991,0.03770849014172193
2993,0.7013449134438641
2994,0.26174507154392496
2999,0.08316328281460705
3007,0.06776368450540902
3008,0.13926112571936344
3010,0.2627123895926955
3011,0.031626981281780916
3013,0.026480626517426394
3014,0.23529999583329095
3023,0.4128980585237995
3024,0.09223542460714033
3028,0.09256870045716026
3034,0.0176506793158585
3036,0.03186939072856513
3041,0.38007827996350896
3042,0.5460824126584403
3046,0.22102432745690628
3047,0.49229681962032856
3048,0.5702625718281381
3051,0.43151178866303036
3055,0.03049637323205801
3058,0.1254512477574129
3072,0.07765037916471647
3085,0.08461096449386879
3088,0.06834175599788461
3093,0.06633342578774741
3094,0.3099366896114972
3095,0.14004015471369918
3098,0.4979746990397453
3103,0.1054308030340109
3108,0.18945675725610933
3111,0.1107439930675978
3113,0.05565480815317811
3121,0.18987409531239582
3122,0.1212591894052359
3126,0.07786068133562501
3128,0.04739248296092817
3130,0.024086644809775792
3133,0.02071513701069315
3134,0.19880115303464457
3143,0.023489917339063134
3148,0.04465367656970583
3153,0.09981982772391271
3154,0.3033825981352932
3156,0.010055571535985538
3157,0.32890060525176057
3158,0.06203223901831708
3160,0.06760369593050874
3162,0.5053053972319846
3163,0.15113705067195027
3165,0.6951872438571826
3173,0.355927062109224
3176,0.09546167791866751
3177,0.025444809672746493
3193,0.013168864131917491
3194,0.4455314502915336
3196,0.056746763784073694
3207,0.10177482901271306
3208,0.17243148784019102
3209,0.03144977226580879
3216,0.24811313439943208
3222,0.06481741887363728
3227,0.0698189820372591
3228,0.6824687545605671
3234,0.2515799775092466
3235,0.13046029686935762
3237,0.45668782967272087
3238,0.4419455052209968
3239,0.47569776782282547
3244,0.24443334742501002
3245,0.010768576452488075
3253,0.017286748424771892
3257,0.5247844008745124
3260,0.08446774070117116
3261,0.1314011503996096
3264,0.09477226139509529
3269,0.3450936574631811
3271,0.786967034413349
3272,0.0901297188959617
3273,0.1414189316463334
3281,0.10952071886505349
3282,0.12247268424760596
3286,0.013437994629987257
3287,0.17635348215148355
3288,0.042967364350935136
3294,0.0900700226462018
3296,0.029919195611486822
3299,0.015289526692921369
3301,0.024404511235677204
3303,0.09695791785867011
3305,0.021220083880989653
3308,0.19617257852122916
3316,0.22048193907162675
3319,0.06614923451653114
3324,0.03227338291278365
3325,0.5144627954511436
3328,0.03535609346194989
3330,0.378002901437879
3333,0.8198627419025145
3336,0.023714552615329936
3337,0.28926306244559413
3347,0.4946201424683376
3352,0.12392744753679212
3357,0.5346458135925316
3359,0.3886215517169304
3362,0.024140344048734688
3369,0.05852243616925229
3370,0.04967697160293904
3387,0.008343590035559149
3388,0.06775835434427678
3391,0.3496352180060272
3392,0.025712469901012343
3393,0.10842538056713436
3395,0.04723233915660005
3397,0.20252203933224092
3399,0.04079396505408628
3411,0.023368197645349503
3413,0.21814321753583676
3414,0.016590393511682466
3417,0.041788838456690784
3423,0.006002096737814199
3425,0.16032453188824777
3427,0.20106252442954953
3432,0.04022021572197873
3433,0.1159522869877105
3440,0.11751016796048713
3452,0.2173228777224062
3453,0.060199474883276684
3459,0.16055929469839753
3462,0.03757194647930564
3468,0.32289087193127397
3475,0.07558650451583367
3480,0.07336225992899234
3484,0.4469718154282504
3487,0.04567223887315909
3491,0.05714256015615545
3493,0.05278016175232759
3495,0.1311249994411367
3496,0.802877864718526
3499,0.10160939298417027
3501,0.02955156142419117
3502,0.09827357820002913
3505,0.03792281148913255
3515,0.017513771915315744
3517,0.13608046014474295
3519,0.10409220511343727
3524,0.08106789436629892
3527,0.3130451581253543
3529,0.21456927954321564
3530,0.5922031510827195
3531,0.06728376151610348
3539,0.05321680703350412
3540,0.09232421928292756
3548,0.5318394349775768
3549,0.8461387494495187
3550,0.09442889767811069
3551,0.016711547936112403
3552,0.041680205454340855
3553,0.03476859059069595
3555,0.6209769156769682
3556,0.4926385426918085
3562,0.410703409304055
3568,0.06534678309489694
3569,0.36294906880109096
3577,0.12805370880813094
3578,0.32322226375635493
3579,0.06754740274933883
3582,0.02678656308012219
3584,0.0685510693545035
3586,0.03065689975824919
3588,0.0640247441674831
3589,0.26006604560255936
3591,0.11817850913563306
3593,0.016519488287676447
3595,0.3122895904923126
3598,0.026964961582259413
3599,0.0267090429212707
3603,0.019750389108513358
3613,0.05352315420888435
3617,0.780465621797426
3622,0.5930193957967715
3627,0.17379316800488115
3629,0.14718920301261315
3635,0.12924521593055174
3638,0.02034148840336792
3639,0.23715601249057
3640,0.21185637713278913
3645,0.35793689785677074
3647,0.0262820798111381
3648,0.2625824959098538
3649,0.06806293292688502
3650,0.4005182291968097
3651,0.5791072479362336
3652,0.05254070673619147
3654,0.06230991602868706
3657,0.10963106988089102
3667,0.20006921798696142
3673,0.04185532102387211
3676,0.3805234153857096
3679,0.1405499763845785
3687,0.12831277302056082
3689,0.02218874522351686
3696,0.08580178285392866
3704,0.04544210498178992
3705,0.0344142378207747
3707,0.049812687500528634
3711,0.08198587769621199
3714,0.07822518214362759
3717,0.3266990664271945
3726,0.7458612630025854
3731,0.10486726590152146
3737,0.207304765371489
3742,0.054315687481093396
3744,0.06132664886325126
3745,0.11974183333132557
3754,0.4866188381804878
3755,0.22462377848310391
3757,0.032038973746860724
3763,0.27640179255337227
3765,0.13921058887757667
3769,0.06385786106566611
3771,0.3073368850768393
3772,0.10260604656871979
3773,0.09718820726681962
3774,0.4033953749101274
3777,0.4748884886797495
3778,0.08664910090494955
3779,0.011259543069164374
3783,0.0422958874012155
3790,0.49678921677256155
3794,0.6442523727869817
3796,0.12636873665040846
3799,0.12242590423463036
3802,0.03387654468681718
3805,0.08366050220056527
3814,0.2317475642044393
3817,0.10857540155694802
3818,0.4718792404294093
3820,0.15722967521791598
3826,0.10789818142750138
3832,0.8057371503722219
3836,0.20949090569111278
3843,0.052361839048504985
3844,0.05646830690242852
3847,0.15075360767005408
3848,0.22639326722137654
3850,0.443489278859082
3855,0.3419691181516211
3856,0.6421946452658829
3862,0.04352104260648126
3871,0.06363525190734003
3875,0.7070457926243116
3878,0.06766140563807274
3880,0.07356454850432972
3881,0.7366602382269947
3883,0.12417046535222356
3895,0.016990393740834837
3897,0.32223370694541503
3898,0.5918373939624715
3903,0.15029636673378563
3904,0.04709591670281212
3907,0.377839517088289
3908,0.1479676029212194
3909,0.3725072667710898
3911,0.021454341703848148
3928,0.03747994051270066
3932,0.0847320523230114
3934,0.15997604811994606
3937,0.5504468081997014
3938,0.031573923255780484
3942,0.5210475314977274
3943,0.38506659406246657
3951,0.39574402742483794
3953,0.10966736222523225
3954,0.22488287455770012
3958,0.0749102852688189
3959,0.18654421740911684
3964,0.07950991223953853
3972,0.32082890049324814
3973,0.10840678081076616
3974,0.046662080086088735
3977,0.47324736244592835
3979,0.5327301850071682
3980,0.033816681241850804
3981,0.2732054935753588
3986,0.11495198873328681
3993,0.42650860760817977
3994,0.6457349420004478
3995,0.05848835927039624
3996,0.03968779187326107
3998,0.10569672921186059
3999,0.11330687510205062
4005,0.39877548755510434
4008,0.033456732249050436
4012,0.051332735807624985
4013,0.9267854660973447
4018,0.28419167431977665
4019,0.14361599944061657
4020,0.03250560932659195
4023,0.09098884650175562
4027,0.15798128893397262
4028,0.018989005646800797
4033,0.03989320624773709
4034,0.026038636928862147
4035,0.20565422010090792
4039,0.9035004755874778
4040,0.027519866654950636
4046,0.2268866747820153
4053,0.4309487752096787
4056,0.1090073454506369
4069,0.6384823463533078
4070,0.23989540451970345
4074,0.049356488685484916
4081,0.10106819473922575
4082,0.03962154847693553
4084,0.027422591936469724
4086,0.1274427042930294
4088,0.5235972970277885
4091,0.03760555105895218
4092,0.13797935028300978
4095,0.06847844784283193
4096,0.021609097452738986
4099,0.09860068733934103
4100,0.7347570487741876
4101,0.4316705431438898
4103,0.5242302604488677
4104,0.1793314905341904
4108,0.15778546444550404
4113,0.10362543897377878
4115,0.04586570054719469
4116,0.07472411994962183
4122,0.03507803288592584
4124,0.0729613487377004
4128,0.23732634788314844
4129,0.060813120578501044
4134,0.1599607262679892
4141,0.05101911260555218
4145,0.17436468268067434
4149,0.14198592400962826
4156,0.1305968104860394
4157,0.052711572130968165
4164,0.18279029420929407
4165,0.19145434602091888
4172,0.04813305327493241
4173,0.07636074309762997
4174,0.09099701153188254
4179,0.09506299161201592
4184,0.05690745183624729
4185,0.028052033171474863
4188,0.46165286768847147
4190,0.5640740146030634
4191,0.31051901022981193
4197,0.015732033320138856
4203,0.21402851168273418
4204,0.4988507443257823
4206,0.06104760429449678
4208,0.49363193492515073
4210,0.04226076962307636
4211,0.05659499081834867
4218,0.3366683474643963
4219,0.14280008359149265
4222,0.1658259343953635
4224,0.06884841234958715
4228,0.5327086900327133
4234,0.4392154413512729
4237,0.09005616227527466
4238,0.7569566691482343
4239,0.021543608812250804
4241,0.07098974233789165
4242,0.28351485968074586
4257,0.15826664820289482
4258,0.3473626416367905
4262,0.6944680975825344
4264,0.08676091459978777
4269,0.3374732567095565
4271,0.025411079081088733
4274,0.3162262926449537
4277,0.04440631841580056
4278,0.13905928855253247
4283,0.12423348943045306
4286,0.010601359528934607
4290,0.04060889857549808
4291,0.31757946265866427
4295,0.03528723724230336
4297,0.021628841704486368
4298,0.5933154271361907
4306,0.07363640924356897
4311,0.13102079414126122
4312,0.12111827033527979
4318,0.023986268524899376
4319,0.018331257467094086
4320,0.25917247613235883
4321,0.026814676278521948
4324,0.05107743870846449
4327,0.09045912122348634
4331,0.05291576954589451
4337,0.18416077745719098
4340,0.7996562696696394
4342,0.4892914568682431
4346,0.8039963257685533
4348,0.1454595208906295
4349,0.10858729458702213
4352,0.3493938180294896
4355,0.08562744718253903
4356,0.16518836805962492
4359,0.05850564149558694
4360,0.26671438623250976
4361,0.6736535118173673
4367,0.0704065049180567
4372,0.09297926571001436
4385,0.08434244576910971
4386,0.3767501783804426
4387,0.26120450028692355
4393,0.49456955876759845
4394,0.38398088420874416
4402,0.07655314651964168
4404,0.1340958631202407
4407,0.26063839966185787
4410,0.042735180124622796
4423,0.2268120162634911
4426,0.788006673012073
4434,0.12258900223547992
4435,0.6882572782258249
4439,0.11316659261913241
4443,0.12900948860026412
4450,0.3740747909337857
4451,0.29892749286578596
4460,0.2679657440374165
4461,0.06935442290798664
4463,0.024947239403761846
4469,0.16994903068751058
4471,0.02295471256865247
4477,0.014084513158759639
4484,0.15166677602242348
4487,0.5219381586583198
4488,0.12747688358768677
4494,0.38856294221164733
4497,0.027995069880282396
4498,0.10097906433646274
4508,0.16098937102789118
4513,0.840125956833237
4516,0.11333974470870985
4517,0.04077823151442826
4518,0.23748215052953336
4521,0.1802555044271909
4524,0.0920238556822208
4526,0.09131910346988702
4528,0.518945810405738
4529,0.06007186334662489
4530,0.5872233710358579
4536,0.21166276833705108
4537,0.0193825447466111
4547,0.11457670811837437
4550,0.15960184888203213
4551,0.08328363778524975
4561,0.33952438033004306
4563,0.055396821051709025
4567,0.10385554175317752
4573,0.025930450976100597
4582,0.20561995022181145
4589,0.7547428484595231
4590,0.029097307152205917
4591,0.03224915444561188
4596,0.042712281500155255
4597,0.05871870750069812
4599,0.08671559208144997
4600,0.5311494989705033
4601,0.0182006420172762
4602,0.020528867210663358
4603,0.23712736488709674
4607,0.02635328255033483
4612,0.05893732516894183
4613,0.4514436172637058
4615,0.023490638092035325
4619,0.14522979286203824
4621,0.3960120276599055
4624,0.7962734822831758
4628,0.07545626756058724
4633,0.09999939882295805
4634,0.43595640191637014
4641,0.5589178545350442
4643,0.05007891935755785
4648,0.017336872338278943
4649,0.3519340321660475
4651,0.611375048704409
4654,0.03356340095488976
4655,0.07401133115472977
4656,0.023909503985246012
4659,0.28471741346675505
4663,0.06661739948110516
4667,0.7264085902897189
4673,0.05746104793623077
4681,0.03522577885588181
4682,0.07166532578938117
4697,0.026995463012268822
4700,0.17095122871203716
4701,0.21133807031062185
4704,0.4435582427890312
4706,0.03917420323416782
4708,0.02846843892511131
4709,0.13339972153229102
4713,0.5746511447516415
4714,0.06277400073847231
4716,0.21684046562614095
4722,0.05560545081842267
4723,0.023598145248435697
4725,0.10696432626299322
4727,0.39607489809335317
4729,0.07313586898510398
4738,0.2652502553026609
4746,0.22849527683971696
4749,0.17490904847015742
4750,0.0847975468189692
4751,0.16689975850456742
4753,0.18311031114986384
4755,0.04227287688697647
4758,0.12611497819580167
4760,0.05627380792479691
4762,0.5539264324134879
4764,0.08209707871147989
4766,0.1966552176287366
4768,0.2689295570525997
4771,0.02666128207034585
4772,0.08770000242803527
4773,0.4735355928378845
4776,0.4559017287404963
4778,0.07926350798409205
4779,0.4885946305026937
4783,0.3779076863526581
4784,0.1369668945112903
4787,0.18127578324455274
4792,0.10826864247744376
4793,0.03761029578858906
4797,0.4854145319194754
4802,0.13616783534852964
4803,0.44531359979098684
4807,0.04883151565462628
4811,0.03175781016819762
4815,0.23494868268268523
4820,0.0929080759439949
4821,0.7030961275278331
4825,0.05952227907058502
4829,0.056080289012783335
4831,0.045850696393473285
4832,0.2873517094636452
4834,0.07031706618598417
4836,0.04620372649979744
4837,0.02491695569347562
4838,0.07880080214324313
4842,0.08025333474131885
4845,0.317424934943576
4846,0.09054840651053363
4851,0.29013349392068805
4856,0.20665190268867284
4863,0.5524534799623503
4864,0.03891332929078801
4868,0.38536305184277203
4872,0.118238304621646
4873,0.059774536665465616
4877,0.25712077117228077
4881,0.1136049698425196
4882,0.04059027101979469
4895,0.05063344968028439
4898,0.0321175904300373
4903,0.040097077881335846
4911,0.17886612837044316
4914,0.3456208161637256
4921,0.04067260079338913
4923,0.40651536312015313
4924,0.38686498145304044
4926,0.7625560961300762
4929,0.09544220007778195
4931,0.20163637790948538
4933,0.09619304344680693
4946,0.36921006090189246
4947,0.038542534233718395
4954,0.17249244384187445
4960,0.3123869029960718
4962,0.32631023152078664
4966,0.17015391692864348
4967,0.39454986500869876
4972,0.03183510060554022
4976,0.03030217541500657
4982,0.5849518468990393
4986,0.34468852622525925
4990,0.2284342816144806
4992,0.3986969719146127
4998,0.9106430868125114
5000,0.05589295790838446
5016,0.07435479894929362
5018,0.18262186917066936
5023,0.014683299501978699
5024,0.19280366122936568
5027,0.11538081542168907
5033,0.050567307892579044
5035,0.15075319795269548
5040,0.135126455200339
5041,0.17851233926185456
5042,0.09474883276902879
5043,0.03623804998533016
5045,0.027995537890480808
5047,0.18179194478074326
5059,0.1412240846021122
5060,0.1381915636804384
5061,0.3571538529452888
5063,0.4630787901450041
5066,0.20449766001113354
5069,0.4609222921768512
5071,0.8297644119211393
5078,0.05703317665874875
5080,0.42489815936066794
5082,0.1616717254616825
5087,0.05916685673837776
5089,0.2033801383731083
5091,0.2276314567583091
5093,0.18540704982061387
5096,0.0701684410097195
5101,0.018413043005818426
5102,0.3536516579208953
5104,0.12426122039832599
5106,0.3201859555823012
5107,0.2398089095242185
5108,0.25855695548634755
5112,0.11637554107509708
5114,0.3909558342867918
5116,0.07533037626809713
5123,0.05792095647687174
5133,0.04357219450495023
5144,0.4234835374594759
5147,0.06987863993987019
5148,0.5221309289029037
5149,0.04046200894650201
5155,0.21688496022108075
5162,0.1579281970790369
5166,0.0697166883805823
5170,0.24611916232454295
5172,0.20198660366452634
5173,0.15731611495454573
5174,0.11868489589900694
5180,0.20569855192406752
5181,0.3424901399522756
5184,0.1019367581973441
5185,0.2018746078059949
5187,0.6385062507088376
5189,0.09634072881249159
5190,0.1462796580716688
5191,0.09518496427138456
5193,0.5937620859907888
5203,0.3977440584512346
5204,0.1753654028118163
5208,0.19985170610620237
5216,0.3350364536536218
5219,0.01765652491467755
5221,0.38744559711287446
5224,0.04342781469636834
5226,0.3157742358498152
5241,0.03130110232510014
5243,0.192245987620183
5245,0.21953155907022937
5246,0.21057056630506898
5247,0.18837278323420564
5249,0.18783357477145737
5250,0.11769706557657741
5251,0.7639825987224143
5256,0.0957828428110967
5257,0.09899284750187642
5259,0.1417824410305718
5260,0.02622505163218391
5265,0.029448633760587466
5268,0.591421867618969
5269,0.36763777442521905
5273,0.4708474246350381
5274,0.38163741814490776
5278,0.5229224147626854
5288,0.7518993879880416
5296,0.11423261571999063
5298,0.06371977768723447
5303,0.4237026606153603
5307,0.2664376548468462
5308,0.08673452716569939
5311,0.027724100970112877
5312,0.03019385281145586
5313,0.2984817268859952
5315,0.18821488642982948
5322,0.22735691673043812
5339,0.15248030785656488
5343,0.19497687987988416
5346,0.043391204266902954
5351,0.018272051358971537
5355,0.4422324760700988
5368,0.018887186767692177
5369,0.04378159569104062
5370,0.41051422213433875
5371,0.14781045516930022
5374,0.31597218305948127
5378,0.05405662035455945
5380,0.08224033672791105
5382,0.10033490651879914
5383,0.03220182132912854
5389,0.24943780029593282
5390,0.018629081335957177
5393,0.08942203648717384
5394,0.09760791359550776
5395,0.9136718147038505
5398,0.8934536891627514
5401,0.04154512318556681
5402,0.25689766481371445
5407,0.02528651739522561
5410,0.17673741585037797
5411,0.25460661072946017
5412,0.4310761820906915
5413,0.6274717875332441
5415,0.05559293263416183
5418,0.05069063695617987
5419,0.12523061562797355
5422,0.024538966085448713
5426,0.306572531563008
5428,0.039499693081225286
5441,0.16563379276398818
5442,0.7360676118174115
5452,0.02765211555564311
5455,0.225656140666575
5456,0.12032710510237883
5457,0.040077386505654095
5459,0.05967624318087627
5468,0.09033990435378315
5476,0.07570978456835095
5478,0.09153862368658913
5480,0.6319029865854627
5483,0.06358266684178901
5484,0.12095058503228479
5486,0.0918547627618262
5487,0.04238630350096505
5489,0.2029901555493237
5491,0.12607265155947245
5492,0.15496852848568818
5503,0.2768029847196786
5513,0.14961818228158488
5517,0.20412671786108313
5518,0.5199619777132881
5520,0.17112509476454538
5521,0.03070816358829084
5522,0.41003888913372843
5523,0.029464708576709568
5529,0.07481186303777991
5531,0.12316262971853296
5534,0.1710414443087936
5544,0.020709022279945942
5545,0.06922176435844035
5548,0.20660970725970323
5550,0.3015497723125658
5551,0.13316365375075562
5557,0.07200881101757428
5563,0.051319228578635114
5565,0.12432728483097867
5581,0.11019050632840402
5585,0.26021963840103646
5587,0.03261857602258578
5590,0.5086690391512377
5592,0.07445910092937424
5605,0.0664733079502859
5608,0.081764988368695
5609,0.10922627188308921
5614,0.19414200509176902
5616,0.013128192133531632
5618,0.008238137957495737
5621,0.024100917095103064
5623,0.026872152634986584
5628,0.02646806809143866
5631,0.2682413542917011
5637,0.9462945228664712
5648,0.43737407672584677
5649,0.8529803131888237
5650,0.05375826440327587
5652,0.20027762565876508
5653,0.33993300508932556
5664,0.15736688474106963
5672,0.22540630413625207
5673,0.32075772890873927
5676,0.3781437440411892
5677,0.35029753976905575
5678,0.013630859637803564
5680,0.051698707871522184
5687,0.14381920207217114
5688,0.07082666177751706
5689,0.019218402375112742
5690,0.39125951974586287
5691,0.02200800688029577
5692,0.635439775697298
5697,0.09402072680050802
5699,0.27608712297010934
5703,0.014322957556997138
5707,0.012803120942053646
5708,0.06463778044355775
5712,0.3448315939523724
5715,0.2936636343631888
5723,0.44024357017238364
5724,0.1459909518294262
5725,0.2698097158331144
5727,0.09419908393947152
5733,0.22266034119957165
5735,0.5339923592788782
5737,0.15712300384620095
5738,0.03265520580297606
5739,0.08229111064340554
5742,0.5636859520355642
5744,0.11419627318398173
5745,0.27323643341182624
5748,0.06524339657447119
5749,0.11757612796946806
5751,0.0139751321743385
5760,0.035723644516541316
5762,0.04103701445252286
5763,0.012064113710788724
5766,0.07061398849918862
5768,0.08398872124073155
5770,0.09877726949127838
5776,0.5799852197054067
5782,0.025458397344864336
5783,0.14312849146560205
5787,0.06403078035685149
5788,0.04819433278783078
5795,0.16581664611800956
5796,0.09689630342016962
5798,0.050278518203597064
5802,0.19992427354207656
5804,0.8080741402913809
5806,0.015555582246128529
5807,0.18979293365411914
5810,0.1387221258048353
5814,0.8293348703792056
5823,0.04254071366343211
5825,0.1922902751774058
5830,0.07062076714656611
5831,0.21085726743036642
5835,0.5276116707069325
5838,0.18983074350564252
5839,0.32224657613770763
5840,0.17189351848122023
5842,0.11887845752118337
5844,0.03262850119769179
5846,0.023585200821378594
5850,0.03700536452935828
5855,0.7347083397563178
5856,0.16491596428768587
5858,0.4362031280618973
5864,0.1598693534279021
5868,0.17533223164709752
5869,0.1320595294136637
5872,0.16914210929419385
5874,0.4669944242363262
5880,0.2391211226271089
5883,0.0932492173891569
5885,0.4450199673366224
5890,0.10284177385149894
5893,0.3167638679636137
5894,0.12922021814286194
5895,0.5289509485091615
5900,0.30077613729632163
5901,0.019127899470283163
5903,0.5188580390072789
5904,0.6283340892570474
5905,0.1568311569899362
5907,0.09745759528450833
5911,0.06199981173765207
5912,0.019085270456159507
5915,0.13482483969460976
5917,0.49018836346497313
5925,0.1450991827863187
5927,0.08905276371543272
5931,0.24738891928476506
5932,0.2685671935871997
5934,0.16528851679057885
5938,0.02660188609756361
5942,0.15531886038903453
5947,0.11444145670236691
5950,0.0985297710809322
5954,0.1267691410757965
5957,0.0559672254916231
5965,0.13573194394058843
5967,0.026664239901028435
5968,0.23151351306456486
5971,0.47927922433431025
5974,0.13708895487246628
5977,0.4785990059956453
5980,0.029646823530440035
5983,0.1220808636050272
5986,0.09669829363697874
5988,0.11016850831347388
5993,0.03771632328034133
5994,0.00919531859016251
5996,0.2000271788440933
6009,0.042790969720843314
6010,0.12324860063639587
6011,0.2911623939973786
6014,0.12958758041529475
6025,0.05275402105037159
6026,0.05662352725239839
6028,0.01407197393663341
6029,0.01190459905027656
6032,0.037697588041843595
6034,0.10718754378188974
6039,0.09788022747404898
6043,0.025449572609751718
6047,0.15327010239942818
6050,0.2520021785231742
6051,0.46624958060865457
6053,0.07790762779881708
6055,0.06713500556549135
6061,0.2647962747891881
6062,0.02102910193114399
6063,0.1525672146750154
6066,0.06178262325918035
6070,0.038307191637450534
6071,0.41059188673575436
6073,0.05945644827064688
6081,0.036182697921911706
6082,0.07404388257163153
6084,0.09194856909323106
6086,0.032020099077258
6089,0.21211549137582017
6091,0.09967509624908143
6097,0.2837152263650404
6098,0.56945087131766
6100,0.05416477321468279
6107,0.15892201622051627
6112,0.3319199460251999
6115,0.017393844637512812
6118,0.04940080753352159
6120,0.08860680923902783
6122,0.08676927536941922
6123,0.2880613883777206
6125,0.7282356002885771
6132,0.024291905381100296
6139,0.17074625032063395
6140,0.05475478855890243
6143,0.8437703465946199
6144,0.15574219441098414
6145,0.018021347197556863
6149,0.8688446992522757
6152,0.2229692823301501
6153,0.2940289898619041
6154,0.06644799942508342
6158,0.4741921220728642
6163,0.05467239560720591
6165,0.02217387235336031
6166,0.17471037847008952
6179,0.4225559421320944
6180,0.38080044667650537
6181,0.06493542899926699
6182,0.2309812377918939
6183,0.09922523151748658
6189,0.14346528755823365
6190,0.06811807719458889
6191,0.15630943032598818
6193,0.10056329686197847
6200,0.02281522507658976
6202,0.23478556719496976
6205,0.051106476463710984
6207,0.0354676177558618
6209,0.02442242733252466
6213,0.1486307886593283
6219,0.16987085191400533
6224,0.016123760527372192
6225,0.4953481353686239
6229,0.06877562970891031
6230,0.28539425693900344
6233,0.25254741507767753
6235,0.27746493806100225
6236,0.3392566869708472
6237,0.023908587674909183
6238,0.111860236603288
6239,0.09162263060277606
6240,0.11671929183482196
6241,0.12396638443089024
6244,0.42963570755080555
6246,0.2319772957277757
6251,0.023319071543007778
6253,0.37043861436311726
6256,0.7162939121234584
6260,0.12140815062439808
6262,0.0714941722012406
6263,0.020226265175860427
6267,0.07956150079043468
6274,0.09781449288540814
6282,0.21921284658913084
6288,0.0449447020011572
6292,0.19215501632312884
6297,0.028412286310584258
6302,0.042607825495400875
6305,0.3728241466205376
6307,0.08189477032677894
6315,0.2512032070993165
6321,0.08775746138173202
6323,0.14480946392993896
6324,0.15123746976480368
6326,0.24212480861175276
6327,0.028948325557218907
6328,0.2708608511566671
6334,0.04180311798807921
6353,0.09786500513382382
6358,0.3423632759749571
6361,0.016560639664492796
6369,0.13426587009279775
6370,0.348090435625058
6375,0.06466560309152952
6378,0.011323992582341737
6380,0.743842414957481
6382,0.37915947912485687
6384,0.6949479548273041
6387,0.42443666946240527
6390,0.34050849426446556
6396,0.27978324707765634
6397,0.41801297698725065
6398,0.3152485807470979
6399,0.10521149817983076
6405,0.045532288847153296
6406,0.04818423943020618
6409,0.08881257593955928
6412,0.12580060854676176
6416,0.16248775866484438
6417,0.02266936993422255
6418,0.5977740815103808
6420,0.1583216001685634
6423,0.816750595783144
6425,0.4507498998688922
6427,0.020225254010409064
6429,0.011078697189134463
6430,0.03456028567319327
6432,0.2045663683880107
6435,0.062498187582139375
6437,0.37250405037865303
6441,0.31883523892526194
6446,0.17468399260069264
6450,0.7097455421572402
6457,0.287116670920782
6459,0.04134213763361554
6464,0.11731154718582686
6467,0.8545881840677254
6469,0.22742801371846963
6470,0.4421158232951932
6471,0.041418166793267916
6472,0.0779226593058212
6475,0.10704796140482989
6476,0.14335286557604618
6478,0.7606207987328313
6481,0.024087676791174455
6490,0.1321440444102633
6492,0.5834354541700696
6493,0.033214382682765844
6494,0.7134853276388603
6499,0.11374243156148282
6500,0.026316045629663894
6514,0.1643253555954963
6519,0.11977358122813064
6522,0.3692435448953575
6526,0.6030060803296745
6530,0.0384651181481919
6536,0.1634628967165584
6537,0.5500875741577799
6551,0.10230297142627937
6557,0.2965064909185433
6559,0.4515767034866791
6565,0.8247295883536505
6568,0.025402520624507485
6569,0.5179008250307338
6577,0.26341654786734026
6578,0.4905399294146624
6579,0.0031605521733663504
6582,0.01947884844238203
6584,0.1840069087434127
6586,0.17445697984781613
6587,0.22295352869367008
6592,0.1029239323600818
6596,0.25943131353729576
6601,0.07188804393861704
6602,0.16202216980838738
6603,0.3394360495738842
6605,0.1772603911513021
6606,0.014874551189040854
6610,0.6859290269861349
6611,0.4631832633355602
6617,0.510164363051276
6627,0.6325648034374473
6633,0.05354489596385508
6634,0.12117535988137633
6637,0.3777772156587095
6639,0.4922182860383281
6644,0.5978707894691809
6647,0.03456769677103789
6649,0.04389976356702489
6650,0.0646726385996928
6651,0.06860051233645512
6656,0.25561790534496553
6657,0.12411079327497176
6658,0.008111012564689013
6660,0.29281238008639915
6666,0.16077025668689662
6668,0.13359917780923214
6669,0.7556499284791486
6670,0.2525366134201093
6671,0.1401896652588534
6674,0.017650709205122985
6677,0.19104826511292644
6678,0.2828707749680669
6680,0.2304446258297474
6685,0.6488516519378039
6686,0.021442159962337524
6692,0.10163565250982336
6693,0.087684746517198
6694,0.8287806862616747
6701,0.6776727522915448
6704,0.11921909078422122
6706,0.047363221690805334
6707,0.7154127865109
6709,0.07402796355183275
6717,0.0845157325663938
6718,0.15060675652840172
6720,0.05780812963169327
6721,0.5955722870162108
6724,0.07359876317271812
6731,0.028414751113133255
6735,0.03485659396496686
6737,0.17720473209823756
6740,0.43578083265171613
6744,0.02370105265199406
6747,0.05629633188599086
6748,0.05957467865989833
6754,0.20195708131123388
6755,0.08292749610745548
6756,0.16943528218911733
6757,0.09094340139844591
6762,0.14830744567444917
6768,0.029375330218676974
6773,0.42677590267146026
6774,0.475188138471106
6777,0.29388147703937134
6786,0.08782843771242758
6802,0.5830699990535629
6804,0.6138910059119954
6806,0.08470476651153719
6807,0.13052757588914837
6809,0.041710138100842835
6811,0.07003577038542666
6828,0.20913136684179903
6830,0.06039563086791727
6833,0.054494661586350406
6835,0.11528461250386049
6837,0.7168278389039429
6839,0.027125651624065134
6840,0.032845987662194695
6841,0.31330557251365815
6843,0.16239445405618924
6848,0.15678238467911257
6853,0.08778263572631075
6854,0.3113759920665627
6855,0.14783268334236463
6857,0.060656955540361164
6858,0.06902459568961374
6859,0.04365612089098692
6860,0.04109302701498547
6866,0.11532081709288496
6871,0.3325991560216459
6874,0.5560683670404478
6876,0.03994819753719849
6877,0.054717048360829953
6883,0.8422559354561746
6885,0.14717703478729416
6887,0.26995936640615775
6889,0.6895779451501926
6892,0.3477267982322644
6896,0.1771900641692027
6899,0.11357341628403318
6901,0.4305790967813241
6904,0.18469785483346166
6909,0.03927980335645824
6913,0.10283680586846837
6916,0.10153557625056249
6927,0.03679843266539075
6933,0.5026789046802815
6935,0.14692910882626178
6936,0.12642026706450968
6943,0.2737248028080007
6950,0.09352148644629431
6951,0.3565389790941649
6956,0.49923634887913465
6963,0.25519342850612553
6966,0.020261032700803056
6967,0.056557253118513735
6969,0.7744016407460153
6970,0.02780608558283994
6971,0.03569525260206497
6972,0.043859434465247885
6975,0.7246883257417088
6982,0.008104409614180366
6985,0.16524887343585914
6986,0.13452902605615896
6992,0.070959161317961
6996,0.38909566383033023
6997,0.21467895571955614
7007,0.8555356826999035
7009,0.007430239195013353
7010,0.15508497618203274
7016,0.04568026889840729
7022,0.0583967537863205
7026,0.018895123653920372
7027,0.11479681331706015
7028,0.07529969975229696
7030,0.5329909936179006
7031,0.17338790455399408
7038,0.08731848426501382
7039,0.2581283063103875
7042,0.04872813184454055
7046,0.028970596514737365
7047,0.028006705519832108
7052,0.0959984795904368
7055,0.4856940127096925
7057,0.06917375597717798
7061,0.2957871846829378
7063,0.2953331327760425
7067,0.07502011599224281
7068,0.1277836855236314
7072,0.6633260916975912
7073,0.02446350962491438
7075,0.07856861948501477
7076,0.06112252551352287
7079,0.2528640419444525
7081,0.05561581912706915
7082,0.15026761018214826
7087,0.0677415698138374
7089,0.08759609500159761
7091,0.027251328166070204
7093,0.07315681813789547
7095,0.1720592372985513
7100,0.06488841423566392
7101,0.09859670825399386
7103,0.2851986213630488
7104,0.0708182007403008
7105,0.08351506982771743
7108,0.4268831876411906
7109,0.14152270185703136
7110,0.25557686883385444
7115,0.0787079629325552
7119,0.09170773393401672
7123,0.12669874316609062
7127,0.1901071668592833
7128,0.023234798886370117
7131,0.13569166703031563
7133,0.20211587788361315
7137,0.41117125001616783
7138,0.6017240080520606
7141,0.15645764127949852
7148,0.050241721083902575
7154,0.1190492575312125
7157,0.11644098167093622
7162,0.28555676456505674
7163,0.017526834290008286
7166,0.23205098515224923
7168,0.2159988283047156
7174,0.047930453897670755
7175,0.10875072358933197
7180,0.024680423299519662
7186,0.1537753346623395
7187,0.027120633451052034
7189,0.1329347819725556
7191,0.13301258866382956
7193,0.11155356126782352
7195,0.08331576891687528
7197,0.03291651981351095
7198,0.13322668060481554
7206,0.10304219950734259
7208,0.30489848350198795
7210,0.16684308039101792
7217,0.04662941984774387
7218,0.025295753558201822
7219,0.9429927216922445
7220,0.4658489774428819
7222,0.22562155983674406
7223,0.024693540370378752
7226,0.05698315351984902
7232,0.06713484746654887
7233,0.08437187032769411
7239,0.06280593849840753
7242,0.16760358562409358
7253,0.0385683189107641
7255,0.136629977314356
7261,0.7733767456071651
7272,0.06711588233112682
7273,0.6799406405982543
7275,0.09159618093642771
7278,0.012650575874799666
7282,0.4365652003582022
7283,0.23121470664818972
7284,0.22925886056983907
7288,0.5013367811944044
7290,0.09198328506088878
7293,0.09160555138484607
7294,0.021629553008740244
7296,0.2102011108354406
7297,0.03793245761859379
7300,0.2182028217437738
7305,0.6527863542063581
7314,0.1807669023722285
7315,0.2400642654124793
7316,0.4839221082538213
7317,0.054930459808543636
7318,0.04246659043443467
7320,0.08487811169951916
7321,0.6918951470143161
7322,0.1479539819536942
7324,0.06543850019121153
7325,0.13956285365548798
7326,0.1888922698263094
7329,0.051388156516581567
7330,0.13893111557119753
7331,0.5987411276181765
7336,0.2891253713228797
7338,0.039891237736923386
7339,0.07203927427934473
7341,0.0875252281504185
7344,0.07033910743285603
7345,0.3168918319816625
7347,0.01913147688423431
7349,0.33989820513392555
7352,0.12842532854576968
7357,0.12242577043498046
7361,0.2784354034782812
7362,0.061210773077451514
7367,0.23715241769965975
7368,0.6458770059902816
7371,0.5529209383724774
7376,0.04595333331433441
7377,0.04393906924232804
7379,0.08284657140520203
7382,0.2779420330392538
7392,0.16389476508903447
7394,0.14939272690279198
7395,0.17352789630320506
7396,0.04269663707149178
7397,0.41138534850446334
7399,0.023103104430900464
7409,0.05268709325782291
7411,0.1489221150837682
7414,0.3227100027616019
7419,0.07588455437622207
7420,0.12503525505817134
7437,0.4759755536403233
7443,0.37622566467988394
7444,0.12262185231612917
7448,0.26457662295277606
7449,0.151144755777289
7452,0.22356990294373416
7453,0.5335381093045326
7467,0.15580258084962295
7471,0.44038546743939844
7477,0.6530240086860241
7478,0.014852435181570063
7480,0.17727850487741662
7481,0.2632886561723642
7483,0.5460809003723546
7486,0.02226382099982208
7488,0.2452723306485913
7493,0.3020245190400568
7496,0.08941460343513087
7501,0.08207822611633042
7502,0.05888075606755348
7503,0.19770181272640822
7506,0.5214435862376559
7507,0.7851665577818809
7511,0.02886808345193708
7521,0.0820044595313987
7526,0.01887473032286877
7527,0.36782625004882025
7528,0.636101609420457
7529,0.24199740249661503
7532,0.05125691404241953
7535,0.020422632298591356
7536,0.23541785683447553
7537,0.03046202004187217
7541,0.8121677644693973
7546,0.029620249291677735
7548,0.27195508793903655
7550,0.35277911192508155
7555,0.022675833351482964
7557,0.1911148061634801
7558,0.1247299104718467
7560,0.5077500078355136
7564,0.11290854054654534
7566,0.2747416416345861
7567,0.0991556747597022
7568,0.22342293837899388
7578,0.05579873495491544
7579,0.46554046623991596
7580,0.06956546028104313
7581,0.09030682011120242
7584,0.16524896490143445
7588,0.03857794955171168
7590,0.16961198815226994
7591,0.04878507738993238
7593,0.19688315608963852
7600,0.08976383092139725
7611,0.1476569568746701
7615,0.42770802845385675
7617,0.030622942214040598
7622,0.2483301720639895
7626,0.13269652369811694
7629,0.36761674177619186
7631,0.09835288853009976
7634,0.03640955995892937
7635,0.061876155130775455
7638,0.022024659756046786
7642,0.3820973556405489
7650,0.210356637384054
7655,0.2207996663642528
7660,0.06906153699039021
7662,0.16084559979293034
7667,0.6787712011636755
7669,0.02555282137888203
7672,0.19269115154565314
7673,0.17619885885092545
7676,0.06983692656859737
7682,0.2593467482224386
7686,0.04160363255200521
7690,0.7646522418679923
7691,0.06385676329246594
7694,0.024236271781653697
7695,0.38670751254840124
7698,0.35563173927171066
7713,0.18495602556808333
7719,0.021929130558667066
7724,0.11439100199854854
7727,0.02638072106284192
7728,0.1142412424089317
7732,0.15733984568712137
7737,0.10477730428593098
7738,0.13827586459459865
7741,0.08424074907824017
7744,0.8493179020268363
7748,0.08230059543245359
7751,0.020017005208751677
7757,0.15255375038025967
7766,0.26303269298804893
7773,0.023944557692595677
7778,0.302352209093148
7782,0.16040658072725913
7784,0.05557018931928685
7785,0.1136025738595095
7786,0.5751234187899336
7790,0.01324351815596164
7796,0.07699882885198474
7799,0.11119444361000061
7804,0.22079864902800442
7809,0.018933619845908942
7811,0.03220447718504364
7813,0.06017973768688732
7814,0.036371539355372295
7817,0.1185208646078844
7819,0.029658487020112534
7820,0.0590615565113125
7825,0.02153718771181238
7830,0.26634251133254694
7832,0.4374263962035745
7835,0.038811335911127495
7836,0.3403456437750402
7838,0.7242279428383421
7840,0.7995899691022054
7851,0.4789967251067366
7852,0.052835072370304846
7853,0.020913335644413316
7858,0.07551764816117036
7860,0.06485761194602925
7862,0.34226228986368734
7871,0.06321529677498085
7873,0.07161566556483259
7882,0.17265476272552455
7887,0.678494831203352
7890,0.0512380036513934
7891,0.07433096848684731
7895,0.2326824550937013
7899,0.12936493561987275
7906,0.06431706193036368
7909,0.10631109906338841
7913,0.6114647360576048
7914,0.4490148724226921
7921,0.12150768043414487
7924,0.1368886395562761
7940,0.4117541207460611
7941,0.06907800650565649
7942,0.28266197488459505
7944,0.0437203145855303
7945,0.8352112489862287
7946,0.33151367099157564
7948,0.2922574095253888
7953,0.08118808722219076
7956,0.3513060274161768
7957,0.1763666856605365
7958,0.06768672282533152
7962,0.6912338907134744
7964,0.7316398235502715
7970,0.09552391008283086
7974,0.04989779796786374
7976,0.1404220984208107
7977,0.2526131504313179
7982,0.12501975417472314
7983,0.03741555258257586
7990,0.17839097331828588
7996,0.0951484922938774
7998,0.0126242765901118
7999,0.3894869760009719
8003,0.018705548425823105
8006,0.057568667612719844
8008,0.0884387258851198
8009,0.062276436367191594
8016,0.03993609257435885
8018,0.021688245305279106
8019,0.8003079269335889
8021,0.3723750975485434
8024,0.01580008346900875
8025,0.2498228042697272
8036,0.6435116167347256
8039,0.15196003085215284
8040,0.4531597014080441
8043,0.21254646842423286
8047,0.5584004453840693
8055,0.030536880928345358
8056,0.3705171621993165
8063,0.5232653808864652
8065,0.09864676701252909
8073,0.07645661261681
8074,0.030867402940552097
8077,0.4402687972359661
8080,0.0704016888251384
8081,0.025761724272029596
8083,0.5447039696709332
8086,0.5320124899211971
8088,0.6000738824193932
8089,0.18501368670410423
8090,0.09625125084930042
8092,0.5614139317681627
8093,0.15142303739057292
8095,0.24675282371170132
8098,0.05408419183643858
8099,0.487342037248992
8101,0.031953624007768786
8103,0.21725610007331247
8114,0.17405478557766918
8118,0.26968548230030226
8120,0.483834885057867
8122,0.311558806257706
8124,0.014753200140498897
8125,0.025637627024379096
8126,0.007632022193920074
8134,0.037486923628769216
8137,0.056418660671246186
8138,0.6113629311934182
8140,0.7040665738827699
8145,0.0947900248441967
8154,0.10624888337665965
8156,0.7756249112558253
8158,0.5010548809346446
8173,0.31735223357224845
8174,0.03115042640968466
8176,0.0926919766191433
8188,0.08773574005182452
8189,0.5628967668996565
8192,0.07803508796189414
8194,0.35805043873328135
8200,0.14983478108896625
8202,0.06540132557410835
8203,0.15740532664373624
8205,0.3333315073928556
8209,0.7218990899347817
8212,0.45274842034521956
8213,0.2997823221016432
8217,0.05448837342175082
8220,0.035033334877592
8223,0.2578162109512856
8226,0.06270162541263338
8227,0.17806313638493207
8228,0.27052499207989295
8229,0.08696637154289004
8230,0.0450389580505118
8233,0.029105008683746915
8234,0.5151291625944596
8236,0.0190971808483054
8237,0.04021518683415807
8238,0.07556261833800439
8242,0.08692463073145075
8252,0.027946493281944727
8257,0.13011037580440166
8260,0.754802340555147
8267,0.015737655467054606
8272,0.862955458607131
8277,0.3855281568716061
8281,0.16880773124776904
8283,0.03307450713179339
8286,0.6150293951348074
8289,0.2589688172465143
8292,0.08274483697612184
8297,0.16558301766018663
8305,0.03734956844598612
8311,0.18501053195393508
8317,0.2906171824386462
8318,0.03484527335688118
8325,0.023665977561088188
8327,0.08932886983486227
8332,0.39084825856547223
8333,0.11084567203130216
8338,0.07624236920485057
8339,0.6498883551174256
8341,0.16579925296120732
8343,0.08438417000953569
8345,0.1879796693509228
8349,0.11919132635494026
8351,0.04469974995511281
8352,0.04273090563093283
8353,0.014952360949598719
8359,0.7405223758719839
8364,0.483990083840235
8365,0.07740967981966891
8373,0.13969599084702322
8375,0.4158829843190356
8376,0.18267692896707932
8378,0.20028399542632846
8381,0.31424924087475525
8387,0.16113867425761022
8388,0.38871626715721685
8391,0.23544085017588215
8398,0.21981937279078675
8404,0.8168590816798953
8409,0.1808680725841298
8411,0.036102896312857194
8412,0.20951456180331404
8413,0.35838866080107523
8415,0.15224453652330303
8425,0.21623454749221319
8428,0.040775227049239984
8429,0.23594661966374564
8439,0.39085842207411425
8441,0.03217601002997976
8442,0.17365550368224236
8445,0.44465523652927186
8446,0.01138804747793123
8447,0.07627387046967134
8448,0.3541529520077205
8454,0.18602854172605382
8455,0.0724005440738256
8458,0.6394577121395036
8459,0.022608869467589054
8460,0.38343552004202125
8465,0.21928503956241727
8478,0.11897683536148006
8481,0.6550172668948583
8498,0.0423869461366625
8502,0.10155712028729488
8504,0.012247652861860737
8513,0.07149768396525695
8516,0.4065074067422498
8519,0.07228747744679907
8520,0.11372884855337981
8525,0.17587931849818825
8531,0.13841241767713505
8536,0.42327127848111856
8537,0.12403642676112019
8543,0.28424368724776844
8545,0.03271482100516343
8546,0.10849579026750282
8548,0.09022896111255892
8549,0.3315814522875745
8550,0.33389877484875574
8551,0.7807567772496528
8556,0.06656174785865712
8560,0.22896547194653527
8561,0.554018793981626
8566,0.5367261836376485
8567,0.8378499960208333
8569,0.47421865781728195
8570,0.06720234301488694
8574,0.20701129359037596
8576,0.6081564753046711
8577,0.6470655037615665
8583,0.3491366159114862
8588,0.6707334326482556
8605,0.03770603073884683
8606,0.09536203010834769
8610,0.13162530977459064
8611,0.018632172353314675
8612,0.16870721379496084
8613,0.2297788065837174
8616,0.1431366418079737
8620,0.046834675350695625
8622,0.2520069816432232
8623,0.508191342401493
8624,0.008633118279136204
8626,0.12117911142539095
8629,0.16481564980886862
8631,0.06448076214364357
8632,0.6313343670901147
8635,0.20336590120408318
8637,0.08648432876661273
8644,0.02539808563874575
8648,0.3908630060610164
8651,0.035819195119324035
8652,0.867406878297765
8663,0.24707511455321168
8668,0.304458960603884
8675,0.03321302113393338
8677,0.7115731486892769
8682,0.18926790614404024
8687,0.10039665957012464
8692,0.03278515907579234
8693,0.5335118467873232
8695,0.5101503269081338
8697,0.3836491025116142
8699,0.3871497732356353
8702,0.7701860118671944
8707,0.03669319333296597
8708,0.07239740849315913
8710,0.041807795400964236
8712,0.5490334652838694
8713,0.13905686051933852
8714,0.021083238106411845
8715,0.037965128118542565
8719,0.08490984126409411
8721,0.1745738189574929
8723,0.22827641308618918
8724,0.02891308612145632
8731,0.2822861634064649
8736,0.10801189277294647
8738,0.5522505355626031
8741,0.5119794347165347
8748,0.22812210434617203
8754,0.03664721933823064
8761,0.37354893951190227
8762,0.5621099518525613
8763,0.08455768337014398
8764,0.17538717734650602
8770,0.12115758024775339
8778,0.01700422619117651
8780,0.06413155531294529
8792,0.22073170636672737
8795,0.3841971488036652
8800,0.7635729453789505
8802,0.10495871017884459
8805,0.09844719583180188
8807,0.09605108516237489
8808,0.1699183756254515
8814,0.7897833122544435
8815,0.6422755965775401
8820,0.09048997165900718
8821,0.28558568816422286
8824,0.27568271100559943
8825,0.18368440619809906
8827,0.5396740615626667
8828,0.34968032567067414
8833,0.05463240947765148
8836,0.3097556061329426
8838,0.11508868644891518
8842,0.022742107497445346
8851,0.04977963921734275
8855,0.03104854974011278
8861,0.03798933851397226
8863,0.11974544917766074
8864,0.14765626530272585
8865,0.8615761962024779
8869,0.5596411031789638
8870,0.09712972124125326
8874,0.014052545477181284
8875,0.2204542826526114
8876,0.1797320793457777
8877,0.1269187523747035
8878,0.5457699585466126
8881,0.23413656537437122
8884,0.31537234640915807
8888,0.2717616955528796
8890,0.32372213328920957
8900,0.050587412593978184
8901,0.14259595395935712
8902,0.05279121064346305
8905,0.24063795563250073
8910,0.20203013523146945
8911,0.452675809423654
8913,0.16692340199907532
8915,0.32196854743325876
8916,0.3373551083712984
8923,0.010156120214853046
8925,0.05997013625474425
8933,0.4118430262142651
8936,0.024806996611965382
8940,0.30452718675037266
8941,0.21324120727798826
8945,0.029371835116895124
8946,0.023500917109219678
8948,0.18705154699409915
8950,0.07943897231267452
8952,0.2443100115694009
8956,0.07842113406803125
8958,0.21885905756531948
8959,0.0933235048620031
8960,0.017964208796033786
8970,0.26371977701901583
8972,0.2123516826154689
8975,0.041701744357055925
8977,0.2190975887854979
8979,0.1640372172415689
8980,0.17839070736417362
8981,0.3051673704020814
8982,0.025121693716387606
8985,0.031030411654553468
8989,0.41201115299329544
8992,0.033851622351567696
8994,0.02127334807118782
9007,0.36984761778611897
9009,0.16192248461536382
9011,0.021347035502148035
9014,0.05655057469225531
9018,0.02897903994342127
9034,0.051720919156156696
9041,0.14089993008680293
9046,0.20418207213732625
9056,0.03537947817204221
9069,0.34524610115329296
9070,0.0501342453001991
9073,0.5836852519146092
9079,0.1488157311005122
9080,0.02360899084439902
9094,0.05023906562055871
9095,0.15483159755031692
9096,0.17256850144020686
9097,0.10857821681198432
9098,0.5892043453221363
9102,0.43022124587947785
9107,0.04273657175212194
9109,0.04645672740612134
9117,0.16319341366553713
9121,0.6040514059919768
9122,0.07610839484218428
9126,0.14245608381625968
9135,0.04322640774752327
9145,0.8613437759573578
9147,0.11798994460909941
9148,0.48619395339951904
9149,0.7195450369575396
9151,0.21698152904518314
9152,0.056808851717291005
9153,0.6138466494458247
9155,0.1334673128603157
9157,0.04090896459624011
9158,0.5929411887970084
9159,0.18529269997385678
9166,0.4280092270298679
9174,0.04486829849810542
9175,0.031866474128838716
9177,0.4166343618485014
9180,0.19356069355222202
9181,0.0382333128793248
9183,0.3627423899882342
9185,0.09178495812218203
9192,0.06602439051948279
9199,0.3125192183974063
9200,0.08145645791343338
9204,0.16273947990600643
9206,0.31217803201631367
9207,0.4783958944308784
9209,0.0790937004088847
9210,0.2686765637159932
9212,0.13525386719384316
9214,0.14171146271107404
9215,0.023805225162527054
9219,0.5352589963463938
9220,0.07023079952351514
9221,0.07664057190832316
9223,0.027350767761048972
9229,0.04953241081522126
9231,0.028085231416239496
9232,0.04898685212372509
9234,0.5907694898703355
9238,0.15560650207267068
9240,0.2739655532353441
9244,0.6131177414281042
9245,0.07101104763500962
9247,0.09571495942142251
9249,0.12979016817813507
9252,0.0917097433140621
9255,0.01904764620791551
9256,0.5406688923815838
9264,0.8203187777898062
9265,0.028673897616062007
9268,0.3345061694146132
9269,0.015547274045973546
9274,0.026199020812839622
9278,0.20457428350904927
9279,0.009218609454941339
9280,0.824699476457279
9283,0.3026165956535012
9285,0.0972550826961495
9286,0.0538419458283732
9289,0.8324613873399254
9296,0.528574270602305
9301,0.035354305975050584
9303,0.028216080525993864
9304,0.06808467878382281
9306,0.564230617519483
9307,0.6059287629068008
9308,0.009275897565171595
9315,0.044949647938571126
9316,0.3692594100853189
9329,0.10862245052673415
9335,0.8052641070261642
9346,0.10563002856446425
9350,0.024073683830646637
9352,0.1095030716109458
9354,0.18374421389594753
9356,0.15775277434796459
9358,0.019556860383246995
9361,0.0736550985917402
9362,0.04846809498202665
9370,0.017052083857215267
9371,0.11354930928260328
9372,0.08037726894590565
9374,0.05537794774565276
9375,0.09041639364703975
9376,0.09048229838993391
9377,0.10653414994394278
9378,0.023947929143229095
9383,0.19148711796448487
9387,0.7853341035396213
9389,0.20029202446966235
9398,0.29281687604110673
9400,0.04889645703493454
9401,0.030939978119727124
9403,0.03721451157934283
9405,0.09772608756551131
9409,0.03961029686925951
9410,0.11308871494168496
9417,0.22943691483007883
9419,0.20651559968071095
9422,0.02612387112562153
9424,0.051290823312701926
9427,0.031076446652434406
9431,0.17258387633703007
9433,0.15755547165004058
9436,0.16005301447553688
9438,0.07420724858489856
9439,0.048528949296993605
9448,0.015986265094586307
9449,0.4205325619433565
9451,0.1972861004613697
9452,0.2469975888223284
9453,0.5351156435326534
9454,0.20187547053718988
9461,0.3871790389871866
9462,0.23120685007239816
9465,0.7478766877907846
9466,0.15829041250889114
9470,0.09978906427856084
9471,0.465260453601198
9476,0.05248054045198825
9478,0.14127309957849712
9483,0.40720408006222014
9484,0.050513487750110636
9490,0.0865629074097199
9491,0.1308791592779082
9492,0.09218042715759907
9496,0.017151766565150384
9498,0.012984143297905194
9511,0.8811859366187995
9514,0.27223786458528587
9518,0.08831392555461196
9521,0.4578373385527557
9524,0.21112693171072186
9526,0.5137540922620975
9530,0.02176653735270422
9531,0.2608050750035623
9532,0.26142087238793565
9533,0.20418272404900664
9534,0.13896186337791555
9535,0.22059679941007884
9536,0.6583702003573395
9540,0.29469287473726813
9541,0.18150309600780484
9550,0.6696517477115226
9552,0.017407516426782513
9557,0.40308129400375514
9565,0.022282054683489993
9566,0.4347354811420529
9567,0.06327608495281141
9568,0.44113047238345354
9571,0.14842224584703492
9577,0.06940935064061735
9579,0.12457709504212915
9592,0.5057764422625536
9598,0.13314188697887802
9600,0.028026322662120448
9614,0.2504947835630714
9617,0.029092365314908043
9618,0.0884030683305253
9620,0.11501564783203665
9630,0.2570201176663786
9657,0.1820654394384345
9658,0.13489550009717335
9661,0.34092667837416296
9668,0.015131591494998781
9670,0.24484683982700375
9671,0.1715029456965774
9674,0.02255269591232929
9677,0.4826690231152452
9678,0.017470439646072197
9680,0.06176630200066993
9688,0.19611144204631664
9693,0.014702274444597974
9695,0.3881155302406468
9699,0.04390402992735357
9700,0.061480588592533046
9701,0.2374170441033125
9702,0.1126488391295812
9703,0.09961705686782035
9704,0.1291900858446217
9708,0.08280400274585266
9709,0.0748448752851734
9711,0.31249983946615667
9716,0.5142070989969681
9717,0.008332024226698676
9719,0.007008782627230214
9720,0.050978819030774586
9734,0.12798519020610213
9735,0.10267206821509631
9737,0.09725888923302306
9740,0.34354033198815526
9751,0.19460411739163816
9757,0.014519524465527053
9768,0.12672534354224435
9773,0.17780678120003926
9775,0.34054526931395734
9777,0.33981488795626724
9782,0.228568780983154
9792,0.023381164299159856
9796,0.2815106015053942
9797,0.5413427930777565
9798,0.16351357967350547
9801,0.7425295540225204
9809,0.8005715662541166
9823,0.32518236084794927
9833,0.008057566440182132
9835,0.2214374503271186
9846,0.08676703482069889
9854,0.2878635419906821
9856,0.19032000117932873
9857,0.5692114943411261
9859,0.25827123877020813
9862,0.13859493230537057
9865,0.15727544517271141
9867,0.5815283855042724
9874,0.6441658970810833
9875,0.0473648696170051
9880,0.1660752658066075
9885,0.2311266623082996
9889,0.008072237421484838
9893,0.5566588691845035
9895,0.20947223499706055
9907,0.014724289696186043
9915,0.10770442699825415
9917,0.16310297472340454
9925,0.14063234936704427
9930,0.1975279799405983
9934,0.7668711124577912
9949,0.9008322938097316
9951,0.7759840253420527
9952,0.07383188865367998
9953,0.7023060187019943
9956,0.1251709939965207
9962,0.4708566006756986
9963,0.15170505372510676
9968,0.26954912661152924
9970,0.05971821315802242
9972,0.4082738232194392
9973,0.09243935443512416
9974,0.6206343781324634
9975,0.09243206433027819
9977,0.015987147327962793
9979,0.2798485817833352
9981,0.18450637377038331
9983,0.05456201520190421
9984,0.022684676108823448
9987,0.32812894826193634
9990,0.025271103641130478
9993,0.15443188424016246
9995,0.35458390273864543
9996,0.34420682872505987
9998,0.1681363930017877
10001,0.09005422506501293
10002,0.07595468744306542
10003,0.14906811969844816
10016,0.02555431185976277
10018,0.05798717958798476
10028,0.7959481102412921
10031,0.20184407670696117
10032,0.7897305347314998
10039,0.09325158231440239
10040,0.13728739505993523
10043,0.09587203267076337
10048,0.18881339273090483
10050,0.09865028458133804
10052,0.047565126030341985
10053,0.2522530425480583
10072,0.7652005787336303
10076,0.21067913468915347
10077,0.022742160825006817
10083,0.15133007232366957
10090,0.06582421514897241
10091,0.18588534094045006
10094,0.016290109832203737
10095,0.11193520441619258
10096,0.036947935035019704
10105,0.028183647616636876
10107,0.08674831812616178
10108,0.019867861622975908
10112,0.039339344587705945
10114,0.09882880078579864
10115,0.043674456645740656
10116,0.41221243581726824
10117,0.09851748488495987
10119,0.04598885730381209
10122,0.15792724694162985
10126,0.1888575076586611
10128,0.0243533691730075
10131,0.03966476936234279
10133,0.009857455968495773
10135,0.10486299514671878
10136,0.245639907193862
10138,0.07396219272500044
10154,0.2674390827194986
10158,0.027914657121854498
10160,0.6304643048504145
10161,0.11169361768815124
10162,0.019774756565394
10163,0.04046990733227461
10164,0.29835954775633605
10168,0.033621050148253895
10169,0.033743619396233986
10170,0.045249713445135405
10171,0.16230216405252137
10172,0.5069894933567679
10173,0.11458816986848086
10177,0.06635121684450637
10183,0.07847149567940266
10185,0.15509974911370952
10188,0.36371862662785104
10189,0.9361753436603832
10192,0.3216275944996043
10193,0.02313059536473487
10194,0.014748382307331602
10201,0.10487836128678649
10204,0.2868728689330772
10205,0.15505740552328776
10210,0.050184092590865745
10214,0.05211948210610082
10216,0.02861839665699303
10226,0.2713787714799414
10237,0.051102041470946796
10242,0.11807933141751828
10243,0.05379512358599026
10245,0.2478044999352924
10250,0.6196990889291356
10252,0.10022215183150504
10256,0.05353815988356378
10259,0.03493046751367901
10262,0.14172574751643138
10263,0.06207369856293044
10266,0.16640043253433184
10271,0.057407016097739405
10274,0.2654306826412754
10278,0.6215270160933795
10287,0.5914283452739978
10290,0.3434639100142595
10291,0.09344520927131258
10304,0.0332695427165569
10305,0.11982659510738711
10308,0.040646554905779494
10309,0.03135214993171197
10310,0.3079316240628868
10316,0.0597029881104674
10317,0.11816545266177661
10320,0.33378918584799083
10322,0.40636372215940486
10324,0.08468314096189636
10327,0.07146078870079511
10331,0.3018409670703115
10333,0.12466792678318062
10334,0.0871928695754471
10360,0.044151029285376266
10362,0.1348097810013843
10365,0.5142093541104195
10366,0.30108662741455094
10376,0.030172208600005086
10377,0.1690937399374077
10380,0.11174849668310062
10383,0.11395253029323156
10384,0.03536432914321329
10393,0.13202546691759606
10394,0.636217737580382
10396,0.9458872811689684
10398,0.18811757784439
10401,0.09560843729447344
10406,0.371061405413903
10411,0.5099942447880799
10412,0.08343493352388144
10423,0.6805920986835833
10426,0.20869936042333395
10428,0.13157661007979005
10434,0.04004780636461749
10437,0.05289538119916722
10438,0.056118442271603244
10439,0.11654933283215456
10446,0.19707801421369758
10447,0.08155557323450936
10448,0.02936722881499492
10451,0.49003030205798637
10452,0.017341404801588117
10455,0.039339649541751044
10457,0.13121234911811766
10461,0.014171304715390905
10466,0.27551151027894805
10468,0.036099015664821064
10471,0.042744928324465484
10473,0.4972539889944132
10474,0.015563023358346705
10477,0.12405946769679678
10483,0.13627394604679097
10484,0.048789920316321816
10485,0.020506587773783738
10490,0.6523976615265125
10492,0.0365649339334286
10494,0.10782644801918925
10501,0.03958029280360294
10502,0.044407549228079296
10504,0.1035041702925263
10506,0.03797534871054027
10507,0.07430798512132453
10509,0.047166120201807105
10513,0.07959504535307033
10520,0.24886657884773392
10522,0.9094741552200101
10536,0.4969272030059889
10540,0.6447353784998519
10543,0.3775437228881404
10548,0.07472958821071693
10552,0.044712773704408515
10564,0.49727973424303695
10565,0.43746513502564527
10566,0.06907727688152723
10569,0.4589833279163655
10572,0.22920754929083878
10576,0.19389690226992215
10577,0.11216388772257857
10579,0.02982579389327687
10584,0.10258080739913276
10589,0.02437014771246736
10592,0.06733726673241508
10593,0.14747861972444007
10596,0.6964345279640523
10598,0.4282489473212477
10599,0.11520683204672659
10600,0.2057077107019817
10601,0.07015941354352334
10613,0.01764761721526271
10617,0.01992990654933247
10624,0.14683706295187327
10636,0.09750730484692015
10642,0.2932343168429184
10655,0.8649609140081008
10659,0.0659837499673686
10662,0.039342065949645844
10666,0.48404037839797714
10668,0.02887328798256913
10673,0.3946433877170485
10674,0.17396040908525293
10680,0.03136222614688592
10682,0.21295002438174893
10685,0.08469422929137903
10686,0.1794576682165081
10697,0.09117147031200325
10699,0.12986095297772834
10700,0.1125187726998995
10702,0.045234720615411415
10703,0.28846329956965133
10704,0.4004769040581242
10707,0.2708858826173495
10711,0.23108959146608135
10712,0.47452034932841197
10716,0.2497305249088959
10717,0.12893675026942758
10718,0.08392046413358926
10723,0.07483310316777676
10724,0.28646034982570506
10725,0.7570504937402649
10727,0.051930302917847185
10728,0.7937952747265228
10729,0.2372041378538279
10730,0.10108300217472681
10738,0.05028181448321419
10740,0.13331055208385845
10743,0.05699299300665342
10752,0.6444842260317335
10753,0.09136526032797236
10756,0.10940637132431735
10758,0.6807029627480673
10760,0.23780866485554517
10769,0.5397831549558472
10771,0.5063555381888174
10774,0.11025982590123998
10777,0.6218726647552003
10786,0.737080016366057
10792,0.20374026199146003
10796,0.014241685360162378
10799,0.11714682936350856
10801,0.4602913047631866
10802,0.3074263856314177
10807,0.3484632841000415
10811,0.03870334376946091
10821,0.04837380144899586
10824,0.1829218418737002
10828,0.16009446128661373
10830,0.3821989150440087
10837,0.3661280613998229
10840,0.14642375597108548
10845,0.22391213949648828
10847,0.06633843900332505
10849,0.2708087623712168
10850,0.2447649730789278
10853,0.9046469021121134
10854,0.061433300248698246
10855,0.05950490849897973
10858,0.23809360998740467
10866,0.6403416357826749
10869,0.1194790031617571
10871,0.05325814344428353
10877,0.035676983090968034
10880,0.21414370646765538
10881,0.7246989550603982
10883,0.40624127264315574
10888,0.2309760474316822
10889,0.033545049419668974
10892,0.7021948807541109
10893,0.3696739746287239
10897,0.03118935738456737
10898,0.02650039005783566
10906,0.09980924177101895
10910,0.0717640245191461
10918,0.38069556931593457
10924,0.1305448103951116
10926,0.09422882152484581
10927,0.10428647753886316
10929,0.22808689587494524
10930,0.3510804082673003
10933,0.03767156638752585
10937,0.1210219648521443
10939,0.07847365885354461
10942,0.08937416692486153
10949,0.11988557435583674
10964,0.08247146683876196
10965,0.09333888639637876
10967,0.18978327320383007
10971,0.023926568722548242
10974,0.3637188729120992
10977,0.059675561318737226
10979,0.26708418074142415
10980,0.019386292359384046
10981,0.4324250256723422
10985,0.28634655680066445
10991,0.2891275260278336
10994,0.5146502305458864
10998,0.022348526069502783
11003,0.07166656607515007
11004,0.3579895716039319
11013,0.3247479378935109
11016,0.05872834480508964
11019,0.1070763298078611
11031,0.177944644184176
11033,0.032376740790261274
11035,0.1029864288290833
11038,0.4376881325385363
11048,0.09949942675253182
11050,0.08686785227465857
11052,0.4017289912556187
11059,0.05297059801022053
11060,0.07881170437140142
11063,0.010177996639153837
11064,0.0591603397501399
11066,0.28935909221394934
11067,0.05435732545682589
11070,0.10278814864348101
11071,0.03037592899643864
11076,0.268698706946597
11077,0.16635462232290588
11080,0.028361982068658167
11082,0.4208488280437313
11085,0.5620314724049632
11089,0.7526809207500755
11092,0.5031394765174362
11098,0.05919424366325579
11099,0.16033504254689976
11103,0.022210698710564112
11106,0.04514612515301808
11110,0.06644443521530792
11116,0.7555518753586397
11117,0.48595070787017935
11118,0.05534526383911326
11119,0.2642237329136076
11123,0.08948087133403455
11137,0.07562152300018833
11141,0.07988681475642041
11144,0.11530417075725292
11146,0.1831195732491151
11147,0.10659781246101059
11148,0.02263643749280761
11153,0.5477574255084756
11155,0.08775735196585846
11156,0.05249553312682625
11160,0.02030842807094159
11162,0.076320567940156
11164,0.0219496440492855
11165,0.09715998942754071
11166,0.371839052272296
11169,0.057187640389195174
11176,0.03826828376916827
11178,0.3832541134648656
11182,0.03764781288695284
11185,0.14956797113354456
11187,0.47957618995268125
11188,0.1428834323994944
11189,0.09812775163495975
11194,0.21631761990987763
11198,0.043614451605135766
11204,0.446641847148395
11216,0.10278589643473139
11231,0.6255067716981336
11232,0.026360419650122358
11233,0.07455082812174424
11236,0.10776666066846582
11238,0.5375792951228643
11240,0.03279991543709452
11247,0.09240502336186832
11248,0.05275943038854273
11250,0.4242424475246553
11252,0.7477006807808423
11255,0.16179376171546206
11261,0.4970777729397042
11265,0.056965845267064885
11269,0.01882859234041113
11274,0.3357897968060921
11282,0.3156322227034384
11290,0.06511813459033972
11291,0.1091197601069363
11292,0.5976856044015797
11305,0.036222127296565564
11306,0.0603271943808665
11307,0.04057403481017319
11311,0.18687486978287823
11316,0.08730710404978945
11321,0.09211814593348908
11324,0.11321166300382059
11328,0.11486470201718711
11329,0.03269156003345491
11332,0.23470740588158234
11342,0.16011168650209012
11344,0.02354640719262838
11349,0.04752262453687694
11351,0.21566973484887023
11353,0.11097217626273113
11359,0.04159787948575911
11360,0.28685214015786725
11365,0.04450119079989747
11366,0.5954442343367194
11370,0.04858398563881364
11380,0.29678013973782486
11383,0.24281935556702822
11394,0.033432347235004434
11395,0.36007049848789646
11400,0.046659697349853556
11401,0.19504825407021537
11403,0.02495220933883132
11404,0.09209170439034453
11408,0.054230151108429145
11410,0.16815140718990823
11411,0.6489961149602961
11412,0.015754619331324812
11413,0.3335820903684476
11417,0.10786611819105504
11418,0.31788374158399607
11420,0.16511217912867385
11422,0.08979082045854016
11425,0.01666183109485857
11437,0.295073148906299
11438,0.07773824560390755
11439,0.0415441449682827
11447,0.22462372611342626
11452,0.05172821404783619
11453,0.06378079607054132
11454,0.1412652740798047
11455,0.029865307470095106
11460,0.10536067468476196
11461,0.24073200651964288
11471,0.8790387458928837
11473,0.6887649412067329
11474,0.24551134642750058
11475,0.11190618909013916
11489,0.03636566389390106
11501,0.057806377054736464
11504,0.022185238114688973
11505,0.19604955285643527
11506,0.06130755011530651
11514,0.019926663872364487
11516,0.42158253480009145
11517,0.0956241992051994
11518,0.06396245253285832
11519,0.39134452112813156
11522,0.5090529054640835
11525,0.3760751959209374
11531,0.1674181229609529
11533,0.5493370172933326
11542,0.18284727937014952
11544,0.20193502861785126
11545,0.21452979321872115
11552,0.280480327084533
11555,0.03454303823387603
11559,0.09443423654845251
11563,0.12287808666798611
11564,0.3409080481688418
11565,0.22459682949313678
11567,0.13549364195780095
11568,0.05632296989686698
11570,0.0729326669161852
11576,0.7739400141078692
11578,0.03552965140394907
11579,0.04213337334669447
11580,0.1901023418631313
11584,0.10999649250411313
11585,0.09934098308519546
11588,0.12544089315956097
11591,0.837670864675209
11592,0.03339777195394688
11595,0.28951021556614576
11599,0.1921637107164993
11606,0.04144190730690658
11609,0.1358431969546426
11613,0.8045339503729937
11618,0.26684288771330433
11619,0.02921559900053202
11620,0.11021812378234537
11621,0.14809144054058532
11622,0.06328596044523833
11626,0.11253549744016451
11633,0.14272444055473532
11635,0.09560894813339499
11636,0.02794993534591671
11640,0.04764617278782706
11643,0.19628540067584127
11645,0.13552416260755676
11646,0.1506433543263194
11653,0.19261610652386857
11654,0.2978249424863389
11658,0.025424506534063744
11660,0.025526460843617052
11661,0.37575724347630274
11665,0.10043068338748866
11666,0.8170929790967623
11670,0.11161097063793399
11673,0.028597754254771637
11679,0.24070648605631742
11681,0.7725351466300315
11686,0.0441336829269197
11691,0.10355228580043523
11699,0.042798741421789674
11704,0.046306953215671444
11707,0.011297924122475742
11708,0.7311053061900096
11716,0.5618932231920604
11718,0.015890276947762627
11719,0.2550465953105904
11723,0.03966397015011905
11737,0.14685908435305475
11738,0.7809413062687242
11741,0.3324629635436825
11742,0.4685743061991535
11744,0.5630499090618287
11746,0.3261525198346174
11753,0.8318554405488787
11756,0.22476572194798852
11757,0.23227635275760045
11759,0.09560954684343893
11760,0.07364055372150417
11764,0.02382157792174758
11769,0.5096209574737305
11773,0.6713676295632088
11774,0.19328556166840347
11777,0.12293265918090632
11781,0.0848811288206743
11783,0.045102531062445696
11786,0.0892094508419283
11787,0.00884530939354425
11789,0.5167181859854181
11793,0.9623844271756752
11797,0.08050769245299558
11804,0.13568781396269283
11816,0.6777517209504501
11818,0.06865425959529413
11821,0.027320387920280294
11823,0.21381745408794164
11834,0.10250476184169309
11837,0.07692996826414553
11840,0.07092807938872343
11842,0.23855624936710484
11846,0.014775862670958772
11849,0.2436651968032083
11855,0.4441800118866139
11857,0.22570240179914597
11858,0.05149628696533653
11861,0.23179904269550522
11862,0.019028119196215505
11863,0.055338974883527736
11864,0.06472162844076539
11865,0.21985767409759124
11867,0.04553138343686069
11869,0.7196368324678433
11875,0.12252474656702798
11877,0.12226923305845021
11881,0.32104715013398216
11898,0.022873414837315538
11901,0.1557324141988077
11902,0.03204394315638638
11904,0.04923823390834643
11911,0.2587349826348695
11918,0.05325377825333286
11919,0.023780734398459232
11928,0.4928079791915846
11936,0.1637100778580112
11946,0.10385184544146761
11949,0.13646438648493983
11955,0.4133691214611882
11961,0.1669328065107372
11962,0.9092729607873504
11963,0.08665063565216675
11965,0.13897718593168656
11967,0.08848240375106842
11968,0.09552821562817197
11972,0.10420157738968452
11974,0.03707947379926837
11978,0.11526993896176498
11981,0.1839210524549435
11982,0.09436457548550801
11992,0.11459701725801313
11994,0.03809107454022492
11997,0.0908863434393336
12003,0.08961579263574113
12009,0.45421315579033844
12012,0.3952497602546346
12015,0.1794158535792529
12017,0.2418384511699258
12019,0.04895607297205104
12025,0.16845841249522633
12027,0.3139331877644959
12028,0.07749012164470283
12029,0.19734115058847249
12032,0.06888161690395396
12034,0.23693029928192316
12037,0.14086356813819112
12039,0.02300325859659035
12041,0.02397683027860855
12047,0.025316429839002598
12050,0.07925712765844867
12052,0.02146586194750825
12053,0.08001067523951347
12056,0.09009871159193239
12057,0.03180709460527561
12061,0.7639667682265376
12065,0.02535569461891039
12067,0.11044266772160928
12068,0.05441426653878009
12073,0.15275276278235866
12080,0.05966759612334642
12082,0.1245053430003323
12085,0.04596355359100299
12089,0.04755917479741498
12094,0.08488001543296167
12097,0.18629094197919435
12100,0.16402842979908563
12107,0.05206625484951969
12114,0.5518111236116571
12115,0.02164689121854591
12118,0.2905509813628488
12122,0.11495553118580548
12123,0.015723954935401657
12125,0.36856781089180995
12126,0.11348336754049847
12129,0.583129816494923
12130,0.20393861207251296
12143,0.0845716417401484
12160,0.1942352236684985
12161,0.11058904885891437
12162,0.10569336375746705
12166,0.09751870646701138
12167,0.013874885669782096
12170,0.03186324512666606
12181,0.19600232207394977
12184,0.020403868979030203
12186,0.6916236167000354
12187,0.049066256548877696
12192,0.01360056532026122
12193,0.026630469254576183
12200,0.3149976954273595
12202,0.16228660308884346
12203,0.37170973738449387
12208,0.07758363120429376
12211,0.3802671452049229
12219,0.07561963642968635
12222,0.2555351448477901
12223,0.30940992607246093
12226,0.5234477146821387
12228,0.028342666348599742
12235,0.01704004172058972
12237,0.06428579374488348
12243,0.062385142102807156
12251,0.43985415672109346
12263,0.7106038124023357
12267,0.05423496973660887
12268,0.019143331758831882
12269,0.033406300912172844
12272,0.7104423589793127
12276,0.049559734279016096
12280,0.13852201116133375
12283,0.606428484676186
12285,0.21771894765954078
12287,0.05256992201572896
12295,0.2367400598102785
12300,0.04829253549629301
12303,0.4163281892300851
12304,0.3078167103487472
12309,0.48476444712584105
12310,0.15521281154170125
12312,0.10692556660295717
12316,0.14964985734889233
12319,0.7726453116332024
12320,0.09271468112309417
12321,0.2192500764105726
12328,0.4428347899390665
12329,0.5367728545857436
12331,0.10589499873017322
12332,0.045111787640924286
12334,0.0625637518043332
12337,0.13336316175232124
12339,0.13579977804444834
12341,0.08130920197111563
12348,0.04257291989117535
12349,0.9804591487987044
12361,0.08195011671386623
12362,0.04346993435565953
12365,0.47825918187320937
12368,0.735887808455105
12370,0.2655671701275511
12375,0.19360532441499267
12376,0.019193878256234295
12377,0.24310843338877913
12383,0.07154178642839168
12395,0.19165741447499024
12396,0.850609563215506
12397,0.2750500121101446
12398,0.09422299896618014
12401,0.05176427080802164
12402,0.21417630884871788
12405,0.39904804090563134
12411,0.029182950775295372
12412,0.718226588077264
12416,0.020603690297466906
12417,0.15377792720991537
12418,0.34897012368130303
12419,0.19619485986765758
12420,0.07146048952689896
12422,0.699663450940397
12425,0.26166298758578077
12432,0.06916241197805541
12433,0.21088184357166911
12435,0.4277320453922124
12450,0.11339221740180756
12459,0.05446243388369074
12463,0.15617623030203118
12465,0.1041067498603946
12466,0.05603816689899986
12467,0.1872332665066569
12468,0.031116539541960718
12471,0.011791561355944818
12477,0.30816896619206385
12480,0.22770983181258977
12482,0.6536435516846532
12485,0.033809224855912944
12488,0.07101525194540735
12491,0.3074896510446169
12495,0.2811271446034148
12496,0.36311249249301025
12497,0.277599448538742
12499,0.20136304996790685
12502,0.07275617586755707
12505,0.3614721227219502
12508,0.013671278592425354
12510,0.10371406218908123
12514,0.10688299719940021
12516,0.03460166542523946
12517,0.11121411537454265
12518,0.21732204265633862
12521,0.13163944821748252
12525,0.20232368621356558
12529,0.11523849163185809
12530,0.11075574090404734
12531,0.2546327060439281
12535,0.024619552220675182
12537,0.0833623821934403
12538,0.3059419795315876
12544,0.018084659585632896
12547,0.2254416438222854
12550,0.22090827421190898
12551,0.1488548891681504
12552,0.15998536407941055
12561,0.10155479659742596
12567,0.3882314823700557
12568,0.5557364830977577
12570,0.1569215126511039
12571,0.09505414532800838
12575,0.1982917154571321
12577,0.061891307667297925
12578,0.3567367742904149
12579,0.6973789744306805
12582,0.057311468274707046
12584,0.09002533644508606
12586,0.0414610964914403
12589,0.13125029065709692
12591,0.38812084511796935
12595,0.03671124293945023
12599,0.1892186922549197
12602,0.1282524620807633
12607,0.1572991270720644
12609,0.06789438050152335
12610,0.21410854076025299
12612,0.03723602098452397
12613,0.1827072058925446
12615,0.06057290749015724
12620,0.2796988547373583
12623,0.11947156641792822
12624,0.03278472403845781
12625,0.7978717314490472
12628,0.09593826132511628
12631,0.6249591365649224
12632,0.036003030478270165
12633,0.5694465519186396
12634,0.161577645422343
12638,0.12394102296987503
12644,0.7010999752147602
12647,0.05381956605316766
12648,0.01691782701855504
12651,0.21333391094123327
12652,0.3506616294153133
12653,0.0798574381755166
12658,0.6812777735993851
12665,0.04329995323392994
12666,0.07002872866478696
12667,0.048409317992570464
12670,0.0441196156033077
12671,0.12536195023630056
12678,0.05114635836863301
12679,0.16935870466295216
12685,0.13819949269221407
12690,0.08276907820633804
12692,0.13565456919053104
12697,0.011762176583350608
12700,0.22575341026100165
12706,0.46158355180868377
12710,0.19919942097407964
12712,0.48242775725545295
12722,0.14210947542798202
12727,0.19236292662519666
12729,0.7813009240728477
12739,0.7355399936029033
12748,0.029113483339852114
12749,0.041377621596994096
12755,0.1575446560474051
12760,0.12004603823156436
12762,0.12356202294099772
12763,0.7781839786089755
12764,0.0462797528770401
12773,0.14095808412561525
12775,0.08978982527780617
12776,0.1571085556364483
12777,0.027397077169225046
12782,0.031692379833645395
12787,0.319049164047081
12793,0.12749173526426014
12798,0.05062117453482749
12801,0.042350513466542214
12802,0.19699485918643037
12808,0.38642762294194893
12810,0.01104316954627419
12812,0.31305766631749316
12813,0.7526156591883151
12817,0.02716567249307139
12820,0.0684609741981236
12823,0.04967788490000657
12825,0.08916966831732341
12826,0.6726584034421604
12828,0.32713214311549627
12835,0.08529622506785865
12842,0.07540664894492362
12851,0.06339084636655214
12859,0.07988709627202004
12864,0.2629517539136057
12866,0.07373477679252952
12867,0.029720450318334587
12868,0.02730691413111608
12872,0.045551076435442386
12876,0.1653606466449666
12890,0.00843890851845115
12893,0.40546717934340115
12894,0.2556116310825258
12896,0.05052672389274188
12898,0.04173148084918861
12903,0.084247245278991
12905,0.1683202441467737
12907,0.05618576817844797
12910,0.07318001163712423
12912,0.7094271544076702
12914,0.09793788863665
12917,0.025334110126212117
12924,0.7935960440051951
12932,0.10936772266195265
12933,0.012692451383467546
12946,0.1490954977538475
12947,0.030367378522426623
12948,0.04266790428293953
12950,0.0532715269149447
12952,0.06567939820115774
12958,0.0979795794790368
12961,0.07306357367780777
12964,0.113889556401766
12967,0.15757641467465097
12972,0.12457979198353959
12976,0.09095362822902585
12977,0.04785004923919486
12981,0.0224619522317548
12982,0.477570165402117
12984,0.4335189761606055
12990,0.28183668549706314
12992,0.0829688078170782
12994,0.10017231442076312
12998,0.35071364242769215
13003,0.01767294706605735
13006,0.049219831039507354
13007,0.07946532289071029
13012,0.04403139561501822
13013,0.06497218941339171
13015,0.03272774660656907
13016,0.21201492699194877
13017,0.6774474395124469
13020,0.383803890506482
13029,0.008245152385400393
13035,0.368644221552399
13036,0.1322075272518877
13037,0.46914970487432994
13040,0.04727991832754349
13047,0.014151687700579221
13048,0.013660980254053254
13050,0.9110004403456772
13051,0.1296012758367864
13054,0.05466302659476362
13055,0.05219001127591897
13062,0.6198457921508447
13063,0.042837296186045946
13064,0.06385510581885598
13066,0.026790045060739513
13067,0.10984436265645443
13068,0.12984680857942899
13069,0.23248586872414864
13071,0.06849730681629781
13072,0.12496468291357847
13078,0.1319990663872018
13080,0.1928258295055548
13094,0.04632150837986618
13102,0.3253421160517957
13106,0.1655253993944948
13109,0.02742463727050178
13115,0.15940353184606215
13116,0.07651853585336289
13121,0.0611205837505726
13127,0.25211189871313505
13131,0.49002804864659033
13133,0.11259221366253172
13134,0.3522775993965471
13137,0.5536420865963628
13138,0.058449287900562766
13141,0.17817324586448832
13145,0.21604060524510382
13148,0.06880315737278923
13151,0.16274221777868145
13154,0.20841449181418023
13155,0.23414758262945412
13156,0.027843776772777325
13160,0.04593331773206741
13161,0.16148556536468583
13164,0.16363711725463584
13168,0.4883981112275987
13171,0.3994693546402925
13174,0.050496850220295444
13179,0.23033906478301558
13180,0.05106540565558432
13181,0.057147562197033965
13184,0.119184639966076
13190,0.032011300940490456
13191,0.1177884220697138
13195,0.057807891007511276
13201,0.09230502603017868
13203,0.044263909306670554
13204,0.06707445215392839
13207,0.03264041113902223
13209,0.04159650928327795
13216,0.0709904276268064
13220,0.666113555251741
13224,0.18078300217331772
13231,0.09056266427127872
13233,0.08896504599059014
13234,0.8598565732197312
13235,0.27476143591283814
13237,0.1580954130254728
13242,0.09031623725066555
13243,0.7184332997982777
13244,0.24286339248090583
13251,0.1587100577479309
13254,0.11960191147832261
13255,0.060847978847333166
13256,0.05469729942812983
13257,0.030275760765244877
13264,0.008956410508998933
13271,0.007983203213907763
13278,0.05975815092758036
13281,0.048191389447852194
13286,0.0699686993486492
13289,0.4687199619334585
13290,0.1639520694369244
13293,0.056982729809396
13295,0.7517685796045119
13296,0.1827607851352712
13302,0.2087566479553918
13304,0.1571520304857303
13315,0.28388987951789757
13322,0.08147929021158591
13325,0.5705889476232441
13327,0.08192714861331084
13330,0.08556574651552346
13336,0.03914716294770177
13337,0.060086818159497325
13339,0.04448931254203442
13340,0.139701541119875
13344,0.19927233580400253
13345,0.06476823622466994
13351,0.12788772538840656
13352,0.2037038765278504
13357,0.009971576060221714
13358,0.029985279407624923
13362,0.44066323448320893
13365,0.043101081126647026
13366,0.13499032192955132
13370,0.6131509534292661
13374,0.026279839545569478
13377,0.03043306649890957
13378,0.07533731565650068
13383,0.32153529833556066
13385,0.29558980368061055
13388,0.719096514593669
13389,0.4218480148515611
13390,0.12067233680338388
13392,0.05603627153692776
13393,0.441446004123976
13396,0.0939832021867988
13403,0.16828787466171555
13405,0.4192874977592823
13407,0.06796457622697032
13411,0.13398675965365128
13412,0.11103985321112074
13414,0.3992944931043768
13415,0.04205858924552255
13418,0.05783813197530966
13419,0.03097014197467282
13431,0.16816182559299941
13432,0.6631546293894595
13437,0.12252400982088978
13452,0.02159124316347499
13453,0.15633427440396017
13454,0.0938210436272013
13455,0.008719120468136683
13461,0.032322280075037256
13462,0.47937090567816565
13463,0.5534695885346893
13464,0.08591481068014474
13465,0.22588565461451907
13467,0.3109566558853652
13473,0.11637776659601722
13474,0.061182176672714424
13477,0.03165111166033538
13478,0.11173752883170267
13479,0.0852443722233572
13480,0.386015172270931
13488,0.15078782756503736
13491,0.32014022074051607
13494,0.02135056641557053
13499,0.25447410944460186
13501,0.041001880505739115
13502,0.07778312961973927
13505,0.7291492665067462
13509,0.23277120778134566
13515,0.9486299246407814
13520,0.11232740948737692
13523,0.06537918601615461
13528,0.03678581191838936
13532,0.06116528452176722
13533,0.5757908489351228
13535,0.059616411283172126
13536,0.1830655595760521
13539,0.05364420367040938
13541,0.21370505747471757
13548,0.12622051608775084
13550,0.0287197052222875
13551,0.1978844165079515
13552,0.2750239191300285
13556,0.6827492163283806
13557,0.01494074392994127
13562,0.040876328130845525
13563,0.15875016672073577
13564,0.706677421199147
13565,0.26849134988510426
13567,0.046245589976922845
13568,0.12356739283379582
13575,0.11862920279123589
13577,0.642690818142898
13578,0.27742677731633847
13579,0.036865571950967985
13582,0.3404071728687805
13583,0.01980102904235061
13588,0.08013530274634911
13589,0.06191029997940925
13592,0.03169142939627859
13593,0.3050452728326585
13594,0.12031202049971303
13602,0.10853829741813058
13603,0.08048621208803952
13604,0.07753553726887158
13607,0.16326347125033847
13612,0.0640248904403563
13613,0.02475236954282328
13617,0.32430507878121606
13618,0.10584606020817958
13619,0.07058200042836786
13620,0.032172951484924474
13623,0.04468590641788086
13625,0.04436015676643505
13628,0.043079000853094254
13632,0.09526775072359221
13633,0.28230343754779647
13636,0.10493045300172349
13637,0.09834760639217123
13640,0.35317516838820007
13642,0.4453723823831426
13650,0.04786649495339752
13652,0.113217890240534
13654,0.28243042329542345
13656,0.28038145976182105
13662,0.14828189752868334
13664,0.17724652220971315
13666,0.045700363481025366
13668,0.1476156691421048
13670,0.058860416836448666
13675,0.06940907105997264
13676,0.3037808603624959
13679,0.15386435852578897
13681,0.04205453848539165
13682,0.028153247917404478
13686,0.4262588908518653
13688,0.14832845404043313
13691,0.06332786256424154
13695,0.4060833657056829
13700,0.030322058992176174
13703,0.06518599205252455
13712,0.5800781669069835
13718,0.09910565544166731
13721,0.016761423422715856
13724,0.2377140582525031
13725,0.21861034713518254
13726,0.21169752476503292
13727,0.23739015691677587
13732,0.008596454626365903
13738,0.03264491899634023
13744,0.056757995718684805
13746,0.13445770527134399
13748,0.2891364789263858
13754,0.34110220486781584
13762,0.05751733335167247
13763,0.41770824847622723
13765,0.19476393420323798
13777,0.4402674107112495
13780,0.08269896522026676
13783,0.12335880311721434
13784,0.1131757101632186
13787,0.014112016138116646
13795,0.09646301284198004
13797,0.41278113180873177
13800,0.03367883180826798
13802,0.10284519772743309
13803,0.2222280273438451
13804,0.2857526822330971
13806,0.04789340880148254
13813,0.19405437838014286
13819,0.034314811381482166
13829,0.055613014708024266
13832,0.06400517622010499
13835,0.11389721606119504
13838,0.20596940576306655
13843,0.24720592573975894
13844,0.05516141091351543
13847,0.1736349991232166
13852,0.02139064547022194
13853,0.26652687906875044
13854,0.0971125370539681
13856,0.41603928701293635
13862,0.5992852658148546
13865,0.044583848948035666
13867,0.18177183957155882
13869,0.14369839699499762
13873,0.13161892938260322
13882,0.1817385189144001
13884,0.791497699078925
13885,0.15964166729364085
13889,0.701706757773289
13894,0.03426191840108663
13895,0.01325927868163088
13899,0.37499804839396556
13901,0.03827825881764434
13902,0.0893414588478427
13903,0.23732131717035032
13904,0.15498790079441035
13905,0.020217825567251883
13908,0.03258580952725886
13914,0.16371272345221682
13920,0.6582610485831443
13931,0.040458807445971336
13932,0.03652553044564844
13935,0.20407080200820663
13936,0.29093838810023986
13937,0.027650841129826628
13938,0.5040840333781257
13940,0.46837340902491104
13944,0.2610947111047238
13945,0.03483120016226752
13954,0.05117825015879381
13955,0.14963862683116236
13957,0.19834518023976702
13961,0.2949503278036772
13963,0.1076263316266188
13968,0.12616965174296788
13970,0.43191111684874106
13972,0.13663506635952596
13976,0.3620294390638607
13977,0.04196668761240745
13980,0.02654272562246713
13984,0.2791491487432381
13988,0.3898157672953398
13992,0.05984817176075344
13996,0.2176427109326116
14000,0.4713489316562302
14002,0.08452413847979129
14003,0.2146788292087373
14004,0.020215383649584653
14008,0.3187024470394621
14016,0.38995773198032174
14034,0.12626945313111776
14038,0.036415220301425924
14039,0.06995284687498593
14041,0.7486310468147003
14043,0.03875306733965227
14044,0.01403274051124966
14048,0.18430569669085473
14051,0.07269601966495626
14052,0.05247464867344877
14053,0.07875059369669696
14059,0.022535689081382725
14060,0.3230907019089291
14069,0.025538046409552075
14070,0.2896926380266109
14072,0.13483672754763856
14073,0.6059427506995685
14077,0.0625122330341865
14078,0.5689466035729526
14084,0.21639478231173273
14086,0.3207728186709849
14093,0.14761060542705307
14097,0.14800126536129615
14100,0.09023688078766047
14103,0.069491001234127
14106,0.018982664082360445
14107,0.3228543670535141
14109,0.21540864158487494
14119,0.016441234685139756
14122,0.010842460990842039
14123,0.7748638554838089
14125,0.34525703392372536
14126,0.06817568179038243
14127,0.3578688271152495
14130,0.13271939238008756
14132,0.043836344027392504
14133,0.5088404276224364
14134,0.33607288546364517
14136,0.599388779465723
14138,0.1692981076898082
14144,0.4502999564106873
14149,0.03965655991859692
14150,0.03559463200768982
14151,0.04886584340809359
14153,0.023740481441281585
14156,0.13972976322807074
14160,0.13894924658674784
14164,0.09152688265867388
14166,0.13661895867852197
14167,0.19984329244179302
14174,0.014633061201906798
14181,0.06261870427229238
14183,0.25824529586751616
14189,0.017361669640519835
14191,0.22164470663525035
14194,0.22714503484235146
14195,0.10541419967636988
14197,0.33329651014584905
14205,0.06313623770559734
14206,0.1150762701080621
14207,0.09433180474809857
14214,0.05466095668969405
14219,0.03376959064709401
14224,0.05606667605157555
14228,0.07020079740161432
14229,0.10041513713242513
14230,0.16078085720831528
14231,0.648410546281142
14234,0.13900881288931832
14235,0.010370303426833758
14236,0.1389900020081559
14239,0.264910571265668
14244,0.2000670188394172
14248,0.015862743951425614
14250,0.018448756450117895
14251,0.027450925196388032
14253,0.43881272983142017
14258,0.02236628481333612
14259,0.06614551693000732
14262,0.08203784570608477
14265,0.80483375923572
14267,0.1485125538332259
14268,0.4199700510112871
14272,0.11334732660464755
14274,0.33165563831570627
14275,0.008342129602146713
14276,0.06775069261359921
14281,0.08635950060255602
14282,0.06959639392294198
14289,0.045600114363326005
14291,0.14247338724771266
14293,0.06823234779530624
14305,0.1353474979669911
14306,0.05363429194730454
14312,0.07571444354846
14314,0.4573202803470942
14316,0.3610069295440223
14318,0.3418538247123075
14321,0.19531952334232597
14323,0.11209698868053264
14327,0.03099114535262109
14329,0.026138184103537587
14332,0.2637228711047094
14335,0.17738395770407034
14336,0.1313856650710834
14338,0.03390057516529384
14341,0.06935245595938493
14343,0.14404180891002782
14345,0.6007591438961187
14348,0.1766697818634263
14352,0.031222934518367416
14356,0.26887900482200155
14357,0.0760155733669126
14358,0.040100644691456966
14362,0.11584601838314978
14363,0.01492191825901163
14364,0.033342525552314754
14366,0.03075825835642042
14371,0.32875896007763156
14375,0.29934628669895386
14377,0.12171345313110478
14378,0.12166195735793219
14379,0.5580949416307358
14382,0.040645396361409396
14386,0.09241305911871911
14387,0.11371661610227603
14393,0.41250409710387836
14396,0.057844989452063955
14403,0.033589251307229034
14404,0.06911156539468699
14405,0.07901174043903711
14406,0.0122534913621268
14412,0.025374500069746543
14413,0.013182078398648524
14414,0.0643857146125887
14416,0.03848587596173445
14419,0.22956590151808956
14432,0.012122886402818391
14435,0.6886035665231649
14437,0.08685356100330145
14439,0.6880315532431337
14441,0.4111409262805325
14444,0.34998435798144834
14449,0.10485727546347082
14451,0.08902034566407459
14452,0.6726038767343622
14455,0.1832803216616459
14458,0.42205277295543714
14459,0.27650039610856747
14460,0.011809156662782686
14472,0.08237311843176343
14473,0.2732372905249388
14475,0.12460808156195609
14477,0.18800128822487402
14478,0.2401936461363823
14479,0.20212528494637394
14480,0.027513566785477967
14483,0.22446560419885647
14484,0.10217010209799775
14490,0.549137187737656
14495,0.009344911401459889
14497,0.04428547118572675
14501,0.021881373631126078
14508,0.906412576231102
14516,0.018489403114538353
14520,0.6287261112360027
14521,0.0737881434961977
14540,0.0547564862229419
14541,0.29324474605134504
14548,0.3700987028925657
14555,0.06857290064123642
14556,0.642999774828697
14577,0.0352569866221548
14584,0.20258748290355244
14586,0.015398286334129636
14590,0.07565015014934405
14591,0.05143943254569204
14592,0.0755594380825498
14593,0.026416138277272995
14596,0.03205119329378056
14598,0.10929478409973628
14602,0.12510901374658373
14605,0.4861330189430966
14608,0.3414703911769438
14609,0.18116079020225623
14613,0.6209436569042636
14619,0.15166911760435842
14620,0.041703165043612316
14622,0.7418700166908055
14625,0.07873905032376743
14626,0.5982989737644522
14627,0.2675073750445672
14628,0.3128372525688167
14631,0.04786504753556372
14638,0.3186616027017913
14641,0.12680931940507237
14647,0.11966537279604722
14648,0.10787147786487986
14653,0.00888802268342069
14659,0.028548586541789944
14663,0.07524673727648479
14666,0.07833334703330277
14669,0.11848143680538839
14675,0.21884324808393085
14679,0.5147552507163572
14684,0.6611584155254878
14688,0.29459233866093093
14690,0.09661012286694522
14691,0.07454751324749148
14694,0.07305090531290585
14697,0.013173212260052677
14699,0.09225828496240868
14714,0.14317944530873356
14715,0.2840595853121261
14719,0.10346769823735345
14721,0.42164751414991025
14723,0.11065034557969435
14725,0.31888119001748444
14739,0.08075931921937497
14743,0.1647734873579108
14747,0.34009822604745515
14755,0.026868981108218268
14756,0.11896741558161068
14757,0.13065878533490607
14759,0.04172626256204433
14760,0.9439122043940985
14765,0.2239280731517437
14768,0.007282717281798289
14769,0.024547269520277887
14772,0.29936090787814823
14775,0.009954774927616565
14776,0.3554399017489685
14779,0.5215502554643071
14782,0.3821107491415932
14787,0.32286177207863526
14788,0.03319063083047992
14789,0.07977537970839853
14790,0.45355516706973975
14791,0.019586555342141272
14792,0.10125690413460663
14795,0.014642102013262104
14796,0.04553220294962132
14797,0.16753213747443854
14801,0.3467160354231186
14804,0.056248172490712754
14805,0.014211810344491678
14806,0.045860308486910493
14807,0.05198703244623151
14808,0.10263005383644574
14809,0.02850178419591504
14811,0.1352118250027057
14816,0.6385994830969766
14821,0.2941996407465472
14826,0.15045975846482276
14827,0.2173774151953597
14828,0.041002738877483784
14829,0.4340813984576192
14831,0.03580498786831034
14837,0.2611546803165612
14843,0.12385264926303782
14844,0.13666938508142337
14845,0.06409553733423606
14846,0.8475301086607058
14848,0.021032283650888495
14849,0.5503957682492042
14851,0.0868549774320302
14855,0.028433457247882266
14856,0.23095665933702467
14857,0.15466254317997466
14862,0.07463948857483378
14868,0.16259191967148773
14878,0.08450483721695788
14879,0.1897145677063539
14882,0.10461667731446095
14884,0.7287282121989019
14887,0.11246636501493856
14892,0.8099660519335716
14896,0.060036054584289865
14901,0.11511096450283961
14902,0.04907083186099247
14906,0.15816967407189325
14910,0.29963566732898256
14912,0.6985744639080755
14915,0.03544171587062946
14922,0.43648865926837843
14923,0.09035889921786631
14928,0.8834886256139932
14929,0.027603501755217925
14932,0.6935766360690993
14933,0.30594476483327626
14935,0.3050430743975391
14945,0.02691568856379798
14947,0.5528790759726449
14951,0.2680352792561491
14956,0.45524930656700635
14958,0.1826850367547547
14959,0.0355302523698279
14965,0.10144113733548162
14969,0.023222981989159435
14970,0.7076687737291767
14973,0.1446257060125459
14978,0.12445572496809941
14996,0.16562632001735142
14999,0.14160182521388945
15006,0.02546396576916064
15009,0.4825613256074638
15011,0.5921162907887718
15014,0.6180705245402479
15019,0.08837003011998239
15022,0.1424300381732242
15023,0.07444786535723479
15025,0.2120549804459891
15027,0.871431249808245
15029,0.1389843760605648
15031,0.07270023817292626
15034,0.03401808539512393
15038,0.05682164717869417
15043,0.06280248623506503
15059,0.3880824118595541
15060,0.38755633256142663
15061,0.13418951622030065
15067,0.15984368168007004
15070,0.051270994589082054
15073,0.2880717156533726
15078,0.20009258339881245
15085,0.07832261261809008
15086,0.06673308376265102
15088,0.487169648700193
15093,0.29013367848787464
15096,0.024013114639357735
15098,0.11778493826771949
15099,0.03169764058391804
15104,0.04583962925523291
15110,0.21142101161777224
15111,0.0637930527704204
15112,0.04025822219474843
15113,0.054464029106231604
15116,0.02082124526260794
15117,0.1544805827847537
15120,0.04646505741477364
15121,0.2319437374938099
15127,0.029394940697250196
15129,0.5151903204913537
15131,0.35134185028728676
15134,0.608281451746917
15137,0.0512159429567469
15138,0.05523051141301553
15144,0.0868410667608566
15148,0.2864416283691508
15149,0.13713088724723438
15151,0.10637952404998516
15153,0.30664515312127966
15155,0.5858014415710985
15156,0.1261833109669178
15158,0.06399047970666118
15162,0.011747694107445639
15164,0.034492452196480124
15171,0.20792893996658326
15172,0.1893571675234497
15173,0.05710331714056642
15175,0.14374206051551452
15176,0.19196621492673555
15177,0.31204844642178664
15179,0.18306597441174885
15187,0.24741866466012083
15188,0.2275857497674498
15192,0.1316043554878557
15198,0.0195213713247901
15203,0.029006160489392932
15211,0.4642732929336994
15222,0.01723332278004666
15224,0.13125392604088829
15225,0.05670000857094824
15228,0.0362012408669367
15231,0.48250224065701197
15235,0.1370437591770865
15238,0.050271570185716694
15241,0.06596980459169213
15248,0.25084835699902946
15252,0.47362239477039314
15254,0.25205648519272694
15255,0.011989986171417317
15261,0.3684896024342963
15265,0.04686576848946022
15271,0.046193985724109196
15273,0.06583889190840915
15277,0.020830784951197775
15286,0.07336304798463654
15294,0.434529289681134
15301,0.061818562453008374
15303,0.16885016601926123
15304,0.48820788048925357
15308,0.22224873690931077
15313,0.0577100278634829
15315,0.05810530443726722
15316,0.199994845714413
15318,0.9067902898888585
15321,0.43637893270099204
15323,0.17972405641416458
15327,0.3051187191475532
15329,0.7411204476818822
15334,0.3187495912251032
15335,0.14203025487715396
15337,0.016191091364941707
15339,0.04983097438661793
15340,0.03325175859668767
15344,0.39587171602635535
15346,0.0669935301834307
15364,0.821169872683487
15365,0.17708607474700253
15370,0.0601124205500255
15371,0.038699873863017875
15380,0.2296817070913114
15386,0.13593234089737227
15389,0.25658196373948317
15396,0.014291988752388199
15397,0.7366205108545072
15398,0.32967683015630106
15400,0.42312343197804686
15403,0.2545481988330165
15405,0.07424057136991792
15406,0.16556188872779756
15408,0.37047032480961917
15410,0.21401078784160735
15411,0.29241158819631424
15414,0.1128255492361242
15415,0.30194809314302407
15420,0.22476593507857257
15421,0.08447934466090778
15422,0.47580010213510354
15425,0.03385745564313049
15429,0.10136403738381178
15430,0.09875512982654554
15431,0.025729316401174245
15433,0.08849945660867432
15434,0.8292780534822533
15439,0.4524163789582319
15440,0.563893053922704
15442,0.12731805387297307
15445,0.1750966925607151
15452,0.15929072211137998
15453,0.2513778613717093
15459,0.24984355102610603
15460,0.11214545527816078
15463,0.14749550847211954
15465,0.03305869885367181
15467,0.13393819547824176
15469,0.14514220543791698
15472,0.01940217717254292
15474,0.10760055674998509
15480,0.13337683309776102
15481,0.08553633828266306
15483,0.050899014367195954
15485,0.6471315961907423
15487,0.5400684293062563
15488,0.10745911665855314
15490,0.0864882037483542
15500,0.34021061047719797
15502,0.1298986196137079
15503,0.3362950572561123
15507,0.039094510833604205
15509,0.48777515871510574
15511,0.06706029926826174
15518,0.012707139138644928
15525,0.1898134705277179
15532,0.009248172644320412
15535,0.11944799404238503
15538,0.13299855380625264
15546,0.4754876060531503
15547,0.26745506216499354
15548,0.11128946522309484
15549,0.21189769757165114
15558,0.0667597544574593
15560,0.20838804527165694
15562,0.7593526194889479
15565,0.6968460677870512
15568,0.2796869286997814
15569,0.1766785837407291
15570,0.19264007683361428
15582,0.3041401038053561
15583,0.01397189891799072
15591,0.030220302148798433
15597,0.0482045030153899
15598,0.0733642054669179
15603,0.17110614983423883
15605,0.011818810133008594
15609,0.9213510196441355
15613,0.013670240205071788
15624,0.3074932756187614
15625,0.25777659462824687
15628,0.4176278757314249
15633,0.02857620087302333
15637,0.08459674826314316
15641,0.043299995928954414
15643,0.7483107259337394
15645,0.8344545837711015
15654,0.09778161609982523
15656,0.17545848468761244
15659,0.1213206917586043
15664,0.18053241623207394
15665,0.043947648720163546
15667,0.8109726574066496
15669,0.7155527648142037
15674,0.07532454760232458
15675,0.8490590600915019
15678,0.29116917561132305
15679,0.05307169877054321
15682,0.051121921133813385
15684,0.051462705097572545
15685,0.20886783976804899
15691,0.6921844830989925
15693,0.10858154334565243
15695,0.16482364457741217
15696,0.5514208524228901
15700,0.019674627045560854
15707,0.1606119354658202
15710,0.19436694115820213
15716,0.10397492379782532
15718,0.17872857736139597
15723,0.13943206103546976
15727,0.07062306430235221
15737,0.20886228353567438
15743,0.269710713811785
15745,0.10224419046358488
15747,0.030691806928812217
15748,0.05491774673020118
15750,0.143591397804157
15751,0.020790687062517535
15752,0.09009326891969638
15754,0.15013272247000414
15755,0.2963049761904926
15756,0.06152830171867441
15760,0.5735899831313283
15762,0.07230710008665164
15763,0.14730611512591166
15767,0.690000818260808
15772,0.34989555634642655
15773,0.24427113570642037
15774,0.12086577477688697
15775,0.3815126553106759
15777,0.036637593923868596
15781,0.08826468264490309
15785,0.43456903630845306
15789,0.7101434831466831
15790,0.26259390429631285
15794,0.11010536244199655
15801,0.4038037593143005
15803,0.0641193853299492
15807,0.08861456680198816
15813,0.4213404667120175
15817,0.05540524112151923
15819,0.16522585348166605
15821,0.057168177225584794
15822,0.1068167642238767
15825,0.11262660189659618
15830,0.27353606685607634
15832,0.5220094315554301
15833,0.3705967155715937
15839,0.010791497690286833
15845,0.06306539125574248
15848,0.18489935396241106
15857,0.08300985533630284
15862,0.3238486391252868
15870,0.06971782058411827
15874,0.2756718937847528
15879,0.032158076786081874
15881,0.1743181296509452
15901,0.18148550711104156
15903,0.03872820363411615
15905,0.012097883769989845
15907,0.6713080602519406
15922,0.0774768617577729
15923,0.05864471961945724
15926,0.5679006957370535
15927,0.3585493767749655
15928,0.10199428047135174
15938,0.6814211410360298
15945,0.09030912262737854
15947,0.2704777824235754
15948,0.2231356391573305
15951,0.5844136264243415
15952,0.16125985071223134
15953,0.27253284162234864
15955,0.06634778545228295
15957,0.027416165310590754
15965,0.1493418857815543
15967,0.028628875603917813
15970,0.4144305628888879
15972,0.28858926077441693
15974,0.14374666833207136
15982,0.0908597059488276
15987,0.9034555260063039
15989,0.6975474603604019
15991,0.07027520545912917
15994,0.18138708648434174
15995,0.12159337787983583
15998,0.0708002144764023
16001,0.321749741004382
16003,0.026823724234200978
16008,0.1648634159485039
16013,0.1622328911571564
16015,0.5823667031860544
16023,0.09254085777610097
16028,0.33416379982994443
16030,0.03851493295999679
16032,0.11144139035684966
16033,0.08401373489006493
16039,0.1035462028310912
16040,0.1028702803046333
16041,0.5808603857208131
16042,0.21181195914398854
16044,0.032643603494999195
16045,0.05328958143319629
16049,0.7461555696914202
16051,0.026028874156830632
16055,0.06749206451235619
16057,0.2550715184817955
16059,0.49224069621576383
16063,0.06852218351549845
16066,0.1297662686179538
16067,0.47403613776773107
16068,0.02676404385077736
16070,0.17932041839545618
16072,0.26598377337430185
16090,0.48267971351034594
16091,0.03374005606620094
16092,0.11198643510633276
16095,0.03356410101264759
16098,0.1671715011281951
16099,0.03666543465223352
16100,0.07158109023516196
16101,0.02070308055828426
16105,0.24606356042630753
16116,0.050142477328883155
16125,0.35054342317303505
16126,0.39873072341085586
16127,0.05889980376883008
16130,0.162474065602317
16132,0.11671208735110677
16136,0.2794541377947187
16141,0.12137244660528324
16150,0.15793213378808876
16151,0.4818353276254197
16153,0.07225670930272494
16154,0.06818359483879731
16160,0.029795087673409954
16162,0.07563746109772576
16163,0.13047147562335423
16171,0.015101024309970148
16172,0.06672684509589533
16176,0.16448916162599428
16177,0.6301034975937926
16181,0.5812393559503208
16187,0.07844665348793868
16193,0.03798689361145562
16202,0.13160404240100082
16206,0.02981938297488237
16207,0.08142201856531701
16208,0.34776617765708534
16209,0.5700694377272554
16217,0.21227352096881474
16218,0.03094999677456878
16219,0.184267770784453
16220,0.031820567767522345
16223,0.021556765432367342
16225,0.14005358602774373
16227,0.32293825281900596
16228,0.03020145517188042
16233,0.05182630157239594
16240,0.05859906492126538
16254,0.10946642330110509
16255,0.2055231759456013
16256,0.5131219700368636
16261,0.014059586662883329
16262,0.12575949531015104
16264,0.12396586839364154
16265,0.06974123042022407
16266,0.023301378318657643
16270,0.08589025045603918
16277,0.17967082969006778
16278,0.014565575958940896
16279,0.1188618097940487
16281,0.11984863224018188
16283,0.07612845536740999
16284,0.08978031489472592
16288,0.020646773514030287
16289,0.20208856268430672
16291,0.12091820946470676
16292,0.33778828049967613
16293,0.10352384689912675
16295,0.2788197547165857
16298,0.08985111871325817
16300,0.05367620817191649
16302,0.6463257313478211
16304,0.07215553888277701
16305,0.04558657426711085
16310,0.17626937418753716
16322,0.3872035614643131
16323,0.1433867092018007
16331,0.6294465947392517
16333,0.022468173682319986
16334,0.023065633391636246
16342,0.10404888016256252
16345,0.036093703516488856
16351,0.1022239481604872
16356,0.5667148350050427
16357,0.542488549590489
16362,0.09019320158547375
16365,0.06919906452304467
16369,0.022214733920757526
16370,0.2636708492715617
16375,0.1050142888591069
16377,0.022682674585377604
16378,0.06683358141094836
16383,0.3684769901602091
16388,0.05051440310461423
16396,0.10232677043310615
16399,0.07705383060501962
16404,0.07824961446073218
16408,0.19183235460563192
16409,0.6603097952890898
16412,0.2017019810993003
16414,0.1627341645872388
16418,0.035540497993093015
16419,0.4723740309496378
16424,0.01666620129922699
16426,0.06466394110808046
16432,0.19841141600036388
16434,0.06600839779101564
16437,0.08079916054440951
16439,0.7317251920025314
16440,0.5806311912928622
16444,0.14188622693960334
16445,0.54373568984808
16450,0.06850260953467968
16451,0.07802897938492735
16453,0.08973957591159398
16455,0.08572825757366152
16459,0.05120310789732383
16463,0.2729910703451279
16464,0.30803435937702345
16466,0.08188226670367163
16474,0.019143506906556584
16475,0.22203426496543663
16476,0.11080985703715739
16486,0.3536329108862286
16487,0.044306714924979264
16490,0.19648782795534844
16491,0.0626102867890476
16496,0.08615992746039736
16499,0.2909321369619447
16500,0.05663419073845661
16503,0.2540392400922756
16510,0.2022513303302426
16511,0.29416781530638714
16516,0.08218398649741464
16517,0.4199691800291954
16518,0.29457396656772716
16523,0.06669547923700628
16525,0.020790404327464634
16533,0.5376878383533293
16537,0.06338339211637069
16541,0.022975713659695786
16542,0.049137283771557516
16543,0.39410976152367044
16545,0.02715587740164916
16547,0.041456741888821765
16551,0.642607888947404
16552,0.056398000483219836
16553,0.020291131946722264
16557,0.2531734343218942
16559,0.5880277155319815
16560,0.08607804053749459
16562,0.03741804476962256
16564,0.1413745622614841
16565,0.023398857225087263
16577,0.27928888865179397
16586,0.09072922580340863
16588,0.19513107360094006
16590,0.5857573066927284
16593,0.6059079633311356
16594,0.050932412602241794
16596,0.5443640274930098
16598,0.28317425249222083
16599,0.03656843536006893
16604,0.26925330282883003
16605,0.19901488473336112
16617,0.7751906930728786
16620,0.5925358597413573
16624,0.14820741464073062
16628,0.15141938509830014
16633,0.04205102282439128
16634,0.07544671599372697
16635,0.09580643408260284
16637,0.6348186895732041
16642,0.12728970486614236
16648,0.5367571663003486
16656,0.5618742561322873
16659,0.0895164151295975
16668,0.21455260957238953
16674,0.26261753172594343
16676,0.05905267211965681
16678,0.14201997354765594
16681,0.021906924350288695
16687,0.05343578802667817
16688,0.022062700203382978
16696,0.9789823984755033
16707,0.06683353384289345
16709,0.45143006109272077
16710,0.1276270117429145
16718,0.01632988941049826
16719,0.04804834749571111
16727,0.012483001647115216
16728,0.22095388915124362
16731,0.5498480027896423
16733,0.15553053952974324
16735,0.09643435356144324
16738,0.08849571055031051
16748,0.09868311049826335
16749,0.10601256290778038
16750,0.01113271219276785
16751,0.023003695858969407
16752,0.060669809964683484
16755,0.06243924611725315
16758,0.2987057678030567
16761,0.6740819177388739
16765,0.024765072419785646
16768,0.07438340760228587
16775,0.016530791287406376
16776,0.011502977500590816
16782,0.6626814688814718
16783,0.306585948482387
16784,0.10208932205385692
16788,0.042354948086842384
16789,0.24748785848543328
16794,0.035817553720361224
16798,0.4020622805545597
16801,0.18119887171405658
16802,0.07910928709778062
16803,0.3233350867053866
16806,0.035770276694165826
16807,0.027105917411102607
16808,0.02559366293734445
16810,0.2586666359420252
16811,0.08272423111916272
16812,0.44778772629249436
16815,0.096198970207175
16817,0.11593429259552591
16822,0.4849583019446158
16825,0.8389769929358069
16828,0.2666929977607522
16834,0.09806179600950483
16836,0.35588774576368587
16837,0.22883654508061987
16838,0.16334528125837178
16839,0.15348973950668773
16844,0.026096042957309044
16846,0.12859198322007095
16851,0.1471399801372421
16854,0.06674603464301582
16856,0.1147494982187514
16858,0.22589056536046365
16859,0.14955882208015792
16863,0.13991544466534606
16865,0.15323019569674967
16867,0.20309246845073428
16871,0.06378975863187628
16872,0.17055664583492802
16873,0.19055003291301567
16880,0.03246760690441596
16883,0.08694274975440412
16890,0.03276840423940534
16899,0.15744200532188332
16900,0.1081652798667407
16903,0.06513952635921601
16909,0.01514634520842589
16917,0.11885806328974584
16920,0.03444557143522706
16921,0.14803640363778311
16922,0.09178101369613006
16926,0.2678456552442584
16930,0.028253611124321055
16934,0.027601441755095473
16935,0.016680908616449067
16938,0.44849868291401757
16939,0.1546098665353019
16940,0.23064422001504048
16941,0.036136305583995346
16942,0.4618974383846178
16943,0.15017831013363453
16945,0.21657291153822286
16954,0.018814387252468097
16957,0.04439537209166431
16958,0.0959122332131591
16960,0.07806901656562189
16961,0.1628408164587562
16962,0.1601900348214794
16965,0.6574575080025837
16966,0.11571656858515889
16969,0.03477112979366319
16970,0.044432726324043804
16971,0.06732301520237155
16973,0.6695238023061361
16976,0.10909095948667075
16978,0.03617278818503011
16980,0.10141433189328904
16981,0.24124199166154134
16983,0.07231453197475832
16984,0.11485119412063008
16990,0.015112628252781172
16991,0.21268306945124668
16993,0.7247391677473456
16997,0.5210035968306088
16998,0.012752484633888471
17002,0.03002023839081786
17006,0.22413841928869993
17010,0.03719478319358596
17012,0.010929479230158318
17014,0.3636166814738405
17015,0.16973530829980132
17016,0.6563750079046577
17018,0.2779550222574386
17022,0.033023863249690436
17026,0.09026293101373424
17027,0.572070260813821
17029,0.5266343911883397
17030,0.22312867756927393
17033,0.014124772686206948
17039,0.3662413131101275
17041,0.020778845470677
17048,0.27960183602847544
17054,0.11983412983714797
17055,0.06277066037230707
17056,0.252376499418044
17058,0.15869639899376636
17066,0.5135617305178125
17069,0.12790406601656845
17072,0.03146967057039822
17076,0.08528252332409066
17081,0.12256169722026794
17085,0.1725001330412828
17086,0.049174882697030756
17088,0.08383486924720239
17092,0.02989340386281916
17100,0.6945174408903628
17101,0.3550181050129438
17106,0.05518933877286784
17111,0.1821670655252257
17113,0.8952899464017681
17118,0.1497307536531995
17120,0.03372494988554914
17121,0.44811729259836885
17124,0.40808332954529697
17125,0.01150944017852579
17126,0.12533882737701743
17135,0.32910819657324925
17136,0.11496794592658743
17140,0.08115033570252164
17143,0.0339180282870433
17145,0.037133823806125614
17147,0.43152603716672816
17149,0.25338286255347026
17150,0.07238485196006034
17157,0.22198082707691782
17161,0.11736648742739048
17168,0.07427714970132794
17169,0.4626408925182942
17175,0.4681594419108253
17178,0.014638720566546857
17181,0.027698198599950347
17188,0.3695147645035799
17189,0.08764483827430376
17191,0.11353491060536217
17196,0.166073842972063
17198,0.6299401215886153
17199,0.5013560079247028
17207,0.3828161462344821
17208,0.6820534329394514
17211,0.058010748424147135
17212,0.31152366867627956
17222,0.5887874252724208
17229,0.14798031054126895
17230,0.6421150319007228
17231,0.15433947545322446
17236,0.7266338401167155
17239,0.05884567331927271
17240,0.13096184049184315
17246,0.8361218733909022
17249,0.019667663745837005
17252,0.04254087756565337
17262,0.10648625794616151
17263,0.33128836286571556
17266,0.37918026995504295
17268,0.13276096292271553
17274,0.019956454439142908
17277,0.3769590224377513
17278,0.062443722201651015
17280,0.07358049377832224
17281,0.3521437953731849
17282,0.05693680510905462
17285,0.859426462450059
17286,0.13462127425687026
17287,0.06559021912612761
17291,0.192188889096649
17294,0.07812701511520521
17301,0.04833592446798863
17306,0.07332110128558718
17309,0.45336083259880167
17310,0.04336985247214286
17321,0.0893826049872427
17326,0.6299168849461128
17327,0.03562902138304891
17343,0.025510498594745624
17346,0.04439136651205023
17359,0.09348797041680527
17361,0.5269390117455649
17365,0.4304651691568209
17368,0.008525272861930224
17370,0.30222956507765286
17371,0.41002565597405244
17378,0.062110709765586934
17379,0.05335598409692307
17382,0.0529151195379906
17383,0.06545372745577664
17384,0.42087875477750397
17387,0.16519819980277414
17395,0.043818655847045265
17400,0.16954727557172455
17402,0.011761927400610155
17404,0.0461456946404509
17408,0.014956049350586665
17409,0.050105874239367056
17410,0.047590226741336755
17414,0.1515059400791554
17416,0.1964683482035373
17417,0.0654060384819288
17418,0.496918272111363
17420,0.18830884864654382
17424,0.04357826714543673
17436,0.259794669344916
17437,0.0524775582615268
17438,0.5635222496933702
17439,0.6937617224292981
17441,0.38605412780990706
17442,0.062214210005994024
17444,0.3849085652167814
17446,0.011644888129495963
17452,0.030112890495416624
17453,0.19809641170591283
17455,0.17572244970145848
17467,0.507313887798048
17475,0.6024911152619274
17479,0.3250995557404442
17480,0.39971004864688686
17482,0.9116362139407506
17487,0.20176816809645365
17494,0.20686063325056075
17495,0.03469482652139254
17498,0.44890512838822033
17499,0.2877028430976099
17501,0.012689184507978088
17504,0.8616389407143218
17507,0.5433419576558672
17509,0.40791810166428333
17513,0.03125512720691601
17516,0.27511085851869677
17518,0.19199705897832128
17522,0.053818321827123504
17523,0.22948244081324778
17524,0.12796535134996984
17525,0.18482156367732758
17527,0.2620877413175627
17528,0.19786866207266404
17529,0.04161985881421322
17530,0.14295264115501022
17534,0.05297170789435454
17535,0.030942824663965692
17536,0.3296172417397399
17539,0.048729464259461466
17543,0.1858569739132054
17545,0.13193138829599227
17546,0.11383261861071249
17548,0.0736080282924577
17550,0.02861104566969182
17555,0.11550451317638612
17560,0.05957492200842575
17564,0.02485862620873196
17566,0.18445172807432078
17567,0.5450978228306166
17570,0.3078213344335289
17574,0.3956339672270404
17575,0.06745211984359636
17580,0.3414990575818837
17583,0.7380612240590154
17584,0.27364230561632413
17585,0.095128437483278
17595,0.11578932634265389
17597,0.29889465268928495
17598,0.47855430304928276
17599,0.12073782239163235
17601,0.2504023641278017
17603,0.07288561298620196
17608,0.37748537804661814
17609,0.10886598916620699
17612,0.2257551385232318
17613,0.24938122479137348
17615,0.13961613677964524
17617,0.27649285731194373
17618,0.20659159940896113
17620,0.04028259588155984
17623,0.4896505731933959
17626,0.019081832742749626
17628,0.4739184782499196
17630,0.01507223438765745
17631,0.5974491572984312
17646,0.14547341069430872
17652,0.02316799827306125
17653,0.4002341107716494
17657,0.31725885644356594
17661,0.741557333103606
17662,0.10605877581215593
17667,0.2579002455923779
17671,0.12502269806933128
17674,0.3680343626294286
17679,0.1726520636501765
17682,0.6547457959692364
17685,0.023964863472473542
17688,0.009114039378010549
17689,0.5495971272877959
17690,0.060767948894536565
17692,0.3294236505858147
17697,0.10505061915907166
17702,0.3128721793174345
17713,0.03189761937347623
17719,0.4079290160299673
17720,0.31174175801831505
17721,0.48654915243610597
17722,0.02533580374669538
17728,0.02840261025073661
17729,0.27573575863506705
17730,0.11962022944257211
17733,0.16800843086259318
17734,0.20392594427579136
17736,0.06423297219676714
17737,0.06911741068549473
17738,0.10350513316286003
17741,0.32647297368998884
17743,0.0791086155452481
17745,0.8379198768179354
17746,0.04788586960313653
17756,0.4697516313094545
17757,0.05424335998879111
17760,0.5168654664797575
17762,0.08207528365065987
17763,0.15442510816720625
17765,0.6885378414984497
17778,0.3043951579530486
17782,0.0354759083592781
17789,0.05373894206320082
17791,0.866621886591778
17792,0.284522949519717
17793,0.21045720426237266
17796,0.44705041852145383
17806,0.18793230625253718
17807,0.13867638055882847
17815,0.4071564950091587
17817,0.1241062853820121
17818,0.12231659114695766
17832,0.23943011539050252
17837,0.422408363814445
17840,0.19240618281212077
17842,0.04372973269053175
17848,0.029362813348534772
17853,0.46323260509820857
17855,0.05632299364380284
17858,0.20082514739626942
17862,0.031603391188312145
17864,0.034613383729752256
17867,0.05264664739717434
17868,0.3419293321229145
17871,0.36955423731420844
17876,0.191853518476746
17883,0.03218208770294923
17886,0.16538370725619886
17887,0.022742422226486855
17888,0.050011063795287164
17889,0.06839435689972286
17890,0.06552766709940519
17895,0.03789339756554742
17896,0.20754809861041396
17901,0.06884407820623063
17904,0.09926358001780333
17908,0.7592222865076305
17909,0.229268997873656
17910,0.1158066472797437
17915,0.03742005652839001
17919,0.07918017625257867
17921,0.09632589729776897
17922,0.6597494675323687
17924,0.04119174356105245
17928,0.6904038258302369
17929,0.13302676738643365
17932,0.3706663243751491
17933,0.22397288905148194
17937,0.06992852219540859
17938,0.01927566371942794
17941,0.026232545562441197
17944,0.4444883503145366
17953,0.34536195283202675
17957,0.01276158878255797
17959,0.07267557486348482
17961,0.2331318661819403
17963,0.623203394926261
17965,0.04011044050403964
17967,0.42044754790323813
17972,0.3609574740853193
17979,0.28972505644544444
17980,0.08896611062284109
17981,0.08371900927386805
17987,0.8316329198711799
17988,0.031027574261460848
17999,0.09928796833447211
18001,0.5025969852740892
18004,0.014123892608251748
18008,0.8827069500421312
18009,0.292730710694863
18015,0.09460744864555194
18018,0.1295400874456461
18019,0.3325671914057682
18025,0.6444050282331556
18026,0.024355849101572867
18027,0.498498467588377
18030,0.2311342111882251
18033,0.02379160219045803
18035,0.24590165190174207
18037,0.6938308506518104
18039,0.029561428551227304
18044,0.1490585774537226
18045,0.2048721395112848
18055,0.20840218096497937
18056,0.1203949385982811
18061,0.5062364268898635
18062,0.04410795062049886
18063,0.18479465974611414
18067,0.02279939432335612
18069,0.05314164442079271
18072,0.12334481165721008
18079,0.46003682862639145
18085,0.05610042888726879
18086,0.08565436314096898
18089,0.13461372053732537
18091,0.1173368169421144
18092,0.015668697846546422
18094,0.04318935035090085
18096,0.5192346069273726
18098,0.09154320207541806
18107,0.731659963580765
18110,0.037013488437357155
18112,0.05828502391964052
18114,0.10627930550264512
18120,0.18777899240649606
18121,0.027314714078370935
18134,0.04267983317108147
18135,0.0977575741424657
18137,0.11793601864023116
18139,0.2781413387795437
18142,0.23110988159296392
18143,0.025396589638200375
18145,0.11431370850558893
18149,0.08851855305045216
18150,0.026408905507226715
18152,0.07491130009688748
18155,0.08489889407469214
18157,0.46575066762977985
18163,0.1108819326692469
18164,0.4679826171607541
18169,0.11899407776431037
18179,0.1281899299314427
18182,0.09161158521681262
18186,0.47649887146677766
18187,0.01144433710865126
18188,0.033397648211700874
18190,0.030150548974232822
18191,0.46987594551144846
18193,0.1146111992162956
18194,0.2834426621420181
18197,0.0655292856504901
18200,0.16126713444677215
18201,0.677894653508044
18203,0.18463277795952804
18205,0.032585573509565105
18206,0.16805226519746075
18207,0.04242156395632168
18210,0.173651029789647
18212,0.07597904307091681
18213,0.2250619460776597
18214,0.2770439842523659
18217,0.18987413375247958
18227,0.7261225857664423
18230,0.05015997018418781
18231,0.1065844087050979
18232,0.14303516896814197
18237,0.6270818321568539
18238,0.1601905373191039
18239,0.046058399927153076
18243,0.021242716291547142
18254,0.07107816382204281
18260,0.07335948247068699
18262,0.29753280549950023
18264,0.11064843508603715
18265,0.22590837044973577
18270,0.23867798018485284
18278,0.16193288200243597
18281,0.30230293734410235
18284,0.32169034840495114
18289,0.23846864802589463
18309,0.03884869243533901
18310,0.4364632675716897
18320,0.28495103089773016
18321,0.09174586987663406
18323,0.23567054887480043
18324,0.17273796673252528
18325,0.2258538406692043
18331,0.13560731975977802
18332,0.473710381891134
18340,0.029026747944663697
18342,0.27911230182117275
18345,0.19758638080896496
18347,0.1324092599846695
18350,0.4203174117467255
18353,0.34328772494266746
18359,0.14002078761633607
18364,0.25288878288239425
18367,0.15955205228580915
18368,0.13996787046670633
18376,0.02238464933650563
18379,0.04898032124778732
18380,0.521450244323147
18390,0.6454089839283718
18391,0.0337407287802796
18393,0.2649310191598837
18394,0.1814976895170333
18396,0.07356727535147246
18398,0.25821329096676787
18400,0.13302505310378682
18406,0.2288093107251049
18408,0.4887087917103612
18414,0.14044926327410637
18419,0.17485822556036135
18422,0.3081885158234247
18423,0.017383932837562118
18427,0.6882468697257204
18428,0.06345233663143124
18432,0.0654600497143588
18434,0.010541769254278882
18436,0.30245433833751245
18439,0.2654044109080163
18452,0.1951226389017677
18454,0.0971446428929121
18456,0.35513634867545113
18457,0.09618853398436313
18459,0.12280972865661806
18460,0.07391787659512086
18463,0.03268106427856368
18466,0.024004550007475096
18472,0.223437604561825
18477,0.11134112673500365
18484,0.268995743653993
18485,0.5177009404113015
18488,0.34004956982188383
18492,0.17992477390746436
18493,0.03661550269527924
18497,0.07472816039031467
18500,0.16927842218322434
18506,0.043600902950088165
18510,0.10620944192911211
18517,0.3648206003415947
18518,0.7990246084602209
18522,0.3526603592840308
18525,0.07241186807852577
18527,0.040125316078101214
18542,0.0636034372662703
18543,0.4706252584085552
18545,0.05864383314524911
18549,0.035034814234285054
18550,0.011827823994751956
18552,0.03886313631836217
18555,0.015846827313705368
18560,0.09162549076647451
18561,0.13736957711444134
18562,0.22408842057815198
18563,0.09955818788233552
18567,0.0528946899158637
18568,0.057809352271246464
18570,0.02859330359861744
18575,0.18906407293932012
18578,0.036584625317562076
18579,0.4481638615786148
18580,0.07841446533792745
18593,0.1751853792878306
18602,0.11635298276417444
18603,0.019608094699114908
18604,0.28966118300454546
18605,0.08858710641996988
18608,0.01799003411825955
18610,0.0437021036205296
18620,0.11041242354819816
18629,0.4696297660639502
18633,0.022373330721222523
18638,0.16750750032571804
18639,0.08428223761697116
18640,0.7851954103333634
18641,0.3281342332197691
18642,0.028624528956612917
18656,0.11499853895226483
18667,0.4566390597748257
18670,0.45834460962848866
18680,0.09305017186309403
18681,0.014303888362028417
18682,0.10587355605828676
18683,0.8689365646928844
18684,0.32494999021450705
18688,0.0479669758494361
18691,0.3439021569083831
18697,0.4483345856727359
18699,0.5885084605984293
18707,0.030608974278235786
18715,0.2497247096157352
18718,0.3520398926061713
18732,0.058249368734392216
18734,0.10003229260227106
18735,0.4226310420231471
18738,0.09045962724494092
18745,0.015206118115638914
18746,0.015713272078230665
18752,0.11127714242620725
18753,0.13566474220800942
18757,0.0905324716416114
18766,0.05599697275482558
18769,0.19323107735856734
18775,0.15880459294627636
18779,0.12082328472641138
18786,0.02346801407923436
18791,0.21280418291043415
18797,0.22205430814624055
18798,0.3705385627108028
18799,0.2700163545020433
18804,0.19671791931424273
18812,0.19241686008697476
18818,0.02977767289899873
18822,0.2816477836472348
18826,0.025499171204801833
18827,0.20633501232189086
18828,0.10050897498352465
18835,0.1426615358506164
18837,0.022160445310207423
18840,0.08957351217790939
18844,0.21836266911360225
18847,0.2746735908570754
18850,0.0991578237176033
18853,0.22576350317196514
18859,0.47028762049832024
18864,0.04287588600001964
18867,0.3067963721441154
18868,0.28763398804409407
18870,0.4158489130994344
18879,0.0710158485177467
18881,0.1067597021256923
18883,0.28142092827724174
18885,0.1703126666873736
18887,0.726581836354453
18888,0.30794095058943466
18889,0.08115648667019075
18893,0.4199192452426817
18894,0.4224602024108587
18897,0.6999767884492362
18905,0.07715910762802936
18907,0.07872847572252219
18910,0.08163923975908614
18918,0.12088420352488725
18920,0.09562623480723421
18926,0.08914764994340826
18928,0.01634405529469138
18929,0.7921365677126168
18936,0.1631317780370933
18949,0.173051634787844
18951,0.1139513887773425
18953,0.02506054839040616
18961,0.14957269428163325
18962,0.43469423390013556
18963,0.07320545213954374
18964,0.5682773790030596
18965,0.15529937518134446
18971,0.061115089791670046
18972,0.22275072525654072
18979,0.569650705854901
18980,0.22988547351331276
18984,0.08967944682312742
18987,0.04787549566289862
18993,0.5809457916464603
18996,0.07064899939866877
18998,0.11059327654311794
19005,0.3258776305342559
19010,0.06771672293220929
19013,0.07349006664589404
19016,0.03258789753633737
19017,0.0589284834993326
19018,0.133108794682116
19019,0.05583976059819074
19024,0.02361874985812066
19025,0.1677817421084771
19030,0.08008776151572664
19032,0.049243679350890406
19035,0.06622229440762313
19036,0.047652741843617744
19048,0.28977393476096464
19053,0.05157814849469857
19063,0.03565017266103493
19069,0.08086387954215173
19070,0.47606736023721136
19071,0.216637690478857
19075,0.45806022151019904
19081,0.033681469486454535
19082,0.010102535925700977
19083,0.07728601669769959
19084,0.04520105575693006
19087,0.024875960134481196
19095,0.2407442423845095
19098,0.552191919906362
19100,0.05150572307747354
19104,0.5006587442132684
19107,0.22538561757338696
19111,0.11551145806384382
19116,0.09131965117383398
19120,0.12750141070133458
19122,0.2194935121361265
19126,0.23120092178165552
19129,0.05168344855949719
19135,0.05959866911361011
19145,0.033832950631525936
19158,0.01583332604209754
19159,0.02289320620107951
19160,0.005014715272478111
19162,0.2031730954614363
19163,0.017498917045598143
19164,0.10416125383812307
19166,0.5266819556185114
19168,0.1307179046469966
19170,0.09734664142604471
19175,0.05757237982606171
19181,0.13581803760660113
19182,0.5607308564349824
19183,0.017563561035960025
19190,0.6681739814448963
19201,0.38901176494139855
19205,0.033330673022727145
19206,0.1641474024604848
19207,0.31728869771643337
19208,0.03411126276414661
19210,0.09090393961211855
19217,0.021841440248175248
19218,0.2351197030247035
19219,0.5666615833206657
19221,0.9382080605677146
19223,0.032866414603047275
19224,0.38948773664071606
19226,0.020360234010961504
19228,0.5529958088539834
19229,0.07494892106570218
19234,0.01889832136088769
19239,0.06724494431965064
19247,0.14900119544251758
19248,0.13224483739909815
19255,0.7539101536497806
19257,0.017613731567370085
19258,0.07808387147697857
19260,0.28255202575025246
19261,0.19388707210567294
19263,0.11939709233254342
19264,0.011788167286027256
19269,0.4914720119306429
19270,0.09582868095105401
19271,0.04754965929688477
19276,0.037267733324848784
19282,0.2526354618984476
19283,0.28432913751819866
19287,0.1106982167735368
19288,0.12332353076194767
19290,0.20754003509034918
19292,0.03251851347244606
19296,0.16987179622160703
19300,0.3592447142535328
19306,0.017093326786565808
19308,0.15933004246795582
19316,0.17066203035263647
19318,0.08469954149555643
19320,0.37581903676189976
19327,0.3247031680448612
19335,0.10772959672480203
19339,0.49729934166107836
19340,0.2661037261502935
19341,0.3565275931292425
19347,0.41409348928978656
19353,0.23504778667019205
19358,0.29833102732934436
19365,0.5341479972981235
19366,0.2009058495514123
19368,0.04445444372425813
19371,0.04200121591849781
19373,0.09704538309959253
19375,0.018460707585216573
19378,0.054473930053750896
19379,0.043733551151234125
19383,0.016769691493751716
19385,0.547877071163778
19386,0.2355464366730112
19387,0.047230756250390055
19391,0.0771525457133032
19392,0.06834908880068291
19393,0.2167525959990441
19394,0.40154624767399005
19398,0.07320795503643182
19404,0.5025607875831157
19405,0.5024434215396694
19409,0.1214543583429469
19410,0.07847473989261193
19415,0.32350613187194666
19417,0.07490073968880696
19418,0.06695005758333045
19421,0.01782729679578286
19425,0.08613813346051401
19426,0.035462578935387554
19429,0.17381960534057397
19431,0.02848043851501206
19432,0.0060309917909564924
19433,0.13624058683060128
19435,0.253818697915276
19442,0.20592709946017002
19443,0.44596563919069704
19444,0.15258083030655928
19445,0.11019508225248283
19446,0.4394329600231468
19449,0.7119731991332808
19450,0.02349615798805756
19451,0.11738093215553748
19453,0.19092590719934907
19455,0.1567071952862762
19462,0.1732604967270753
19468,0.26455508687119006
19469,0.02261891972757302
19472,0.05984438276456658
19473,0.052153625006959636
19482,0.06526346357981216
19484,0.199390065360399
19486,0.042303934073562456
19494,0.3221978184083794
19495,0.04102564266577705
19505,0.8017944868632333
19507,0.0258322180567917
19512,0.22230553623532998
19514,0.02912676906387288
19524,0.028236903574760906
19528,0.009071980375259513
19529,0.35062175109591426
19530,0.6366427778255171
19531,0.13761914131722122
19538,0.16106166443805697
19540,0.20623753388390165
19543,0.07952102196878025
19544,0.01629334695696287
19548,0.5071840537077729
19550,0.055299665910545255
19551,0.05105554033456055
19557,0.6719061796718082
19559,0.17404889527663983
19569,0.712189361717147
19570,0.14062515331523606
19571,0.059309253444536136
19575,0.09411503059437426
19580,0.12023060500084302
19587,0.06497540611549112
19589,0.42657159176222637
19591,0.450229236082658
19595,0.21372911033595393
19602,0.14483419960814015
19607,0.08620335315771722
19609,0.5942136279810839
19617,0.07328128574788974
19620,0.093844787002332
19621,0.0752863641672295
19623,0.17817601994059287
19626,0.25051067909727365
19628,0.20731565886391318
19629,0.9137798130842902
19630,0.22494350255508216
19631,0.07089199751320244
19642,0.08903840873649962
19644,0.011014153539635314
19648,0.12797608787550419
19652,0.20904333090143618
19656,0.6450569653687543
19662,0.10207857939155797
19665,0.019241576271508142
19669,0.10005497942653817
19679,0.281482946849174
19683,0.08305856581510829
19688,0.09521467581497868
19690,0.0634436548289858
19694,0.15128250217049816
19697,0.3070663635416392
19698,0.19876654154686355
19700,0.6357319617780458
19704,0.17473848384189264
19708,0.049814114041958846
19712,0.03325789637098092
19715,0.04140201420999053
19716,0.031537894409300334
19719,0.026550338618770854
19726,0.061866963714931916
19731,0.04661395348494783
19734,0.04393364781988886
19735,0.8642788108719495
19736,0.033391881963617476
19737,0.11126327153447053
19741,0.01632140564247441
19745,0.12980775103309175
19749,0.014917112067942486
19753,0.33865600036193083
19755,0.3196590139896273
19756,0.3361877627189243
19761,0.8180791277738604
19764,0.1456894067254886
19767,0.04759066955026288
19772,0.05068816330369493
19773,0.061136991514109736
19776,0.6653473722506715
19778,0.054240812209342314
19789,0.5413177667085773
19790,0.35902995325439935
19794,0.06274291014716649
19800,0.24277097690704155
19803,0.6486508481162259
19804,0.485040594189666
19811,0.04170350987621412
19812,0.9177555628515629
19819,0.08673490065480775
19823,0.012786507417810062
19828,0.5510936169267497
19832,0.1414869213577573
19833,0.13035250226665962
19839,0.03434395957755684
19841,0.11324598195920464
19843,0.05564389991246421
19844,0.052932862929189084
19845,0.09220629863110089
19847,0.12611513610979538
19850,0.3540170799559004
19851,0.06080582425994167
19858,0.1581614895095941
19859,0.04206330745363217
19862,0.2149663421694917
19867,0.053710993981040185
19868,0.19703952893577698
19872,0.4172829503225452
19876,0.22921136852603585
19880,0.02805374003954746
19881,0.18186673532950898
19882,0.11170219070741759
19883,0.05103603394096867
19885,0.4352202061804593
19887,0.011841861347928731
19903,0.20493703760231222
19905,0.08390381725763126
19915,0.10857488121387109
19919,0.09597668219809805
19920,0.07453125782524077
19922,0.08497655113570714
19923,0.08250531730781502
19933,0.2941066287455994
19935,0.1940802470984261
19936,0.22629507421979728
19941,0.8746307594548121
19945,0.08474556609890492
19950,0.5917079259836328
19957,0.14700407491264778
19959,0.053739784873693075
19960,0.1570518962956225
19963,0.08913976781493974
19967,0.11621813893617211
19973,0.49522473108401605
19976,0.13592692026913863
19978,0.031167262716755014
19982,0.22270396889065838
19984,0.020682738023286087
19987,0.006408617185027932
19990,0.039829230707136724
19996,0.041294694355233835
20003,0.4481565680138362
20004,0.04970638014948464
20005,0.26819634488259136
20009,0.8413488532888896
20019,0.43448352619253056
20026,0.015029083239078048
20027,0.42205398362102986
20028,0.07966999371144129
20030,0.16393489540176942
20036,0.06286582889243734
20038,0.02614854498132555
20041,0.1769409889249137
20046,0.07710727658479123
20050,0.1389433037514486
20053,0.1487744124807789
20056,0.09063819504455063
20059,0.025241098908257813
20061,0.05915424326209123
20066,0.22978746319186802
20068,0.10632644333397073
20069,0.029570020947997988
20070,0.3991126539804487
20073,0.036378404192685114
20074,0.287479642414204
20077,0.1063329430803619
20079,0.3663720837072763
20081,0.22228746854373044
20086,0.05837486857267414
20089,0.6032404369138261
20092,0.5556374173242693
20093,0.07004981623089608
20094,0.10555909051436513
20096,0.026177006974513813
20098,0.5410578452196959
20100,0.16194242103641227
20101,0.296871599149784
20102,0.01133570584021528
20104,0.12405429071936012
20106,0.6680140884572777
20111,0.03766375001465674
20115,0.056870708094859126
20120,0.04858224768737654
20126,0.06019464332931066
20127,0.6958577261193318
20130,0.02669556087504962
20131,0.24089335901463965
20132,0.10497995369913209
20133,0.4906914244742047
20134,0.2765150425101772
20135,0.5766695711271428
20137,0.36286852780441736
20139,0.150766159164508
20140,0.07419008624053933
20147,0.2727062594174482
20150,0.5231205075019805
20155,0.08327649941668547
20157,0.48086117051322963
20160,0.03950470919736335
20161,0.6192015080896512
20164,0.027340372077425276
20165,0.01782290097272536
20167,0.15551863334480875
20169,0.29427601042327706
20172,0.567362649605083
20177,0.2799199161901293
20178,0.06063999679421569
20179,0.4588903475498357
20188,0.07466084451975243
20191,0.39202329644044026
20192,0.7432927849875268
20197,0.20690632506470932
20203,0.12755165895805756
20206,0.03581080933310092
20213,0.21313653028129523
20218,0.02769217768667488
20222,0.025807302261034806
20224,0.08727785025545182
20225,0.014947397630945727
20226,0.04193304300616188
20227,0.05517764012899406
20231,0.2843379377176697
20237,0.0664599863907208
20238,0.6753325359948505
20241,0.05749277117141059
20243,0.5503104154185293
20245,0.16025557537778576
20247,0.04117509347060992
20249,0.2890354311693183
20251,0.01856773424979595
20252,0.8156345488422513
20256,0.1020133365428662
20258,0.13924086769566824
20266,0.025603565373561465
20269,0.12170215207435063
20270,0.023707385392358022
20271,0.15842371035019048
20272,0.04849316417675276
20279,0.4866399787444441
20283,0.021881984574475828
20284,0.0354015513316139
20288,0.8518488797779629
20290,0.058459249340315156
20291,0.7095979017511304
20293,0.17643967474756775
20295,0.1288492404265518
20299,0.07979037880806615
20300,0.3371271655755677
20302,0.11362834729959861
20304,0.07324252599997524
20311,0.1537687922058838
20322,0.2738283119990238
20325,0.28999226261353545
20326,0.04392303773751362
20328,0.19153932521419398
20330,0.7464532618140611
20331,0.21424013637765094
20339,0.07751000037083737
20343,0.04164854661065739
20357,0.4148450411421726
20359,0.3856290410280326
20360,0.10510562977731615
20361,0.73214502326256
20365,0.0821063300692921
20368,0.4283667754560623
20372,0.03176403827598675
20374,0.2751634854599309
20378,0.02945105707922177
20379,0.10826809775526305
20380,0.21076432105505516
20381,0.11388921187442526
20385,0.14830805492522153
20388,0.2059016574033661
20400,0.49808589755203253
20402,0.053758516422947794
20404,0.1528002430975776
20407,0.14907576780091386
20416,0.09110007443133075
20417,0.4587076831664363
20419,0.08168603129818619
20421,0.24919007035862198
20426,0.25935999135432897
20428,0.043701477065977254
20431,0.13840450587706704
20433,0.09735546319722899
20436,0.9427241562700028
20442,0.7405664745285808
20444,0.03592397452458
20445,0.2884758443292324
20446,0.132615678104871
20458,0.08786416127189839
20460,0.13437929141029673
20464,0.3588382847068139
20473,0.22587932339505737
20477,0.06624919475892777
20478,0.08267644299183347
20482,0.1841779542423882
20483,0.024813421165903644
20484,0.30766495271375294
20491,0.022055926510207522
20497,0.2532605866643689
20499,0.06518932030769556
20500,0.17889159390942327
20506,0.34927489707963055
20510,0.015188049715657
20519,0.04319316790536641
20523,0.2993935311201796
20525,0.09956099785511037
20529,0.12894264106133949
20530,0.6759977797192648
20535,0.6393771149378431
20538,0.0498926454904445
20539,0.053203283233137756
20542,0.5197168494016824
20543,0.09846009357484606
20546,0.03753973882110096
20552,0.05127401657449818
20553,0.02125719727621498
20557,0.09498785286392672
20562,0.05234304260420488
20564,0.5172381339764383
20573,0.10659064969634864
20577,0.6560982437272183
20583,0.03826763902245685
20586,0.6354210310067726
20587,0.012132927002938785
20588,0.22093341993716492
20589,0.07655823508931464
20591,0.015429931851537201
20594,0.14090408649105574
20598,0.029435652076967377
20600,0.292743814988521
20609,0.25480055479886654
20614,0.25293667622418287
20616,0.10686136627973872
20619,0.017244063480967433
20624,0.19483339382074702
20625,0.06287414857830687
20629,0.0952739245031269
20640,0.1603376036098093
20642,0.016680102868180422
20648,0.1957756870502492
20652,0.043533913278200304
20653,0.5179360204112291
20654,0.43922686329661004
20655,0.03342372353227741
20660,0.023452608168016646
20669,0.18985740261488704
20670,0.2116609144700807
20671,0.9220860630238624
20673,0.16524403649569958
20680,0.04593528813571776
20682,0.2925766559728614
20692,0.1343845308026003
20697,0.05784893489456079
20698,0.047170246515464066
20699,0.7347588184527419
20703,0.4055863654512689
20707,0.008558048800990422
20708,0.014299230701867994
20709,0.6826919835263139
20710,0.11786799351317427
20714,0.7453071340019419
20717,0.2806124867975015
20718,0.166858875413911
20719,0.6720512955530051
20722,0.0827954086890229
20733,0.019524965942599958
20735,0.04914305948238045
20736,0.1149729105862153
20738,0.08088891806858818
20740,0.0928714961061421
20741,0.02158099189218976
20748,0.19137257573930253
20751,0.12150386316948196
20752,0.3217246876183009
20753,0.1294949254043757
20755,0.10241321262231179
20759,0.14356189292555865
20761,0.6664305488982187
20775,0.24064002565974146
20780,0.10809246719514105
20781,0.017096474978824196
20792,0.20276171447996644
20794,0.1698057147117477
20796,0.497922090369927
20797,0.21109890106537182
20803,0.15778728255288085
20805,0.087353506506581
20807,0.10879086729335176
20809,0.012402763041344017
20810,0.014550785292154565
20813,0.04426788330706884
20814,0.03527435406379759
20816,0.3470780992705525
20817,0.06327349297355979
20819,0.505990705899403
20820,0.1178713601292765
20825,0.5765557900214352
20826,0.14700821250813934
20827,0.17831489908863307
20828,0.14618888644547787
20839,0.03935826610189153
20840,0.06893508470163848
20842,0.14164061541172207
20843,0.02236078082114578
20845,0.020074831321315056
20847,0.0522463723933353
20848,0.04242648458804109
20850,0.05417323910585474
20858,0.1063461935976309
20861,0.2441981125784113
20862,0.06582543624369902
20866,0.16008121792526933
20867,0.06064774511969316
20873,0.06468147949078176
20877,0.3309562981599447
20878,0.5323422945512262
20880,0.03730349753929359
20887,0.04549004082647884
20897,0.11083860704584217
20898,0.08048840297389642
20900,0.4223572918778425
20901,0.23213247262005798
20902,0.43788120871780717
20903,0.3082261773061338
20904,0.676082428478799
20907,0.0028973143282649506
20908,0.10508949881033994
20909,0.016430030569040924
20913,0.02155847552059854
20916,0.6913827147528273
20917,0.21430067809947287
20918,0.148831758481663
20919,0.08107559927027415
20928,0.05402224800984692
20940,0.5019665210425777
20942,0.17653259821176367
20947,0.12111241639148547
20948,0.06841162780250613
20952,0.04739077076386701
20955,0.7700407381202654
20957,0.04101508762500324
20958,0.08264146004678687
20961,0.034130028464895414
20965,0.14811375914969388
20966,0.10136235946489883
20969,0.02759042670062591
20972,0.14809370542014946
20975,0.5233852648677052
20985,0.537238099642014
20990,0.15729836388306803
20993,0.2668654732988113
20995,0.6338374052473859
20996,0.027050353387019367
21010,0.6178218765682058
21012,0.1607707886325357
21013,0.053251313187429504
21014,0.2013765244807769
21016,0.14495410293590508
21022,0.11352525631242072
21023,0.4905479035625126
21024,0.5389817162374647
21025,0.06301992027734873
21026,0.3295813388182429
21029,0.19985716025480302
21032,0.1501594593229806
21034,0.3815071102960644
21035,0.03811919204671508
21040,0.13437101061572235
21043,0.04527037555960152
21053,0.1957473457784881
21057,0.4935014057496624
21059,0.10628013527569509
21060,0.3723430740299133
21061,0.020301117293358727
21062,0.02532754287513812
21063,0.6393600389689923
21065,0.2722898657458995
21068,0.25331272981554054
21070,0.26114194628433796
21071,0.11164690641716067
21074,0.7597478252725631
21079,0.09572146883999325
21081,0.16899711231168058
21083,0.8223653697759744
21086,0.33643372805159905
21088,0.11221632998396967
21092,0.40222769721175117
21095,0.18481289247434424
21099,0.2052270886311151
21103,0.8249554026337494
21106,0.12943306536805843
21107,0.10591462841980971
21112,0.07054109694346694
21122,0.03092370441693848
21124,0.043486471129732966
21130,0.015134586916452024
21134,0.3503043696757641
21136,0.0329781052450315
21137,0.570879050486418
21141,0.21607019375884554
21145,0.3358358203091347
21146,0.2665839619756784
21147,0.011686409604988209
21156,0.03069379874485008
21157,0.1455928961942091
21159,0.36076540695803
21160,0.3301673512291613
21166,0.27815995110552716
21167,0.08080982587445501
21170,0.4712156659299077
21174,0.652562434760202
21176,0.13534971727651948
21178,0.0591079272432824
21179,0.38461193101787194
21183,0.8057184211379186
21185,0.18845295685130192
21190,0.4888016027490417
21192,0.07250480246277119
21194,0.03456252991314748
21200,0.5637430728105052
21209,0.19304149218235916
21210,0.12948196210568533
21214,0.09501931357549802
21218,0.3806644521802218
21220,0.015187857037557609
21225,0.13127839880051573
21230,0.8210284506706059
21236,0.068893754255465
21238,0.027929045908923956
21252,0.014121606895277928
21254,0.5148794848191474
21260,0.008788911472459644
21263,0.08861813109682067
21272,0.08315184612158316
21282,0.1617688122856006
21287,0.09697827501211848
21288,0.201786031814468
21296,0.14826925665958593
21300,0.020923383873839217
21307,0.1613657977703595
21309,0.4809380176490346
21311,0.07653786642169054
21315,0.06247119306469256
21318,0.5110072636100953
21322,0.07524849384397342
21327,0.7370654367163816
21334,0.05161300840435026
21337,0.42815426183639266
21341,0.058157364135026236
21342,0.050477999889003644
21352,0.017054181950328994
21355,0.1899787205627766
21358,0.04016000932381345
21360,0.19878621991770232
21362,0.02421589429687972
21367,0.026843890795300758
21368,0.01502482513584262
21372,0.3819115359281405
21380,0.05822294687677771
21385,0.379807669642729
21387,0.11731774750875945
21393,0.13157314510666182
21398,0.08050145897582416
21400,0.03475644368029785
21403,0.9302690446819141
21404,0.16044263737238962
21406,0.06761714169906291
21409,0.20154764700770883
21411,0.13918216902074415
21415,0.2946163679136614
21418,0.10181565543445413
21421,0.26554102986425254
21422,0.5065414247839989
21423,0.06388304654010758
21427,0.1298610722367311
21431,0.014999668593558032
21433,0.02575362552742292
21438,0.05134590072579295
21439,0.05602164124510763
21443,0.22872883794112783
21445,0.04459325478862079
21457,0.4709254168777836
21460,0.19884127632734444
21461,0.0588625908677408
21462,0.12300334416766602
21463,0.14824434646166754
21465,0.036326738963206665
21468,0.35026651076318516
21471,0.17005143876054163
21472,0.15775767413547495
21474,0.16676727090545596
21478,0.04262736035326842
21486,0.051456792448641424
21487,0.0902613174118886
21492,0.45796489135238666
21495,0.17091867466209348
21497,0.18398404650160793
21499,0.12756342370440202
21504,0.506716688698252
21507,0.12861965791139307
21509,0.07923531175977945
21512,0.04873703986804506
21513,0.6482742549653506
21514,0.04538097086215048
21521,0.015037627196263286
21522,0.016078497970946726
21524,0.0344124182673723
21525,0.05033512134196279
21529,0.07397210575158253
21531,0.19626792914456156
21533,0.09625980873925602
21537,0.5294380625281032
21539,0.03262996835209604
21543,0.05491275353545129
21544,0.5443613917317742
21548,0.39749827662688697
21551,0.07704600226976406
21554,0.06477119499381383
21556,0.0488956273774614
21558,0.525512739891643
21559,0.02279670846660928
21560,0.3007287949782858
21567,0.08176570780583632
21570,0.05068713216043072
21571,0.12163103379909851
21572,0.21376158124149958
21574,0.13616964571503198
21575,0.10936944328354599
21576,0.12987744581914584
21581,0.11724005443409988
21587,0.15425345691668163
21591,0.3520681485053262
21593,0.6178807676371179
21594,0.1973298914626379
21595,0.03672404038210991
21596,0.03975953165636487
21599,0.015415057584342967
21603,0.5533567364195356
21604,0.09055481807829295
21610,0.35109202364638653
21612,0.042784945839881426
21613,0.03464821928804959
21614,0.1646016470769838
21617,0.3242669560766526
21619,0.1480344827271926
21623,0.11376130218723592
21624,0.8223541176718324
21629,0.021806137773568084
21632,0.3170191773617558
21636,0.14975554629991975
21637,0.26769268543638153
21645,0.028857512964179835
21646,0.016689412002064995
21648,0.14823507534528377
21652,0.5146766296994693
21653,0.14468819881385522
21656,0.5834077776240348
21659,0.2112256254449973
21660,0.1252399140799502
21663,0.46948509143952255
21667,0.035304870961716785
21671,0.12183528542810643
21676,0.01617562212231745
21678,0.053383696113405286
21679,0.933755929942671
21680,0.07871363004616455
21683,0.8371899580812625
21685,0.3735325381206815
21687,0.27102024859747575
21688,0.045065041710974356
21691,0.05992346751539012
21693,0.47813755371676725
21700,0.09487724288534916
21701,0.07667204914983933
21702,0.024762974861523148
21705,0.0716150828798262
21706,0.3374506806794247
21707,0.34111350558332354
21712,0.10736930820474185
21715,0.15846972225168415
21716,0.08404549901458344
21717,0.13287410953358034
21720,0.09144706255648664
21721,0.03686768691999683
21722,0.2465360840356004
21728,0.0786353606333782
21729,0.17752113490307922
21732,0.036390560213475795
21737,0.47836188445115835
21738,0.04437442946331014
21739,0.02413123023425749
21741,0.06510339090677801
21746,0.6175621037509246
21750,0.17738528714436885
21752,0.4395706103947209
21757,0.2421534166111333
21758,0.028676592265036844
21761,0.14997316238041913
21762,0.20545502595230175
21763,0.0844468936710726
21764,0.09441127568379724
21767,0.07648874390977324
21770,0.039879796355504385
21772,0.054100565202548793
21773,0.06579863401228002
21774,0.19490459536889218
21775,0.29306883330632777
21777,0.28076308968100855
21783,0.24822609260221346
21784,0.47134776627283553
21787,0.2533002519598971
21788,0.5541132568767693
21793,0.6095319392678725
21794,0.044351070981825336
21808,0.5161516366672053
21813,0.694609368785666
21818,0.028179799409156922
21825,0.09285237012960412
21830,0.11298974144957283
21831,0.12650139925254958
21833,0.7657400333780301
21837,0.02532997349292152
21841,0.5597028934206825
21842,0.016464645557084153
21843,0.1989744016922405
21844,0.01652951350223371
21845,0.18863683222891103
21847,0.0528755999237278
21852,0.13557243983069361
21857,0.08336488239228221
21858,0.09433633153613775
21859,0.09634684463568377
21862,0.026526322412644566
21863,0.09611359560016673
21874,0.048916503854470834
21878,0.21799942009203946
21880,0.05741077595664195
21881,0.14458447711042482
21890,0.038158378387463485
21893,0.3312485220043989
21897,0.40509367111730343
21899,0.866573082178572
21900,0.0224942629218172
21902,0.05474356852095632
21903,0.14216542117950823
21907,0.03300856739093052
21912,0.0781690579317829
21921,0.054166395662182946
21923,0.08675979502321299
21924,0.02672603477966725
21927,0.16582400230010372
21929,0.5200718956004707
21930,0.3777730183422893
21933,0.45680281224860614
21935,0.09586704362468916
21936,0.09179357288189692
21938,0.247962321262378
21940,0.05107475186728736
21941,0.0449602926669321
21942,0.2420488319787935
21947,0.06254706259703839
21948,0.20434706105037853
21952,0.0633579649590966
21953,0.7385057415579807
21956,0.04599013604116
21958,0.17616013165522937
21964,0.057648577800648894
21965,0.10237731390342558
21966,0.9128805148268088
21967,0.0756234520667929
21971,0.08805811115845069
21976,0.108017371989931
21977,0.017878144960344945
21981,0.24714175011339462
21982,0.12188456702431405
21983,0.8583376091703937
21985,0.07246125655177467
21987,0.12132152627217394
21989,0.04415786519917764
21995,0.38115806976328903
21997,0.15829976261846812
22003,0.11299079628121989
22004,0.11049747928705206
22008,0.3281438688219259
22013,0.11870828961252808
22026,0.025831241137012354
22028,0.03383069400846043
22029,0.301701061902288
22036,0.13393906577995154
22040,0.03506034540680595
22041,0.40781469218853017
22047,0.1231910454439168
22048,0.04664276425741109
22054,0.5638323244780049
22055,0.4339667348091158
22060,0.23667248542856587
22061,0.6400449539116607
22076,0.3460787913994196
22077,0.04442616781588666
22078,0.2576184491518884
22080,0.05844006319113406
22081,0.05130728632551079
22084,0.1590054519091605
22086,0.7254705095845501
22087,0.1490002021667206
22088,0.07431679395088167
22092,0.19414036135199
22093,0.36129326692551267
22095,0.19830155136400787
22097,0.637046251596458
22102,0.5074208908867178
22107,0.2050521807898848
22113,0.049935343176535446
22115,0.2649528318405158
22118,0.2899596536690058
22121,0.11964249624323085
22123,0.17057542177813909
22124,0.0503549210833238
22127,0.3815237215484081
22131,0.08562334180044799
22132,0.2735311634531753
22133,0.1839863507838035
22139,0.05627555161051013
22142,0.08421490126996406
22147,0.03197199770899609
22149,0.03177417368811485
22150,0.33255077619232964
22154,0.14867148661411717
22155,0.12328889043233114
22158,0.09916169771358405
22160,0.5344814137994941
22161,0.05251788628440613
22171,0.37153965711946396
22174,0.14894473002640937
22175,0.08683016636278872
22176,0.07026962883079912
22178,0.3432553989655552
22180,0.5098679165261147
22181,0.8022509418508273
22185,0.03262608115299225
22188,0.7312494524635926
22192,0.200474104515516
22193,0.5895152313045934
22196,0.03673219078792241
22201,0.5729058861568146
22204,0.11531999122076106
22211,0.4109339863732083
22213,0.5123857723897658
22216,0.05043944792654778
22218,0.11195622111719243
22221,0.042956172969573804
22222,0.05601591378767744
22225,0.09585390573091422
22227,0.022047420488343728
22229,0.029836779098293104
22231,0.033476576396241665
22232,0.5489196439628645
22233,0.18554142001618523
22234,0.026421160596155003
22246,0.04691595698925531
22247,0.1639792843845219
22251,0.05639639151672198
22252,0.5994052039702724
22254,0.11329928829554446
22255,0.5379642003514864
22260,0.7163462268386693
22267,0.07278579153518912
22268,0.5478638738118379
22269,0.4484892880021377
22272,0.43426098873644137
22277,0.25625082199590826
22278,0.15421813531069656
22280,0.04751147581187498
22284,0.2394726671745172
22289,0.10761075791699393
22290,0.15711026110741794
22291,0.025536674919690756
22292,0.047948794136427116
22293,0.23072380103067314
22297,0.3807188511496872
22300,0.21680272691192984
22302,0.5951471591834278
22305,0.025782860085407838
22306,0.013877150963705887
22310,0.8533098167713824
22312,0.20365919190506476
22313,0.03156801352667446
22314,0.05392986341594187
22321,0.026940811492482453
22322,0.35074391500193164
22324,0.20107627800085956
22325,0.17368100524440575
22331,0.7214637057076217
22332,0.04107236075491504
22334,0.022549910960267462
22335,0.5620451408883266
22340,0.7422052074704532
22346,0.06103906233772273
22350,0.10637197465886708
22354,0.06566809152828486
22357,0.09387792635660418
22359,0.5551293719737067
22361,0.21335922759335163
22365,0.043844872673934866
22366,0.018194987477204234
22368,0.026336134054241542
22375,0.3933444263373103
22381,0.06253641052629721
22386,0.13160630822707303
22387,0.18731150398363489
22392,0.04621424249568625
22393,0.14218648492765304
22399,0.1781183064477919
22405,0.17649390671507362
22406,0.06867178918038977
22411,0.16909326721997342
22415,0.20866886867348014
22417,0.518204236782712
22420,0.19379414903189693
22422,0.05288881827274132
22425,0.4119585319378699
22430,0.08715988148333655
22433,0.02325679709271547
22438,0.40450913116463005
22439,0.20145373003138725
22440,0.5745766733820826
22450,0.12910387073668067
22455,0.035426163046162154
22457,0.18897499717018224
22458,0.4541899089572346
22463,0.16038134060300308
22465,0.2056886757346899
22468,0.821175962487292
22470,0.014568033334290737
22472,0.015056759118832537
22477,0.1209292572636894
22480,0.14051259242856534
22483,0.07351370367559323
22492,0.04558554576353433
22493,0.05729280928507034
22494,0.13912111858905807
22495,0.02483404241590138
22496,0.026064147547643364
22502,0.21770847524098624
22510,0.5004854933861728
22514,0.41525943667662785
22518,0.037378625220927865
22521,0.18628475370832087
22522,0.13609106829311188
22524,0.11247531817663
22526,0.036889380564775795
22530,0.04547254551063309
22531,0.3872323580137153
22536,0.24773173955008473
22537,0.19514419527176688
22538,0.4528229922317648
22539,0.06275254912394142
22542,0.06178035945169127
22551,0.1317569359169291
22554,0.08750954768009114
22558,0.3197692032854013
22560,0.45704556808034213
22565,0.5612932787357792
22567,0.15316957221938543
22571,0.1629642535971522
22574,0.1741699949322732
22579,0.012810775242380853
22585,0.090727871037381
22588,0.10013907247743055
22589,0.028706845999514872
22590,0.4332754798486155
22594,0.19001973356364002
22597,0.21546298314801327
22599,0.0939002899703192
22601,0.03411819783075754
22602,0.574947067813985
22606,0.0216399217685436
22607,0.10361398261632068
22609,0.38915052114621373
22611,0.35933970295139595
22634,0.8336542440418837
22637,0.14658874442024408
22639,0.1722355419213291
22643,0.5143033185795193
22644,0.08938209066369542
22645,0.059155311601971655
22646,0.38808046706375454
22651,0.44198304237329256
22656,0.01270543959832718
22665,0.2009058495514123
22667,0.393577721075581
22668,0.35194418738224664
22675,0.5454331124908149
22678,0.22510832234259479
22683,0.08998457455588224
22684,0.14873349175218775
22685,0.2791689062615795
22687,0.23715677689969816
22693,0.13023689208729858
22694,0.07116018619827512
22705,0.02863434081641984
22707,0.08570236981271803
22711,0.6763113687665556
22717,0.0791670626734609
22718,0.6489576228748933
22719,0.37354666443230977
22724,0.07971859962288604
22728,0.12414983239505797
22730,0.1318421886246279
22732,0.41350388849673775
22734,0.09427704726762165
22736,0.5917984934218049
22738,0.04041857684105672
22754,0.139207235374656
22767,0.15718370923165223
22770,0.07012980608934831
22777,0.6731084993126795
22779,0.06886577374938191
22785,0.49315767700497154
22791,0.5800836183250553
22792,0.09350199751612705
22803,0.18838031920172485
22806,0.1706238896854076
22809,0.08913007958500532
22811,0.18144264486208012
22814,0.07868657672719666
22815,0.20869719741688264
22820,0.6818684047743433
22821,0.012799275828854581
22822,0.30171766280916573
22826,0.0236535363679977
22829,0.1000086657295772
22832,0.053355600828737894
22833,0.14238516392959052
22838,0.17644570123185555
22840,0.007466322617107143
22844,0.2791905785432177
22847,0.5566122822623959
22848,0.052207338923178664
22849,0.16790693170865328
22850,0.3557492607012334
22853,0.21190639755566382
22855,0.10244597874624936
22857,0.04288706242179799
22860,0.029636678171769137
22861,0.2129906801432086
22862,0.09446676791531834
22866,0.20901185758460802
22869,0.09814374975273683
22874,0.20260148069083284
22875,0.4293073333416213
22878,0.6460373315172216
22879,0.8047113910464481
22880,0.08757337048852985
22883,0.5035416287118456
22884,0.13912903039117763
22887,0.36699789466232985
22891,0.18840669725459586
22900,0.243144287463297
22901,0.08661716599667063
22906,0.44597428105765513
22913,0.2242966447762604
22915,0.1565366662912148
22916,0.28747276353780626
22918,0.06771973480867993
22921,0.046789583117212076
22924,0.06873517126267051
22937,0.18913089142916018
22939,0.4880098450227766
22941,0.08708553549965271
22944,0.5968640100081036
22945,0.5470529679121318
22952,0.32403151915885803
22954,0.033898074345999674
22956,0.13785074690165
22959,0.2435143277410581
22962,0.38896054750086156
22964,0.04418048678109808
22966,0.059644169781215665
22970,0.03619778670792141
22981,0.48938048622181746
22982,0.17058965287793926
22983,0.8893859142222584
22984,0.098136807767658
22987,0.11351118427997486
22989,0.008588984627256201
22990,0.19885270273457606
22993,0.12410062883141276
22994,0.20768127255002322
22999,0.10653098269749564
23001,0.13581956117894375
23003,0.04047051504310635
23007,0.15688209279218057
23008,0.17728095805798932
23011,0.1182888821433797
23018,0.4418885443855593
23019,0.7388852461302929
23029,0.18956021996681324
23031,0.14411774959717585
23034,0.02702092425181408
23037,0.03235671452930519
23043,0.012570243912922408
23045,0.057846756836911345
23050,0.12681602780906703
23051,0.0464624387685465
23054,0.04501672579326312
23055,0.3088428567590441
23056,0.03047351028512968
23059,0.021556089157461402
23069,0.04505480422384753
23070,0.30112866253402665
23073,0.1830166125086275
23075,0.08263771321706025
23076,0.3610483523127282
23088,0.042122342719231196
23092,0.024682430816483136
23095,0.3431982166728691
23097,0.03439271070302355
23100,0.18807755044939886
23101,0.2962002107798049
23102,0.5396144008682885
23104,0.02898563016497254
23106,0.24501132981593413
23107,0.09517329894511892
23108,0.024058035047860485
23113,0.09007731636850835
23116,0.14399766331957975
23117,0.07425712477971179
23121,0.026766302406650785
23125,0.28390691260335105
23127,0.06793185107710582
23130,0.19104564517675
23135,0.0516018340456092
23142,0.769620238640525
23144,0.19399086916484834
23147,0.14202818353571087
23148,0.08940145146909652
23149,0.07472783589354925
23150,0.14498021942595768
23151,0.264975852958251
23154,0.13128875782087937
23156,0.5624514812244137
23161,0.6710576521794507
23163,0.0630662485805901
23165,0.056028584695670784
23166,0.08513447422340455
23168,0.03991042585619662
23171,0.06462087778904871
23172,0.8299215784038473
23174,0.6243205831534255
23177,0.31182270705177617
23180,0.07332928242673925
23181,0.20797229226980077
23183,0.027208400416114404
23184,0.49079219918215683
23185,0.027972870854978214
23186,0.016149841758914586
23189,0.46748497275082884
23198,0.1799337300806365
23199,0.16746424117847794
23210,0.5612750462975575
23211,0.02397912951290369
23217,0.0541274733360488
23218,0.06377796596997985
23221,0.06599725387249222
23226,0.47488686898222887
23245,0.0450885210028912
23252,0.0619224932985194
23255,0.14587639636745497
23256,0.1845055499218573
23267,0.07696598913567883
23268,0.16974166507461694
23274,0.7664196025896852
23277,0.6560591013535719
23278,0.03641557035232356
23288,0.2608364923858569
23296,0.40675774932507075
23304,0.3537891274688657
23310,0.0514598055062934
23316,0.2590403149970567
23319,0.07442933166075631
23322,0.08731275636285006
23327,0.542007594484655
23328,0.02933188141812438
23329,0.07768367525755655
23334,0.02373489848542436
23335,0.029765911218460787
23337,0.15378695343301096
23339,0.040301231128429565
23345,0.17419278809141825
23351,0.04463993599367012
23354,0.7327731662333623
23357,0.11087808736621484
23364,0.09499531311918152
23370,0.05663184000854654
23372,0.12127755486138245
23376,0.04305006051191406
23379,0.3358591332197549
23384,0.39471593973289626
23386,0.18862123182720225
23402,0.0202751783553713
23408,0.018535870107254656
23414,0.014222155542982118
23422,0.10675011599279483
23425,0.60991803736598
23429,0.24843990699657437
23433,0.02026281008359269
23441,0.5343270113105844
23449,0.02862220407461132
23451,0.5331666102417036
23452,0.29517911478274383
23453,0.2081546595748119
23455,0.021542492581126674
23457,0.17990112222521576
23460,0.052055853297637185
23462,0.02955855728245539
23464,0.17295088409997458
23466,0.16404515936420896
23471,0.4537050782428819
23472,0.3609611441436108
23478,0.2682766459576685
23479,0.14577382856932716
23481,0.08781338032292972
23482,0.6124459774304893
23486,0.02564406682157379
23487,0.2610242958907619
23493,0.025663281893554626
23500,0.057884984682584566
23501,0.052096290939976454
23502,0.023307300775498044
23510,0.04999174834375434
23516,0.41007248654599787
23517,0.2937237356843627
23518,0.37967172328264764
23520,0.5767433135806593
23521,0.627898631782088
23523,0.31461056864193027
23526,0.10030784778273702
23527,0.2875145238841696
23529,0.19935811849005405
23530,0.164697674247028
23534,0.026947484393031167
23537,0.09466718247116458
23540,0.0928935666200728
23547,0.599217395896549
23550,0.5004171979685864
23557,0.042912890057800177
23558,0.16298602243141744
23559,0.10364085287226005
23564,0.3686667686148168
23572,0.03456141920145357
23576,0.21768435504525233
23578,0.03389083487967925
23581,0.027625908785191205
23582,0.10392322705203434
23584,0.12168947748737026
23585,0.027261304960782967
23597,0.01375885137631289
23601,0.18677410453432153
23603,0.027545593296332216
23605,0.15560942004495995
23610,0.03178588522320828
23613,0.20975644187405929
23619,0.05878424493131138
23622,0.10222673457297465
23625,0.07462163842561441
23629,0.12965097240888002
23631,0.17798657599900222
23632,0.1957496128915985
23637,0.8043434340219564
23639,0.48682255098576344
23640,0.038710570453867825
23644,0.8501564095030082
23645,0.7122323725106776
23646,0.25796845227798143
23647,0.2005372135043423
23649,0.03809060294423914
23657,0.016062413911954128
23662,0.03929861440341651
23665,0.03835970424810699
23666,0.02629585291341152
23670,0.21271622521042324
23673,0.011881639126791164
23674,0.013807136616734961
23687,0.21045585140178583
23689,0.06233277049099581
23695,0.25198482685354207
23699,0.18181883748966815
23701,0.219399539488409
23707,0.16289597493601343
23708,0.3269677806078986
23709,0.2238444794055902
23712,0.5919583656410042
23714,0.4238147434592252
23717,0.4714023227399876
23718,0.5223846276132671
23720,0.1754584886558213
23727,0.030730423151518284
23728,0.2811840373324068
23730,0.07060453496013547
23731,0.022993969341025898
23733,0.08984941465809917
23737,0.08863402184766946
23741,0.638378168615638
23745,0.5379586362322091
23746,0.11283706309259016
23749,0.09796299314525332
23753,0.3660800641620428
23757,0.08289151132033294
23765,0.11450485925706143
23769,0.4373612819190595
23772,0.18350893576434665
23778,0.053802177238110004
23779,0.08949238188533448
23785,0.1409537066780784
23786,0.015989254777713548
23788,0.636892800022597
23793,0.029978078058136067
23794,0.023514335232879064
23796,0.13151551615836715
23800,0.14834690913553
23802,0.43435114193497
23804,0.09941068283917809
23806,0.14318110482958868
23814,0.017577619877462557
23815,0.014674878099855992
23817,0.015510857974952786
23821,0.2434781288151291
23833,0.24250346742556497
23838,0.06346104512400268
23840,0.044569042280666
23841,0.061327428430282535
23843,0.16122349438845385
23845,0.17526226023007246
23847,0.0710396228003109
23864,0.07001889429546264
23867,0.7013546995899845
23871,0.05506970707272598
23877,0.09441813399018396
23878,0.41761910791208356
23881,0.1807867328105738
23886,0.018291535887176115
23889,0.05611850676366271
23890,0.38848791429624724
23891,0.029005429083024368
23892,0.01674251961611972
23896,0.10782951920967458
23899,0.8350386332083041
23901,0.2308859136847289
23902,0.39488165087566496
23903,0.38611733273556625
23908,0.40010995091626894
23912,0.011430321953299731
23915,0.31470409519752124
23918,0.24969655939383953
23920,0.16913502028497687
23923,0.037285626440919484
23927,0.2963006393911015
23930,0.08090086235299461
23934,0.8747393804561704
23939,0.10428931524166596
23943,0.06116470104549022
23949,0.05877194570892764
23953,0.1366101787658636
23954,0.9241680867210398
23956,0.4623179901814722
23958,0.10591846248389458
23961,0.15903231257545508
23965,0.5337009444619787
23968,0.27521937021371057
23969,0.5945922456588015
23970,0.2648777599820772
23971,0.5687071943182092
23976,0.6876005039807591
23982,0.04744427673792786
23984,0.18427174507908578
23986,0.14707115715284644
23988,0.20398248448583212
23995,0.29584017593161577
23996,0.024811906440169222
24000,0.19228419961809695
24001,0.025873217816076686
24002,0.775574929901888
24005,0.05132681353670716
24006,0.12279237845327105
24009,0.020660977458519504
24012,0.16448203702192415
24013,0.39637259758918764
24016,0.31510457009824633
24023,0.39779729161301547
24024,0.43709202768679484
24029,0.19240878758833913
24031,0.11347796694460001
24037,0.09684199356133108
24040,0.45115392436479346
24042,0.34065340516993997
24050,0.05017818852867999
24053,0.03003442563747777
24054,0.044495987028301244
24058,0.09733704230734173
24066,0.5580000860517497
24071,0.04760888254651857
24075,0.10073573673813538
24079,0.2909416604855054
24081,0.3055303796354071
24084,0.20298503524295386
24085,0.09100142667346708
24087,0.17642628477582742
24092,0.04832693975930246
24096,0.4784294088802707
24097,0.06020210433267237
24103,0.562261556575939
24104,0.17592842411156487
24109,0.4179832830954988
24111,0.10439727619871768
24119,0.320073328349259
24121,0.10415376032331583
24125,0.47427608265780014
24136,0.19296336000258796
24137,0.33560119786917464
24138,0.6494696087434043
24142,0.1902601327824539
24144,0.35262463261566945
24145,0.09108187855254107
24146,0.013481479802336424
24148,0.03112618869269609
24149,0.08571796978756291
24156,0.05373903231994287
24164,0.2833220779694324
24168,0.451424954267583
24169,0.027717630005406356
24171,0.05253057223608204
24172,0.11293448413227977
24176,0.007735215767347112
24177,0.028128820011384864
24182,0.030335911784681376
24183,0.14714912673130723
24184,0.6882292793368389
24187,0.08865949346790059
24200,0.11703461493136769
24202,0.30863749601648677
24206,0.0896386676042524
24209,0.3541080580212111
24210,0.3894370385671544
24219,0.14089748530768711
24220,0.13356837483488093
24221,0.1043895234413369
24223,0.27171940068747313
24226,0.6826771718478184
24227,0.5147927621059423
24228,0.02869469724225033
24230,0.011381903327985676
24235,0.014362754181723286
24236,0.18128831565530468
24237,0.1703571267473078
24239,0.024741849613288923
24241,0.35612992999626314
24245,0.08049232779163158
24249,0.7657343314104187
24250,0.2695533077117629
24253,0.23239914086684602
24254,0.052541472998050544
24259,0.08676919355093415
24262,0.07204849919683506
24267,0.07971935013068868
24271,0.16790978238366847
24272,0.07962789436974159
24274,0.2619031823929171
24276,0.05174433921774013
24279,0.05111921917551846
24284,0.061571352671635944
24287,0.08281516500557032
24289,0.05895571233851867
24292,0.06389872691447632
24293,0.24974110670038074
24295,0.06602730964092243
24299,0.2926839470813452
24303,0.01861173071127539
24304,0.14414773846525386
24307,0.051983852575094566
24309,0.7419518187194656
24310,0.18216773568335404
24311,0.07729080878696956
24313,0.29938689117239764
24319,0.056354370484101655
24320,0.20318222944053185
24331,0.34405482568660983
24333,0.23815654915890394
24334,0.12520849580085314
24336,0.18062222817070533
24337,0.056609051474052215
24339,0.0967894947970199
24340,0.11112186408694931
24341,0.6918406640868783
24342,0.10597578008330252
24343,0.018461309603946072
24344,0.05016820483400803
24346,0.08782059661096887
24350,0.12163916364604978
24355,0.04021204585327972
24359,0.24033506910620958
24363,0.0355357691628177
24367,0.974501687111282
24370,0.19494743221589472
24371,0.22468268517815335
24377,0.049662308532623566
24379,0.1741451577883978
24382,0.05131877398266347
24385,0.25107987802248877
24391,0.24376933277211196
24397,0.12536947047698696
24399,0.6189903336404508
24400,0.0359712586916047
24401,0.4341193805002126
24402,0.2693413815213906
24403,0.4198866166502644
24405,0.20636308325673247
24413,0.31075516233781925
24414,0.03081887713496256
24415,0.05527149001024265
24425,0.2245312359478735
24433,0.02866070118457417
24434,0.8671954447480393
24437,0.1860694021954279
24442,0.024172004186691486
24444,0.3088559178180704
24446,0.16634698032115647
24452,0.0666045142611148
24453,0.028967747983491342
24455,0.6537688440111935
24456,0.25278923429724265
24458,0.2112276224041671
24460,0.02285385521283801
24463,0.04129066632705852
24464,0.22993030024638705
24470,0.5175224562602021
24474,0.12565789341801684
24475,0.30751362644025837
24479,0.21182752348952835
24480,0.08906131899873664
24483,0.052694691398891935
24484,0.6276373124795501
24486,0.6565911185460528
24488,0.11674144420873
24489,0.23455023745864884
24490,0.7008145462778103
24505,0.07783500617396515
24509,0.1109198150857191
24510,0.2731788538110758
24515,0.08192720925002735
24518,0.563847100850369
24520,0.18521158746655333
24526,0.8837770049204439
24528,0.12773990591782283
24531,0.1148943837329141
24536,0.7160721022047165
24538,0.04392321204932278
24540,0.2000664627641304
24542,0.8494193537112485
24545,0.0231768959122735
24554,0.7515712491720581
24555,0.7531635164330746
24561,0.18611313616084832
24563,0.07230668340177836
24565,0.05883698957039156
24566,0.03132068786854794
24567,0.15889574089695188
24569,0.04481626650062438
24570,0.28089912780295145
24578,0.18735350408616055
24581,0.06763666182699704
24584,0.05380299281812522
24585,0.39732543626318967
24591,0.03718787558146959
24596,0.021476077717882635
24598,0.01047502457062043
24599,0.3166739745340163
24601,0.046077953397186004
24604,0.17347865926194123
24610,0.03288080672580347
24611,0.07942824886626258
24613,0.15656439392841118
24616,0.0459000147542762
24619,0.04374977667575065
24621,0.028439489394692645
24622,0.18423803590544185
24628,0.26714202941280135
24633,0.05622027998025753
24634,0.0876431692090713
24635,0.534647998793591
24636,0.12015578430466806
24639,0.15607312783382504
24647,0.05389820553130484
24652,0.027595552063253315
24653,0.27216863194987706
24661,0.026624593547167417
24663,0.14430752258815277
24664,0.1943264512906198
24668,0.10012408701758373
24669,0.6175073082812543
24671,0.08117643344189121
24673,0.28210695752584325
24679,0.0616480498525228
24681,0.22437054460362907
24684,0.172206504735448
24686,0.6343622352386221
24687,0.05575395940680186
24688,0.12288809354301926
24690,0.43612809033253314
24697,0.1479673499945679
24698,0.22100184521616228
24707,0.28273499231255966
24708,0.227525600401566
24709,0.07705057326726834
24710,0.9062911351019566
24713,0.5466938421492454
24715,0.9567608488974763
24716,0.1348979033165773
24725,0.18103169249370313
24726,0.2847324436587135
24728,0.017353062258647037
24729,0.11083964585200021
24730,0.08663486959467681
24732,0.045892974358632224
24735,0.2912893681635492
24739,0.628249831951644
24740,0.09829037142947843
24744,0.5492734812671108
24747,0.09499531311918152
24748,0.4236937386940143
24750,0.04599392112166079
24754,0.18129910588334366
24756,0.6282962925982073
24759,0.06395454113500054
24762,0.42941239080685056
24763,0.032033510991293625
24767,0.022602207566883054
24769,0.4383826358818065
24770,0.12267622578424331
24772,0.032048575293635514
24773,0.02357207045181795
24778,0.13155525447707525
24786,0.09377530082151186
24787,0.3472151269095134
24790,0.049581134455418056
24795,0.022598065968954542
24797,0.04465080021966102
24798,0.05213247632228071
24805,0.01263424233471051
24806,0.1035566715328023
24807,0.5106276130408957
24810,0.16036342461575484
24811,0.045229557522934255
24812,0.024570627239896066
24816,0.08409656709918997
24819,0.23561571010206897
24820,0.42893624570707256
24821,0.03639622416387278
24823,0.049508430437144854
24824,0.1729744996908293
24826,0.2840976147361504
24829,0.35981384231145525
24830,0.3724134713996875
24831,0.24116983698653752
24833,0.42876344942847994
24846,0.08821011224842874
24848,0.014839353022064496
24849,0.1292024115684521
24852,0.12151833209799653
24858,0.04348729956598529
24859,0.7476815964682922
24870,0.08505107175750438
24872,0.5634351247624788
24874,0.015108691248195165
24880,0.16855676744085757
24883,0.48994138100933887
24884,0.08624490710438525
24890,0.20576999652539127
24891,0.03007324883182277
24900,0.3356438080573227
24904,0.6411727720868473
24908,0.1284629830178579
24911,0.06917775411066036
24914,0.045514310844945914
24915,0.33774172714222533
24918,0.7111063196836374
24926,0.08536481760203936
24932,0.44088107577982455
24935,0.03166168460802979
24938,0.04220026764955276
24941,0.14460032559062438
24945,0.15261522506135802
24966,0.21657024581497306
24967,0.03513659536786894
24971,0.3106737846285392
24976,0.0633981430761748
24983,0.019067843193362338
24984,0.20980558272345654
24988,0.07726580139094089
24992,0.10720649484809629
25000,0.08985797670994365
25005,0.011931544873063995
25011,0.20854345959024104
25013,0.16985782752722356
25014,0.012881692068519603
25018,0.01226832999367584
25020,0.4092465908244253
25023,0.21454963642179883
25026,0.2990503377993277
25027,0.10663841484648857
25028,0.07734614443950563
25030,0.2797209895581217
25032,0.02417472069446117
25034,0.21744999218070887
25037,0.08291637140350117
25046,0.2911411333207491
25050,0.022002454487939596
25051,0.3394601551041668
25064,0.9222230663868634
25067,0.6439075392946623
25070,0.060307608257444044
25075,0.18665998992173372
25093,0.7684097942668512
25094,0.12108821994149993
25101,0.08794083695784458
25104,0.4033931149272098
25106,0.2705412304232321
25112,0.06268801452766168
25122,0.18584612673564108
25127,0.0316715918225244
25138,0.5514256313731907
25140,0.222337434538039
25142,0.09647212779884283
25143,0.035166215753000524
25145,0.027122306758802422
25146,0.0801777438077741
25149,0.11114881934921153
25150,0.14078801366384974
25154,0.23367256702510725
25155,0.11705853027828729
25171,0.14835421681026092
25172,0.19836429954688345
25177,0.09455236770695905
25178,0.22034295924476974
25181,0.14061237961140882
25183,0.02888838537984145
25186,0.054348260656724545
25188,0.034136760359952896
25194,0.8030008700582567
25204,0.15773763569987234
25210,0.07037421854447895
25211,0.45991677975718415
25214,0.3612232460135534
25218,0.47493924001098214
25220,0.6735151904150651
25221,0.20088097346361203
25224,0.19101966882010898
25226,0.3050002481224561
25227,0.1235897237596316
25231,0.34459647934515997
25234,0.057134893384814235
25243,0.14726155967255278
25246,0.7786850474739908
25248,0.36687237655390703
25250,0.0698783917432516
25255,0.19668447936149125
25256,0.07454035126154938
25262,0.2057285792035413
25264,0.05628272218277048
25272,0.0560003435506127
25276,0.02669951120940452
25278,0.15279843405487414
25279,0.11497664829940571
25283,0.04250627776322169
25290,0.15299614556532776
25293,0.17505267233275854
25297,0.13095588667148136
25300,0.07189571272662933
25306,0.1611540867757062
25307,0.3233740703426851
25310,0.5087319072008979
25314,0.03546159280040573
25319,0.40539020526036684
25320,0.035887905926382115
25323,0.207131853736514
25325,0.015260070727481008
25328,0.2608051323087145
25331,0.4820458266089825
25337,0.03945909362843353
25340,0.0339750172975362
25342,0.4352498233231354
25350,0.2270833106281522
25355,0.16919519647444195
25356,0.4334340539268456
25358,0.09471751251202905
25363,0.24154970606137174
25364,0.10048589016249301
25365,0.03528733416578386
25367,0.15407756538153353
25370,0.23490477707815996
25376,0.9648464345078805
25378,0.31053992761414667
25379,0.12877144372361995
25382,0.5522591674784224
25383,0.045072942285881046
25384,0.07948343800967193
25386,0.1167414026489791
25389,0.0775999550347103
25392,0.546117265183988
25395,0.022933404282137138
25401,0.3704510593506702
25405,0.2802054328478401
25410,0.035915764046982566
25411,0.04863998432282785
25412,0.08420254603239244
25416,0.07381302612369758
25420,0.06286601213395536
25423,0.019369957066170077
25424,0.17687085593893218
25426,0.2487674446973979
25429,0.8588169227287433
25435,0.6612057932479758
25437,0.17944876543323235
25438,0.8098418636212924
25439,0.0987351641448851
25441,0.3332286299929306
25444,0.05518933845114155
25445,0.042361566559831296
25453,0.37234156641533894
25457,0.03579257694183581
25461,0.11105682586813882
25463,0.0902224489151574
25466,0.26358499243580985
25467,0.22265510205972816
25470,0.6766815090061057
25471,0.1166623066569952
25472,0.5517144952769399
25475,0.04890758200078218
25477,0.8397834399551876
25486,0.029514954218669544
25487,0.034234850053931974
25488,0.3905294911244579
25489,0.16989016117955258
25491,0.1408352446298541
25498,0.14317005271666147
25504,0.044825248126139035
25505,0.07298988662247531
25507,0.05315612481401233
25512,0.5181931562470049
25516,0.014961609906821906
25518,0.04018641460600137
25520,0.111172053280955
25521,0.08102985888208925
25522,0.06273643616627213
25524,0.024546025116076273
25525,0.0704249352185407
25529,0.0262740054039548
25532,0.012326807602759646
25537,0.021381368808417858
25544,0.05828683224655832
25546,0.8767332616392042
25547,0.6016677675901324
25548,0.040470216920384466
25549,0.028105646896003263
25557,0.4807069586389819
25558,0.31508183803618467
25559,0.01865101335027964
25563,0.3944669735941659
25567,0.25131354318045296
25568,0.7903373067587065
25573,0.29145967211737167
25575,0.2379910316052426
25580,0.10077420650184152
25581,0.5472431476118829
25583,0.18980116171084058
25584,0.37605008944510576
25588,0.33717060914395414
25589,0.0478192198240076
25593,0.1491136729494575
25595,0.46143503116063644
25598,0.34739747922036274
25600,0.2718016796265667
25608,0.03875795674785069
25612,0.01564438703139381
25615,0.049869510734322886
25616,0.2756509807333646
25617,0.03679526909579977
25622,0.07507383213284606
25626,0.13540122950797756
25628,0.030905457298834683
25638,0.03173312616487797
25645,0.18173275722736099
25648,0.02066634894148475
25651,0.560316758253477
25665,0.0803907839303736
25666,0.40745706851101954
25669,0.053954731664879914
25674,0.0834370005425634
25676,0.3081093370653469
25689,0.05112107504857556
25699,0.12264669112265592
25700,0.3572478969123049
25701,0.3075701864809398
25702,0.02531962439117178
25705,0.13044348132478994
25707,0.013395685286575974
25708,0.4276206998149843
25711,0.02516605759782048
25713,0.03576716410205736
25721,0.08824641361000121
25722,0.052095888163052904
25729,0.07743710705892333
25731,0.060669459336911855
25735,0.026296774218456137
25736,0.05148957811746813
25737,0.11962074591362454
25742,0.011928420833035231
25743,0.12955448712182946
25749,0.1059204826065227
25754,0.0613012950100025
25758,0.02510495594389174
25760,0.09949238356001858
25765,0.08288690627781466
25769,0.0892662837462639
25772,0.6087357473615164
25773,0.06134706478202925
25783,0.17302314792179505
25788,0.2682228341754779
25791,0.030942601172789286
25797,0.4794137221678032
25799,0.09638205745808631
25802,0.04679830382584856
25808,0.22356138253308785
25810,0.3313881782730753
25812,0.14620503510246538
25813,0.0681971879329661
25816,0.5531216894115124
25818,0.3662673708964755
25820,0.1121585576939348
25822,0.04301316141550796
25832,0.02804435566264829
25833,0.02280365826873489
25835,0.10479984891239888
25836,0.11259074976684022
25838,0.6815719002224702
25839,0.37770901415103975
25840,0.13041719317164563
25841,0.3204007354413455
25845,0.0869017663865824
25847,0.0746436455719551
25851,0.06715866679342777
25853,0.034973471487042634
25856,0.06093473997110302
25864,0.017436934130004408
25865,0.05059839483552595
25866,0.010492754045403936
25867,0.04487840806859706
25874,0.06903491358608055
25876,0.05806099167558512
25880,0.2562315148499296
25885,0.022836026507003955
25887,0.21126904230555507
25888,0.03759933104446183
25889,0.324802712038962
25891,0.06081056925455888
25895,0.21586378492073502
25896,0.4900175280974117
25897,0.27827412005959334
25899,0.06988601725935166
25904,0.3486419115005684
25906,0.0528713406250098
25911,0.16621320140044724
25920,0.14409885898674749
25921,0.08024705032200805
25922,0.11420392443127897
25932,0.05333677096510542
25950,0.305056452104901
25953,0.893141665830899
25957,0.786774139351578
25961,0.11995942408011014
25963,0.06585494130845938
25964,0.41679427286784015
25966,0.056486795022143765
25970,0.043479979998884144
25972,0.046740907529389884
25975,0.03871811247962714
25976,0.23974227093911732
25979,0.06635493185295215
25990,0.30437432550590554
25996,0.3374376256839117
26002,0.05356100948267863
26006,0.22182687220774108
26008,0.04894373293391199
26009,0.09432549226530625
26010,0.14787281923117174
26012,0.23904574727384187
26019,0.008598270391061027
26023,0.6240938172933502
26028,0.04071691875930533
26029,0.46854591166518406
26030,0.5437126627174964
26032,0.06916597344264068
26033,0.4738019218236468
26034,0.13606778620156884
26035,0.3072396754320274
26038,0.09433597031252355
26039,0.2549159761340203
26041,0.09199560345788686
26045,0.28421068664896
26046,0.05402865582056911
26047,0.09391138563578603
26049,0.17112977733320575
26051,0.28388728431812404
26054,0.12079265055097063
26055,0.7169015569034947
26056,0.1635951428192772
26062,0.2123088926506736
26063,0.18566200926296245
26064,0.23457379918616195
26066,0.24433328496225443
26067,0.3626482793680937
26074,0.05729242622676348
26076,0.0744162981171485
26077,0.28229625787939244
26078,0.17804894369324814
26079,0.4305936717842879
26080,0.28240261474214556
26083,0.05997442543320261
26087,0.07405066265927548
26101,0.007179610189396607
26109,0.06600513661956241
26110,0.035547586849154
26115,0.26675295248503056
26118,0.09093554492808963
26119,0.052707664822039556
26122,0.04310497746746976
26128,0.035357262179964925
26132,0.02543156768759628
26133,0.046686078056425516
26139,0.09191220937922347
26142,0.025395349330407945
26143,0.15993811490756354
26145,0.043134791795382876
26146,0.2115532435116056
26149,0.03072959991648044
26151,0.25619795541045653
26152,0.15470611417238167
26157,0.8809692838469375
26158,0.17345032081956466
26160,0.08846001545475246
26166,0.12989153446632892
26167,0.3155183129689417
26172,0.5547425415702161
26174,0.432092878612308
26175,0.1252059056938671
26178,0.15967225386934536
26180,0.04139876090531262
26182,0.4874031166904981
26186,0.20503671191612724
26188,0.27771922306259245
26189,0.17845360589881318
26192,0.8500294165464952
26193,0.13080777447565775
26196,0.12117142512127203
26202,0.14433318720118965
26205,0.5315672369589138
26211,0.2137827081828178
26219,0.13222911078862437
26220,0.18979746324337363
26227,0.36378576710598437
26229,0.45894402886130875
26234,0.31344875599923094
26238,0.2626621329405102
26241,0.20052472990262066
26242,0.23039499526187968
26250,0.24367126483630844
26252,0.04870668026726276
26254,0.08859391266879321
26256,0.8922488050451085
26258,0.3187511833195819
26260,0.08444117292151573
26267,0.24551283722242923
26272,0.14807237883977992
26277,0.43351103507745103
26287,0.16546515983870363
26288,0.1684606609894543
26291,0.16963305238821
26294,0.38428543403914545
26296,0.6403825205249833
26300,0.05626689305576739
26304,0.25694689899166895
26305,0.09773622592399575
26307,0.014437113033145722
26308,0.1368776642202001
26311,0.14610863692706308
26313,0.016989213037915816
26315,0.2091731299826377
26317,0.06581438252372
26319,0.024110172341857358
26321,0.058364731915219674
26324,0.857945654912275
26325,0.018722161215425907
26333,0.09581484186001757
26340,0.4728762046128183
26342,0.4445684944310902
26344,0.009498997921092395
26354,0.060616280032585006
26355,0.02043009249100823
26359,0.7281181149476104
26361,0.09769618891145969
26363,0.045109494553004226
26365,0.8974784103677903
26371,0.34245284590186126
26374,0.04015386559130139
26380,0.08052650359067687
26384,0.6673097758020913
26389,0.1028837756932194
26392,0.03129402338352218
26393,0.020952924166311077
26395,0.014022268629059259
26405,0.31915755808773044
26410,0.05128268298373843
26413,0.12512575557978198
26417,0.31683656954131045
26426,0.5654174606703338
26430,0.014902998125460133
26431,0.0609059799670349
26432,0.12581704513310607
26434,0.02878951533009636
26435,0.3864540606564994
26437,0.1370522911895681
26438,0.03245837512674127
26444,0.19758819153709753
26447,0.07075509727569183
26450,0.16148187232124656
26455,0.41876331082856244
26456,0.2568003429269934
26461,0.03125460274312968
26464,0.04294770168723777
26465,0.31676587014689217
26467,0.1107314212813013
26469,0.05335038009318606
26471,0.1875331139057168
26473,0.12415972900071322
26474,0.5703450594979369
26478,0.013692028600774443
26479,0.04879468722658393
26482,0.023662821338492634
26486,0.08556161411142434
26490,0.04690549016080659
26491,0.10737527577850628
26494,0.19588806931260894
26495,0.037028297775246924
26498,0.12318748584792073
26499,0.04640102447707459
26500,0.07365221623007488
26502,0.057038096295191666
26503,0.06787655469672553
26504,0.013652388722947622
26505,0.17383654470550694
26512,0.11872183281893468
26515,0.35689497764603617
26520,0.025608922891977505
26525,0.45872993961011665
26529,0.0867708397738959
26531,0.11339938996009065
26535,0.5907597448320654
26536,0.05713383304848761
26537,0.031427432847584945
26548,0.13004738929155046
26556,0.09672570036615491
26557,0.11692989637343809
26566,0.06902111097514947
26573,0.3295326933429516
26575,0.5098915964352885
26579,0.052570942225826534
26580,0.1944207974178608
26585,0.1446335736919206
26592,0.08172197468970056
26594,0.16095010293273226
26595,0.02386581875799647
26598,0.038139592302910454
26602,0.12563201315388617
26604,0.0795148926763282
26606,0.04261456997737022
26607,0.21264013188906195
26609,0.3046151425314834
26610,0.0427325098216015
26622,0.16231631152623208
26625,0.03958344996936808
26626,0.6732859589191185
26627,0.5512288311407687
26631,0.025430331870068948
26632,0.10497187607957033
26638,0.2064173670193525
26639,0.027895547326422892
26647,0.17655000579021135
26649,0.7055791170409387
26656,0.23494004062439833
26661,0.42460162750433794
26666,0.42978951459468995
26674,0.24319680688615739
26676,0.053376262300547504
26678,0.6294837010196098
26679,0.23029138398264873
26681,0.16646922824788674
26694,0.08554877445485332
26700,0.05954893829754149
26703,0.5154780837993196
26707,0.08883860442688353
26709,0.09885426918076604
26711,0.17669816120893195
26712,0.01881897586968691
26718,0.24264126524768548
26720,0.17949756221105206
26724,0.08364951062259462
26729,0.024600167940377757
26730,0.2581988555549434
26732,0.8449756419270623
26734,0.05652280691071329
26735,0.7540585469243368
26742,0.07154444682067743
26746,0.009736023280469536
26753,0.24037858215775604
26761,0.19004609656955795
26762,0.021860105097468413
26766,0.1454273537675568
26768,0.03329973202221901
26771,0.25944642920442346
26773,0.18587825051366588
26779,0.0544643045135227
26781,0.2343217981425007
26784,0.2519833511646537
26785,0.053111818356288636
26791,0.08869765403782816
26792,0.12316776706903618
26794,0.5559985774937499
26795,0.03520477211228636
26796,0.24769408378089192
26800,0.3709109749871038
26802,0.04230532353316386
26804,0.0360604082258236
26807,0.11866411907662912
26811,0.18074365112494342
26812,0.30567215468716225
26816,0.12457709767303804
26817,0.08942414478899627
26819,0.25405594747926036
26822,0.06397388133122722
26824,0.28342699846910463
26825,0.044841004377612494
26829,0.50979177110753
26834,0.09246491472389898
26839,0.19355793194821724
26845,0.04583232525233585
26847,0.15546210336332095
26857,0.07173555525442182
26867,0.11817336072929471
26872,0.12983486151266888
26875,0.012492948141595125
26876,0.08668856964253839
26877,0.21857740142894727
26883,0.2851033374354646
26890,0.09356231544222461
26894,0.49403542450075655
26899,0.07233009213838908
26903,0.8864617879695167
26904,0.7688003459556924
26905,0.5184033857125994
26907,0.3693126934441494
26913,0.3183329342390842
26915,0.05191907759343905
26916,0.0658941098402416
26923,0.1116398874031764
26925,0.5581773443992836
26928,0.03940112821651029
26931,0.48589718380824687
26936,0.019290530138578853
26937,0.22043898580546864
26940,0.14865727884145133
26947,0.1279348203658349
26948,0.04070686792867985
26949,0.2574091660131193
26954,0.027465829922509358
26962,0.39790759268564424
26963,0.09042445517957975
26966,0.04710866206021772
26968,0.17328799725842423
26970,0.36028569425625695
26971,0.7345646790112418
26978,0.14143316558707006
26979,0.03291376772544846
26983,0.6115947761782311
26986,0.03253183030702758
26994,0.46798491762480465
26997,0.735484232348374
26999,0.724691516605589
27001,0.27242544214947645
27002,0.038843234243240814
27003,0.03850827503274548
27004,0.9225985634391292
27005,0.07369229485880138
27009,0.20154472724054573
27011,0.2036817189478649
27012,0.23726368341711448
27015,0.22193095220912284
27017,0.1979602309906302
27028,0.09568809200415843
27029,0.14755276115488278
27034,0.4914930277925129
27036,0.10262178813513104
27037,0.21753355561986862
27042,0.02093764202071285
27045,0.22509960000575344
27046,0.1568692133795456
27048,0.11250058777587989
27049,0.25143442220427425
27051,0.4837111649281904
27053,0.20227369362307165
27055,0.4516644050441239
27057,0.3812341357389453
27060,0.09904466990135216
27063,0.16254865726420847
27064,0.11535622588375957
27065,0.3760415710505701
27067,0.13054966490050918
27075,0.036585321555329196
27080,0.20949470061937958
27087,0.07707592409305898
27096,0.4860795016628203
27097,0.8404666054233082
27100,0.8120297957590188
27101,0.26437449779058886
27109,0.02587319271597165
27112,0.06507324766799115
27119,0.12771283927956337
27121,0.39619682412970497
27122,0.43872734235610344
27123,0.1781530464213752
27124,0.05065559699853776
27127,0.4645963044307157
27128,0.10481341951688841
27136,0.5603242028696876
27146,0.18424950381781074
27147,0.03397238956901479
27148,0.06653336173175396
27149,0.6012186150085971
27154,0.12958976549667686
27167,0.4717583431113391
27172,0.09414941172730927
27179,0.2322983596136682
27181,0.16811113058037905
27186,0.13633975367164164
27188,0.07804609197309853
27189,0.16426004333601624
27196,0.021482409606018566
27200,0.020491379502598203
27202,0.0914294779706176
27203,0.17017575591709355
27206,0.06001882516092951
27207,0.15855546941476723
27208,0.26793430771631505
27210,0.5777631718781009
27212,0.1304106503727743
27214,0.14673050962270315
27220,0.5867250348484327
27225,0.042699110990997685
27228,0.409012567344819
27231,0.09617985582132375
27235,0.12002587312990974
27242,0.4617277411531885
27244,0.49990831803422847
27249,0.5448206546912143
27254,0.1970630792615233
27259,0.7796953146180595
27262,0.04746875872744118
27266,0.11020536247989679
27270,0.08391278974782072
27273,0.052471090019256386
27280,0.05874011177554733
27281,0.027017909425353495
27283,0.14331802185237005
27284,0.3713418095483988
27285,0.08971030843996318
27291,0.13858449975405462
27294,0.0787515693686154
27297,0.0692998059397773
27304,0.09559477757767304
27306,0.032772853752766416
27311,0.08035602150189514
27313,0.16575509307266503
27316,0.2761171980948886
27319,0.0150625643124393
27321,0.04885387490896818
27322,0.3974004460308794
27324,0.06471693928186013
27325,0.10913445368612869
27332,0.1874049779886506
27337,0.756238247653
27340,0.4275450977385611
27344,0.9404643029552792
27345,0.16516122634053945
27349,0.10891347975859117
27350,0.11134631354264712
27352,0.2416934019443212
27356,0.1534344761855256
27359,0.1583225028715098
27361,0.36858164466453225
27362,0.15844117253290124
27364,0.038563673586844704
27366,0.35822991874452076
27367,0.3326686656163671
27368,0.07576966588565319
27371,0.07349070929638221
27373,0.01615725135173905
27375,0.022347431026090245
27380,0.10018054993798933
27387,0.09440019447636887
27393,0.035006878984975114
27396,0.09943065882463131
27400,0.038690613205128045
27401,0.6526418658910234
27405,0.04059659673043733
27406,0.022411317737595898
27408,0.16300731738179786
27410,0.3091679213811375
27412,0.6240063293703496
27420,0.10631849106422009
27422,0.10133988107503394
27425,0.01643351754114235
27427,0.07281763230316537
27429,0.4248273441864603
27431,0.10343365869953607
27433,0.05752819930014619
27434,0.03738839389007025
27437,0.054552445880281644
27438,0.04256091070714522
27439,0.014313397898207963
27441,0.08307897552054583
27442,0.14377023658469598
27449,0.08942161208487495
27450,0.22267998304157477
27453,0.03138005901441236
27460,0.09237349034111522
27468,0.2522632314490833
27473,0.0192566169108355
27475,0.43656767468389607
27477,0.6724126279908459
27480,0.7628177109542879
27481,0.8631204966144447
27483,0.5031351504136193
27488,0.05534062570982118
27489,0.3225208795748106
27493,0.07318598406556125
27505,0.1309323243930767
27508,0.02325064378088646
27511,0.0639973061701553
27523,0.24525109844890441
27531,0.02445463019424023
27533,0.20545619281691804
27534,0.059399975047584805
27535,0.0625180823613043
27538,0.24635728005928872
27539,0.348771372711059
27542,0.6420108701186469
27545,0.03993122294642855
27546,0.10433707749718674
27547,0.17653831050944663
27551,0.24195146405047158
27552,0.14404896348628338
27554,0.2592038864376773
27556,0.1122997469305932
27559,0.0993517938744167
27563,0.03202132899310104
27569,0.22743608215709568
27571,0.5782973551573035
27574,0.30856683966035253
27577,0.04139232155267809
27583,0.17871907046854058
27588,0.16539222217085556
27589,0.08820971164680669
27598,0.18765952527598878
27599,0.05484017291760248
27601,0.1553617652276428
27604,0.18441010019486886
27607,0.4163807201422465
27619,0.7132236125080305
27625,0.06419557331644452
27626,0.1609859209449527
27631,0.5667210952498661
27645,0.09474621745205122
27646,0.09363429349167472
27648,0.48902330503032476
27649,0.017498123137950683
27650,0.043213065222668844
27653,0.04995187541141819
27655,0.3760289748234362
27657,0.2431061697521857
27659,0.19437254677406055
27665,0.21903631776031818
27668,0.3997568047643976
27671,0.7354067674124559
27674,0.026901988192996093
27676,0.48398886390546103
27689,0.1594180210809226
27691,0.21120916941568438
27695,0.0595289036083834
27697,0.29853105381551487
27698,0.23467020503856836
27707,0.08843849163812428
27709,0.18301503313242662
27710,0.1344532511160348
27713,0.025632089308492874
27714,0.034635786733671625
27715,0.12479944977273215
27720,0.11797161901337631
27729,0.2352814765741328
27735,0.03561852430920039
27738,0.38097998803002886
27743,0.03830726975829639
27744,0.044116568475455295
27747,0.32881275983108044
27748,0.04979202261057234
27749,0.034914839709088055
27754,0.15271608610153506
27757,0.024931083276940946
27760,0.06855628851223569
27762,0.11911661104160075
27766,0.16168244966251505
27769,0.3088228363445665
27771,0.1931470782289793
27773,0.09144196530324271
27778,0.15998486453714736
27781,0.21827983892516029
27784,0.09422070700646629
27787,0.4097649572164311
27788,0.009616329849320713
27803,0.41009539840979203
27805,0.04238010188444112
27808,0.322942331716873
27809,0.21897828304288572
27816,0.01668167497710319
27818,0.8078741495771644
27820,0.07388670444783214
27822,0.10837587886430446
27825,0.1607997286508111
27829,0.11971958991415264
27830,0.16571083922486052
27838,0.04598587040463613
27840,0.11787575413837126
27848,0.0896733748977951
27852,0.04301110479636961
27855,0.03376880550054071
27856,0.02381200800226884
27867,0.4610923875932616
27869,0.06516761022041752
27871,0.11046575965057359
27875,0.0206483824579165
27879,0.06286416981602094
27881,0.3145113140976421
27883,0.04116090008947651
27884,0.03897103898745555
27885,0.04652426534357696
27894,0.04247594370033887
27901,0.407138089335545
27904,0.17095687791218253
27907,0.08825189194347935
27908,0.2333881603104324
27912,0.06977137939574325
27913,0.3126502957131125
27914,0.10639253096773639
27919,0.044522699631726045
27930,0.22993277154017253
27936,0.033924236729897764
27942,0.6333233056567994
27945,0.18534681196269318
27956,0.16184674366344387
27958,0.02582331875738187
27959,0.07096472405151047
27960,0.09281532035489677
27967,0.14049568231818177
27975,0.5154869340334294
27989,0.01841511149238282
27993,0.020865271763126705
28001,0.03523946569330194
28005,0.0350901003221529
28010,0.8136740664977656
28013,0.722457337358331
28014,0.026109057305540407
28016,0.013363076835310433
28020,0.013556470991640283
28025,0.04879126684790289
28030,0.20521014814384178
28032,0.08639157169601598
28038,0.07441869376814923
28040,0.7548812673445561
28042,0.13969553431747259
28044,0.019353450199569616
28048,0.28872908917516754
28052,0.1491700608082983
28053,0.15070595769662784
28054,0.27856874342444576
28055,0.027285470721157508
28056,0.12840498985671944
28058,0.2943759201440339
28060,0.03634171442033744
28067,0.06561038714936199
28075,0.6076220211764852
28076,0.3320576572339049
28077,0.0775001782916123
28080,0.282234113021076
28088,0.07132607180411464
28090,0.04653715818164933
28092,0.04018121764644866
28097,0.3287187748170132
28098,0.07230563752148185
28104,0.2900391155308822
28107,0.006406853228950273
28113,0.26864537252956877
28126,0.34497216023992233
28130,0.04919988311346838
28138,0.06655782248986208
28139,0.18061185695514775
28140,0.05833822588363448
28141,0.1841149059086403
28142,0.012269801810473055
28145,0.11508708976263049
28146,0.0535635516779927
28147,0.3327711058101465
28165,0.03370629202466039
28169,0.2823275929308746
28172,0.1254930083477559
28174,0.019092838502278716
28178,0.44129415800498184
28180,0.4801730739595448
28186,0.6974828623890129
28189,0.09436666167215224
28190,0.4972124598847748
28193,0.447304397402161
28196,0.007901480537868443
28198,0.17143699971266044
28199,0.08931966747129688
28202,0.02554350961381485
28208,0.7362682510295634
28215,0.056381999535834844
28220,0.0456459097549942
28225,0.060865218660548545
28226,0.4972722222102531
28227,0.11656191252047882
28236,0.3267319125018249
28240,0.21813104989522106
28242,0.01907718278126487
28244,0.07993755906392641
28245,0.06464756359160734
28247,0.39247625510966594
28257,0.01636083779113123
28259,0.2969904412995591
28262,0.2248106142916502
28266,0.028129595412821475
28267,0.03194198063158356
28269,0.10554322648866968
28270,0.11982885276042164
28271,0.06876000513397017
28273,0.3896734461291726
28277,0.015458805136362311
28279,0.06194266633865862
28280,0.034894968294153506
28284,0.09707404568394298
28287,0.04952535893023278
28289,0.6728285429380039
28297,0.02784604802659528
28300,0.05582945836143121
28302,0.13327105563045386
28303,0.7831452892772538
28304,0.180638892126202
28305,0.009071595640259911
28306,0.5514166439750117
28307,0.5224833448714156
28310,0.025091946048732616
28313,0.016958977529462932
28317,0.4816550310553704
28318,0.27716814699207065
28319,0.36672618429689563
28320,0.213694752081245
28323,0.14740758114987768
28325,0.10600686144625404
28336,0.07383967906272218
28339,0.07411816076901934
28341,0.14011324518158574
28342,0.013847756954517862
28343,0.027833924803386884
28344,0.414755615377783
28345,0.07520677697458476
28346,0.27640350816961257
28347,0.3788285529695835
28348,0.041790366468576624
28349,0.1553167993020094
28350,0.019983253768900137
28351,0.1127441373925791
28352,0.12364444980354294
28355,0.717632682555388
28361,0.05015516023424302
28362,0.12750496581896864
28363,0.11318904011970571
28366,0.11588079579602616
28369,0.0995737988347599
28370,0.580026426805743
28371,0.027842757732581457
28372,0.1499079264810514
28378,0.09212222427389408
28379,0.25206136639570736
28382,0.33245044880261426
28385,0.03681773134206622
28391,0.0574901213944632
28393,0.6373650224974589
28399,0.08682158663247841
28400,0.05501718690997246
28403,0.09967033524126175
28407,0.18103563557632552
28408,0.06269329246107355
28413,0.013061766089621403
28416,0.13492964875196484
28420,0.05236063798831173
28422,0.3064257505894171
28425,0.026930608813435532
28426,0.08126790944773529
28428,0.3766688560885118
28429,0.03664748104078737
28432,0.14673545908395846
28434,0.5235433213114846
28436,0.16493356444596532
28439,0.06584998206962524
28440,0.014323488213545907
28443,0.3590371535185178
28449,0.03000118819650559
28451,0.030351723673310765
28453,0.03468475933122894
28456,0.4317561301558544
28462,0.025274018257373475
28467,0.06083436840881085
28473,0.06581752351639766
28474,0.29256473309176084
28479,0.14655586316966074
28486,0.024920768160982713
28487,0.03639808380760406
28492,0.4929079284907154
28496,0.21959193145948888
28498,0.2779335908283949
28502,0.09185604839585634
28505,0.041645520462436504
28507,0.17434904039861476
28511,0.060163073899282514
28513,0.3503773722416401
28516,0.11509499501708657
28518,0.01429304848567412
28519,0.05521787261818102
28521,0.07480887343554457
28526,0.07908755811197198
28527,0.040867822349439135
28532,0.3588312661367503
28536,0.1480854589305806
28544,0.07809859580913871
28551,0.11460401951725703
28555,0.23195822896173485
28564,0.2205387265325894
28565,0.20974088602069646
28568,0.027238245596188954
28570,0.5024771283515934
28579,0.3753550492527557
28582,0.17268737201923695
28585,0.9037572902935395
28591,0.09803849630347419
28592,0.7597769381417241
28597,0.05954454541649485
28598,0.06822106820068567
28599,0.15093228073646547
28600,0.2754666363072314
28601,0.14873573052038566
28603,0.019768487336223203
28607,0.14694799999268635
28613,0.11748449244948765
28614,0.10265094959768607
28622,0.06837529136361786
28623,0.5113357316081341
28630,0.04483646924152279
28641,0.4912706677039588
28648,0.8098034379672615
28649,0.07364004922529638
28656,0.014185107920513267
28657,0.020711021539728237
28661,0.04298177502398367
28664,0.3576613389262968
28665,0.1321007141501735
28669,0.10447225727438061
28671,0.7321731322233593
28672,0.15491561943683843
28673,0.3717212914961631
28677,0.23903416676113026
28678,0.37244234677595167
28688,0.043212369227513335
28690,0.25835451223023054
28691,0.04791123288944755
28692,0.2321606154726216
28694,0.3549329724993811
28698,0.0334512494471674
28699,0.1872868906961527
28700,0.08836399569512682
28706,0.010264293495405486
28709,0.08197233012508079
28713,0.2460257481487923
28718,0.10399695386421227
28722,0.030342608187645906
28724,0.6513480875272414
28725,0.09344696352316235
28727,0.020267202879760412
28731,0.6640585458850553
28732,0.015511369864603705
28737,0.04763543464315361
28741,0.8576341975604814
28747,0.03643707046542277
28749,0.34541725537690404
28752,0.07600121648337496
28755,0.20801834613995926
28758,0.09748181195676908
28759,0.033847827548562824
28761,0.555467943133623
28767,0.10640565222027505
28773,0.03433056062491371
28778,0.07953249223648251
28780,0.1750187159203401
28781,0.1597073019127658
28782,0.4309837009904064
28787,0.11213804741841692
28795,0.5061100124869217
28799,0.4662541658754947
28803,0.166633675106512
28804,0.1450487854123769
28809,0.10242195724482876
28810,0.030507498223512137
28813,0.07989492097715832
28821,0.008678885636755018
28824,0.2387276936579553
28825,0.5086470590151762
28827,0.9294633881886345
28829,0.1888211884716932
28831,0.5952020497539112
28835,0.013664926693691133
28839,0.014350184726039952
28847,0.03856782406002331
28854,0.10600228496034948
28855,0.06736819528933684
28856,0.1143760099861013
28859,0.7437334383579101
28863,0.03266978034191743
28864,0.6814160774113727
28867,0.4208738520902247
28870,0.3285350550523305
28871,0.03584550499875963
28872,0.015629572263085756
28874,0.07000759185815139
28875,0.41215487685676283
28878,0.2992138674446324
28879,0.38583010886325597
28882,0.12290497254222223
28883,0.22347203716716374
28886,0.2901162497545679
28889,0.010184619692690825
28896,0.6060240405661792
28899,0.1731515033935858
28909,0.8387759594397997
28912,0.24553193382051175
28919,0.6080148881046429
28922,0.25554806038019534
28923,0.07077486985012438
28925,0.1457091177334714
28937,0.17395703732025677
28940,0.019317765885024388
28941,0.14014431601046515
28944,0.03934602919946681
28948,0.016898935726840644
28949,0.12134422331836002
28966,0.1843990239189068
28967,0.12971578045460957
28968,0.4555332599136543
28969,0.05314516903281449
28973,0.10586643091922439
28976,0.43951609434960387
28979,0.25672159946604406
28984,0.10340196192472774
28989,0.20973524699546173
28991,0.0544644686466149
28994,0.10537934159409053
28998,0.31362516385303996
29000,0.044716065205447894
29001,0.09810120471178078
29006,0.3689617520021292
29007,0.2928453255857067
29012,0.2499100508577191
29013,0.02039092753856737
29020,0.09042050305119215
29022,0.026585514040245912
29033,0.2045958340798721
29035,0.48468804863544995
29037,0.0934807734413525
29041,0.21178642942693784
29046,0.14625940978134916
29053,0.21097888194515727
29058,0.009462801103482563
29059,0.31515080687650776
29061,0.568622262286486
29063,0.06341532852318546
29065,0.06478528639142841
29071,0.4981592715062963
29073,0.02748168805490076
29076,0.2493666721537111
29078,0.1090895441613813
29081,0.02750126115779628
29082,0.032953601162021805
29083,0.07114657452212449
29089,0.06091416955926314
29090,0.2906633155061255
29105,0.06748370700589428
29109,0.1911061675935591
29113,0.018306773334239537
29118,0.1345256588790828
29122,0.4788952867421328
29123,0.06553676568543583
29124,0.5070032831056044
29133,0.0395938627601387
29138,0.2920366877143263
29139,0.07060883303888232
29140,0.4965882253610154
29142,0.059955894033876994
29148,0.04675639733363022
29150,0.09973554827319413
29152,0.02028687008248633
29153,0.06359037908950499
29156,0.010629301105763114
29159,0.08563446352736083
29162,0.09143544814019686
29163,0.10735765254198258
29169,0.09196824172085435
29171,0.1544600929490078
29173,0.19112059068115914
29175,0.4383102845913468
29178,0.051626864808634335
29179,0.09884536395555277
29186,0.23237150097665432
29196,0.24219216762964638
29203,0.2794637626499855
29204,0.5384452153954012
29209,0.055331194033106275
29210,0.04461684105228943
29211,0.16549886010363637
29214,0.7788603950257663
29215,0.12310122645264691
29217,0.26005556502270905
29219,0.039922062011143386
29220,0.816577905228337
29226,0.8504259795662396
29227,0.27981203320280706
29230,0.5068232647553151
29234,0.24530996818576078
29237,0.013073713366874098
29239,0.5046968895488281
29242,0.04295121652825603
29248,0.1900283215553954
29249,0.6477400185732759
29250,0.017436405023045658
29251,0.011970008388318899
29254,0.05619499812967313
29256,0.021164884154815045
29257,0.20980487376694373
29259,0.03186022943212641
29260,0.10580476350644158
29270,0.26251261257272274
29278,0.3685133981903932
29281,0.5448237929875899
29283,0.8612190913944582
29288,0.37942516737119214
29289,0.0330614546916686
29292,0.05204383274876011
29299,0.013698298072413156
29301,0.4081581938155955
29304,0.2115964903678574
29305,0.13511557085576434
29310,0.5843376698592352
29313,0.21987471516632132
29314,0.5932179019776928
29315,0.14818608068844413
29316,0.13900910525853458
29317,0.3955443522535959
29320,0.19369379250485158
29326,0.049682326071606206
29327,0.07398033429095632
29333,0.11718153120635978
29334,0.13603624719624258
29336,0.022863338847607908
29337,0.04546582172386127
29338,0.19210516001302633
29342,0.4746203044780517
29347,0.021746691383440743
29349,0.5596740896656488
29350,0.03783606558315096
29352,0.0392177901803281
29356,0.07587068167199014
29359,0.10464339091380168
29361,0.45365097898541656
29367,0.032796310832738595
29369,0.26140566203815513
29380,0.09053362244849891
29383,0.23908255489336158
29385,0.11202441413931769
29387,0.03472688030695348
29390,0.7139594251145914
29398,0.40135215386530704
29403,0.4454384920567097
29405,0.02688601984621515
29408,0.25469240689104033
29409,0.3462794773072306
29410,0.34588733995729254
29412,0.11418081005453004
29413,0.05836131580825852
29418,0.31216400927489085
29420,0.018840174022174243
29424,0.24400283984296053
29425,0.16841291842553482
29427,0.025498338084646424
29431,0.5750759309181097
29432,0.16027342753654658
29433,0.6564326018843216
29435,0.249337689083079
29441,0.04904730561017286
29443,0.07715853174376357
29451,0.08831581625486812
29452,0.06150856045098235
29457,0.13688680974255793
29462,0.42524353163431755
29463,0.29106425200254904
29465,0.022977797766330025
29468,0.010980435278277533
29469,0.12740551683280538
29470,0.03522812418746967
29476,0.026535559965436727
29479,0.20537214713316318
29484,0.06642700011704769
29489,0.037861014179815584
29493,0.424429154543956
29498,0.5098222864462213
29503,0.24047328834428744
29506,0.0532862739641442
29507,0.3842613032333047
29508,0.7414261238789328
29510,0.21275385646761705
29512,0.28402628742941916
29513,0.10761923787774212
29515,0.23393339294856957
29516,0.6216762975342124
29519,0.7244894108140925
29520,0.025304185606967376
29521,0.1183049762601206
29522,0.043094158066050214
29525,0.07845761481548606
29530,0.16248667867962885
29535,0.5731942688324161
29537,0.08744845612794636
29540,0.027301283322565748
29544,0.24540792692765073
29545,0.023266832098548924
29551,0.06756887637050421
29553,0.661660998164959
29557,0.2951632159333784
29561,0.13431088676002947
29564,0.048034686609962185
29565,0.27652453262682336
29570,0.045895367014696625
29580,0.17034356911636517
29582,0.23552092515756348
29586,0.021083719473029547
29588,0.5118547746227129
29589,0.0802339105806035
29590,0.045749828167649415
29591,0.03274489474244572
29592,0.18645660475901893
29593,0.03543115533795459
29599,0.569623739055413
29601,0.2072195771425889
29602,0.31417515403770935
29603,0.21779001366554104
29604,0.2474965268952341
29605,0.0452550192030688
29606,0.031661984455195705
29610,0.03208996931247453
29614,0.0473461919140775
29616,0.25116114860449124
29621,0.20978889225955114
29622,0.07967284660812782
29631,0.029569981540468925
29634,0.40551409943548133
29642,0.05545100238876829
29645,0.2359644939173761
29650,0.4443753951272926
29661,0.7754871325440621
29662,0.11577722899731584
29673,0.1623861605240697
29674,0.017552658688349192
29684,0.19297338348489773
29689,0.47710382891436287
29690,0.14837391275251283
29697,0.041549894796151725
29701,0.08948207841329958
29704,0.16952819589207319
29706,0.030422012976941824
29708,0.01514200053778445
29709,0.5783415117292161
29710,0.04383947793302472
29713,0.08331613803343586
29715,0.14715050311480987
29716,0.05512146192537254
29719,0.029261943466511047
29720,0.029192456395980008
29721,0.33602859206354113
29724,0.07406395618624416
29726,0.3809434565468828
29733,0.1339026663366445
29738,0.09995698988797716
29741,0.45281950614968125
29746,0.11926855819774146
29749,0.11311280355089648
29750,0.05301714257753165
29751,0.10892315709601762
29754,0.26998552903885903
29757,0.7116357945707003
29758,0.12810403438978912
29760,0.33793169956928715
29765,0.020782763145455976
29770,0.1867503525522153
29771,0.021528920304794582
29773,0.29694596611784696
29776,0.5296316084519308
29784,0.2609992763068202
29789,0.07175598022443125
29791,0.3078948192825342
29794,0.07656687940377618
29796,0.05197632641791844
29799,0.8991204997792845
29801,0.22263088704321451
29804,0.46490514084906587
29806,0.27870543640911216
29807,0.207866782962818
29808,0.08486121023489875
29811,0.1927731890517464
29812,0.014970448915349103
29813,0.25604775023015497
29815,0.038306191376542315
29816,0.62682892033208
29818,0.16342469913928892
29822,0.30442837313345944
29824,0.1401411457684018
29826,0.043291511207193004
29828,0.6508748879431123
29830,0.18369352090790275
29833,0.01804615871960549
29834,0.5854140797332196
29838,0.04213857412753583
29850,0.01742652552322792
29854,0.025075768566693888
29856,0.1521340561731665
29857,0.10427720113861436
29860,0.17776500843483176
29861,0.4485866280774352
29863,0.14275255113026036
29873,0.10366900708196407
29883,0.4279374447256734
29887,0.2562569065758172
29892,0.09675860111446354
29893,0.04600608280319865
29894,0.28493418115900315
29901,0.10921495490474849
29902,0.28036793880985056
29905,0.11895813544703304
29910,0.24001157598586395
29913,0.0343711198093862
29914,0.02457007030911316
29915,0.3525931879745052
29917,0.3104613095038302
29919,0.06679065738004139
29920,0.5767266042157206
29922,0.13916802631964295
29923,0.03831141634647918
29926,0.2066278030782307
29937,0.18339575839495428
29940,0.0767282400912145
29942,0.03207554063452799
29943,0.3031014924826471
29944,0.2445431273005227
29950,0.013889005982247496
29952,0.3210260766233209
29957,0.09079751237180818
29960,0.7727959114495343
29961,0.12941584356942878
29983,0.6213549541773553
29988,0.016374394797902515
29989,0.5810438101023948
29990,0.058184081579443665
29997,0.47072858442559184
29998,0.024782286967996794
29999,0.20682693949255554
30002,0.6858268805989279
30003,0.3889898104795036
30005,0.17447226614669017
30007,0.35475831348841613
30008,0.6430483872634477
30013,0.026733734919417995
30018,0.10181748951388306
30024,0.31603485963945704
30027,0.05622740671072368
30030,0.01680618447262839
30033,0.09088735108699955
30038,0.15235656028868863
30041,0.009160145736195122
30047,0.1207799501464886
30050,0.08285506460091717
30056,0.06758933437154983
30057,0.12380452357726575
30060,0.25244898478694955
30064,0.1396776175747729
30065,0.0885339366870196
30070,0.4049133797019995
30071,0.04867805210827108
30073,0.35879387375963384
30074,0.0244612696227548
30076,0.29021707132363916
30079,0.09486715045894056
30082,0.12070783633588397
30085,0.10280366104887481
30089,0.029084980380054033
30090,0.17546599593064838
30091,0.542497598269217
30093,0.5839507619115729
30096,0.12380889687282808
30098,0.10018694789206821
30099,0.5327996782812856
30101,0.3186902169601767
30110,0.021283369829858508
30112,0.27060831763294396
30115,0.02750077987252875
30122,0.019798185849917754
30124,0.1290526483924207
30126,0.7762210275992502
30127,0.01634515702583337
30130,0.05262800268355807
30132,0.024625255358639454
30134,0.2109598634887401
30144,0.09316485410697752
30149,0.03263617662699078
30150,0.10458231994992885
30151,0.3868794759380111
30154,0.03597265156560621
30155,0.4569022352506043
30158,0.09186424242363798
30166,0.16654908676036853
30168,0.021210951265187288
30170,0.44810754923554785
30171,0.06315538167049574
30176,0.34786919648919146
30178,0.050662807850835906
30189,0.7685863093352613
30190,0.019871656950202713
30192,0.08046550946476332
30193,0.1266593124512813
30195,0.29999112250793863
30196,0.17260007293425747
30197,0.3885482041975698
30199,0.08675887950616752
30202,0.056898499187897814
30206,0.22573487227315758
30209,0.04754713252718121
30212,0.00950484931530461
30213,0.03258656613316292
30214,0.0795195175521084
30216,0.0179335458352911
30218,0.7487761689244377
30220,0.1067612944262938
30221,0.49359995646858307
30227,0.2654142568332852
30228,0.0965520660509637
30234,0.08123197427142959
30236,0.5623934729335529
30246,0.16259545922249646
30247,0.35880298310245917
30251,0.38551278458942234
30255,0.16660603137454222
30258,0.04816108241720716
30268,0.03723972323479952
30274,0.9080665365644581
30276,0.10115071214235317
30277,0.6768157377652754
30282,0.19673861169933407
30295,0.09095838627875953
30297,0.08736973719818593
30298,0.11301718538480876
30299,0.05446865869816625
30301,0.5483934463355539
30307,0.08106061959202286
30309,0.022123109809173702
30314,0.07223706168307718
30320,0.13644183706433236
30323,0.3395322925541752
30324,0.11705340985758897
30326,0.060785039154153245
30327,0.02838817815728681
30330,0.22662437496280202
30331,0.16362054478887808
30332,0.2132943498897988
30334,0.1318758135881817
30335,0.07866722413030057
30338,0.04071949637710855
30340,0.3702970169771486
30346,0.39968049117644033
30347,0.12102038215435265
30355,0.14310351179023992
30357,0.2788800824008201
30362,0.6458377023710953
30363,0.1740109195131353
30368,0.37938685828550206
30369,0.08650789055081942
30371,0.2345013013617815
30373,0.18905690237537376
30375,0.055984992543019585
30380,0.04996049083599589
30384,0.1288005895397241
30387,0.13573288817256807
30388,0.5962722068455514
30400,0.0216742761827285
30411,0.6861667952037667
30413,0.017682463702325624
30415,0.04688652271072823
30418,0.16754731334103984
30419,0.05047919105556327
30424,0.013845368455599753
30428,0.049194044555104656
30430,0.5624155638839795
30431,0.046500687103916374
30432,0.26905191706184983
30439,0.08243805644015194
30443,0.23214585741618904
30451,0.022555289510714272
30453,0.2502162877877348
30455,0.7855409447058862
30459,0.08028578328420424
30460,0.02752682727831867
30464,0.042867762082497374
30466,0.14763445049157858
30473,0.18398112864096391
30474,0.07397785269397726
30478,0.35027930030276416
30482,0.012474938874120383
30483,0.5592793856536041
30484,0.0392270911969815
30491,0.5245014093316701
30492,0.040781514928133075
30495,0.1776592676276997
30497,0.06906980828150744
30498,0.5021011355830238
30499,0.03777146689378283
30504,0.05118100523079674
30509,0.04399605758265553
30511,0.1008773040437433
30521,0.09161518972785054
30525,0.17175204680912579
30535,0.1456208138899598
30538,0.02475959212860968
30541,0.06085402879084646
30542,0.06860193273983257
30543,0.028089627783174944
30546,0.5262964570942339
30553,0.28038209408513387
30559,0.04360126025252057
30562,0.046586753301830534
30563,0.12914705544896019
30565,0.89543916562311
30573,0.039154630860966974
30574,0.0778322347595154
30575,0.05435754600986153
30576,0.08590085080088618
30584,0.029490134656621023
30585,0.3229562870337915
30586,0.12272326868229867
30596,0.23933086019375524
30598,0.16226683694534713
30599,0.02520776364787771
30602,0.12620469019196714
30603,0.030215477624238662
30604,0.14652087660819693
30610,0.04400566519246997
30616,0.2288144294724161
30621,0.08590739755045194
30622,0.7059690727813194
30625,0.3030578776673421
30639,0.04728092598437991
30643,0.016385623738947686
30644,0.7286925229799524
30645,0.20243470053729662
30646,0.022600236451205354
30651,0.7003027031017288
30652,0.02514148248454584
30656,0.0617004727839181
30667,0.022013204450731794
30670,0.10884131779223102
30671,0.5459624057316712
30678,0.5939534194431705
30686,0.03786601909432729
30688,0.2318806901283335
30691,0.02497416479102423
30695,0.06386046155420602
30698,0.14289940971446347
30700,0.1494377725309385
30701,0.03755102937266518
30704,0.13395328730409808
30705,0.13096301750545114
30707,0.13471637631739294
30709,0.23636888497337386
30718,0.30593890701859494
30722,0.11186420759521469
30723,0.21437605528506276
30728,0.10103339449281658
30733,0.028976644331769535
30734,0.5322176321530013
30738,0.03803783325241762
30746,0.08996273632709381
30750,0.4124975209659936
30751,0.06507565262478292
30757,0.48559289405950823
30762,0.043272145309604305
30764,0.02594028855129521
30766,0.023008628662147958
30767,0.05864123746034638
30770,0.4973947263313188
30781,0.024472404473296346
30782,0.5416827376048438
30783,0.11556063270950208
30785,0.2989829484284505
30787,0.020991719767173872
30788,0.056435840299559344
30795,0.49331025977181203
30799,0.07754989495731959
30800,0.04233133746722947
30802,0.3853525771918916
30804,0.7897465391057037
30806,0.013449282569730492
30812,0.46781898517241893
30813,0.03486218159805053
30816,0.06594842887787773
30819,0.1794014985164433
30823,0.09674758686138808
30827,0.04258755513613797
30833,0.43083352910484934
30834,0.06955763412279584
30835,0.04220725806647512
30836,0.06318094765302326
30838,0.20276580158046253
30840,0.18670752174531405
30844,0.04104304841006589
30845,0.12829282895349547
30848,0.06915873803695892
30849,0.12858226168621303
30851,0.0742518622289933
30861,0.7425145396530665
30864,0.024957905745152748
30868,0.14304256055628417
30873,0.017046740503894958
30874,0.05630487996177405
30878,0.0558552407184867
30879,0.10035885528896997
30881,0.2946686537539908
30885,0.5236333168816972
30887,0.026331343370732545
30888,0.009066432567291564
30889,0.0343617946026401
30904,0.08301285784303065
30911,0.12994223185216527
30915,0.2110475195751516
30917,0.047047784012292294
30918,0.06894888936596104
30919,0.12419164552484752
30920,0.08168876100638203
30923,0.06928076136308182
30927,0.4746958809733116
30929,0.0850372647216577
30930,0.5664056251534988
30935,0.1680867069934168
30936,0.11649532824678671
30941,0.06340931266932007
30944,0.38259996477297803
30953,0.11310871112522879
30954,0.6116802680372563
30958,0.09433801471482552
30961,0.24355861034378448
30962,0.48899040046069203
30964,0.6088569699215693
30972,0.27930005742657277
30974,0.8634153296068822
30975,0.1261108330068084
30978,0.7255164839219257
30980,0.09007484955737607
30981,0.043016889455624305
30983,0.12440612962850467
30993,0.36822709137210935
30997,0.07867284959834368
30998,0.11562699207488303
30999,0.18754865426895623
31000,0.2346087025816003
31001,0.0778557205525146
31003,0.08921287080964578
31009,0.05762948003625214
31017,0.12637915926599744
31018,0.19234387839632344
31019,0.28367740075121284
31021,0.04319025939249631
31023,0.3213211620145972
31025,0.12053164888252557
31029,0.19176164415328475
31031,0.17793429628180085
31035,0.7061495301449998
31040,0.24135006739112666
31041,0.03986944324000266
31042,0.7921367733617471
31052,0.1611506195296964
31054,0.23220413911773377
31056,0.07268905653645233
31058,0.22565940934951195
31059,0.3965383359846662
31063,0.09422264652378096
31066,0.04866465593989228
31072,0.06398479965612087
31076,0.21877449882741265
31080,0.24883917230241145
31085,0.05845102855752231
31089,0.1815832646480207
31091,0.021481375847740482
31093,0.05450455395542901
31095,0.42056195634460874
31097,0.3471253328553601
31099,0.35607520977647167
31107,0.04056493817012461
31112,0.12703141629374035
31130,0.1144257766269415
31131,0.12030929414217448
31133,0.13650574787013664
31137,0.2745705536889443
31138,0.07728643693296264
31140,0.1441645819427884
31143,0.10334469725379548
31149,0.11391228562650783
31150,0.10818575665446527
31159,0.04555373248025542
31163,0.1354010118892667
31164,0.025357320257071367
31167,0.026293990579648645
31170,0.01734172573995923
31180,0.021358972154334348
31192,0.23542144627372896
31193,0.5657002087822239
31204,0.055384155684931595
31207,0.07092317724158868
31208,0.5577071452423201
31210,0.018458721595378362
31215,0.07506967165033449
31216,0.038270002477842575
31217,0.22552787349025888
31219,0.0358530547759248
31224,0.07776350037001371
31227,0.14787418404976418
31228,0.32534927762068816
31234,0.4532616060812846
31237,0.14603560984382824
31241,0.013387500422471284
31248,0.27340103949400457
31261,0.45674900185652645
31265,0.05294652688001893
31266,0.05443655086086679
31272,0.38918961732641044
31275,0.07731159578027734
31277,0.5980326311793921
31278,0.14253394710397982
31282,0.13580293852603748
31286,0.5967198564440781
31293,0.09641143750399897
31295,0.017031824295047973
31299,0.32649753673961446
31301,0.1338864895144153
31303,0.1751182168911945
31305,0.3725783889599734
31308,0.0667004024995635
31311,0.17839300758596555
31315,0.2449827629450466
31318,0.019414906595636765
31326,0.04823480044002865
31327,0.39097463847403563
31330,0.4541717381834386
31336,0.44529479032887875
31337,0.2288068301174045
31339,0.12455552274293624
31341,0.36058216987133823
31349,0.13765959541386533
31352,0.02746600481232003
31359,0.10567211421907124
31373,0.06299337773287156
31375,0.06321145375417443
31378,0.4248560270960691
31380,0.04396642961715046
31383,0.18848634088031113
31388,0.10980905510654647
31391,0.12740678302420458
31397,0.16870674823331958
31398,0.14649548967525083
31405,0.03983621691746941
31407,0.03142615909144116
31409,0.13301452404757072
31411,0.6536741273421707
31412,0.029321037095474834
31413,0.10412941362809303
31414,0.1289259330547584
31415,0.08892942946421402
31416,0.12385936508374328
31418,0.5829089481927214
31419,0.10621016485922095
31424,0.12018523235387614
31426,0.028831341141239357
31429,0.4600264077293797
31430,0.012620301773492982
31431,0.0648375682684783
31433,0.7986593991577381
31434,0.3323517152960376
31435,0.12433561029562146
31436,0.029858340558278608
31441,0.21195396928974936
31442,0.5258558338013817
31447,0.29178346155559687
31449,0.3219696879214552
31450,0.059108554275989295
31451,0.08046841863686383
31453,0.03590487467194255
31454,0.015108060932464529
31456,0.0718831575555253
31457,0.15871330485067725
31461,0.008886772330831948
31466,0.1328690918051806
31469,0.18160423737365702
31471,0.1456790697976364
31472,0.0885329885709713
31473,0.33337762502015683
31474,0.4401552167471508
31477,0.14098344093880102
31479,0.5547564327376261
31489,0.026006507107697946
31492,0.5334635200212732
31494,0.0634034984494805
31496,0.4175545010163558
31497,0.07719770706491456
31499,0.7206370102569539
31500,0.6308831138842442
31503,0.2668634812363748
31504,0.029975512715199427
31505,0.14195570244316422
31506,0.0472450960573941
31511,0.12416210593465986
31526,0.062320985405432495
31531,0.10953073002501144
31534,0.7111058544521985
31537,0.23669581774543721
31542,0.05824381593157927
31546,0.11390364595878072
31547,0.07334400848265088
31549,0.10833809711728704
31561,0.39067942761630825
31562,0.18262771649870613
31565,0.11318513040535973
31571,0.19472394674294444
31574,0.3801528407491303
31577,0.03967346655701276
31579,0.5176534284623165
31584,0.5809626745769522
31585,0.028066697493875047
31586,0.2586772576015858
31599,0.4977316039614257
31607,0.09221952262717614
31612,0.10545401964524002
31616,0.6135404451750749
31617,0.10061323848801203
31618,0.327154572376563
31623,0.08373764032945287
31624,0.12731597341949205
31625,0.3983853162142385
31626,0.4919150288948119
31629,0.2629447727857856
31641,0.23041457524883344
31643,0.42317030108225295
31650,0.09039183585218712
31653,0.030699722219100813
31654,0.2912363713631027
31659,0.04948864384811663
31662,0.13699855216040221
31663,0.19310926483736265
31673,0.13572036275629173
31674,0.02460970653891533
31675,0.32021887367125657
31676,0.48509385869637184
31678,0.1899218870290679
31683,0.043200884479553205
31685,0.06481393321592752
31688,0.6896699286694109
31691,0.07832271319155268
31693,0.132362386960327
31694,0.08726915698700548
31698,0.020046029032328227
31705,0.05032401316373383
31707,0.10470170908797852
31708,0.4657132570895798
31712,0.2823650430259519
31715,0.19753218115289434
31723,0.26403662391228466
31726,0.05861230285318823
31730,0.040914601708432356
31735,0.07638077627295344
31738,0.6608721704564632
31742,0.1576851565947232
31746,0.4977504187855822
31747,0.1438770532845746
31748,0.1577550067351907
31753,0.03634110450702568
31754,0.20999396234076945
31757,0.3432309534311986
31762,0.15806923384132837
31764,0.4026906747900719
31767,0.1371636108448399
31773,0.08572715638023223
31775,0.8895692550740081
31778,0.060957265561330604
31782,0.07651419342254392
31783,0.049588513620667414
31784,0.43645489606010013
31789,0.1878279370097081
31790,0.3738514910945014
31791,0.10177855109384737
31792,0.1838043281661855
31796,0.10759219288682925
31799,0.7849873007718783
31802,0.03800883101320912
31806,0.6516774450322114
31809,0.25318936000443204
31812,0.25311948534861134
31813,0.24019712137958069
31814,0.18160051784865133
31817,0.03787545570212925
31819,0.13560579117702456
31821,0.26010518578738795
31828,0.042836259987598074
31831,0.5745862414302766
31838,0.1536030934856553
31839,0.07487072629336239
31843,0.11488860034335735
31847,0.16815290794723825
31851,0.07055025592359106
31853,0.15269868579787457
31856,0.6890282604955724
31858,0.568904626206147
31861,0.014810703036176999
31865,0.5758599988438302
31866,0.9006776196662387
31869,0.019455181337059854
31878,0.01738353626105781
31879,0.6274656083491843
31880,0.07538084666343212
31881,0.18982293696134117
31883,0.12864461397903582
31887,0.0062139486539509
31892,0.08398816668750511
31893,0.015561227315546499
31897,0.6876935610521316
31898,0.379060258723057
31900,0.8009990393789873
31902,0.1349770357319223
31907,0.11026628721705903
31914,0.37815404415986226
31921,0.6512129832496291
31924,0.19194082844094218
31929,0.19774663594940173
31932,0.5485946777841896
31933,0.4393175171334581
31935,0.17187567723377745
31945,0.09273029266666914
31948,0.0950739859588099
31950,0.3911804532912698
31957,0.05926584168899254
31962,0.15233491871342467
31963,0.18746035655117696
31964,0.31531225757009695
31966,0.1797310302067803
31973,0.8380361623176583
31978,0.009734658065301969
31983,0.08927195008616137
31991,0.03303092990367576
31993,0.009806589020127992
31995,0.7446319667501022
32002,0.6654599313114969
32003,0.045564707585181836
32007,0.2843776854483773
32008,0.14920991397672037
32009,0.8410668952045524
32016,0.2586970879508809
32018,0.4534633388494152
32019,0.09277661319229345
32022,0.033947729013849647
32027,0.16030727712357767
32028,0.21602596998864035
32029,0.04969627082755607
32031,0.6953313376856539
32034,0.055563073631584
32039,0.2362079371138845
32048,0.09593549681317734
32049,0.08206373632611492
32061,0.560019383032107
32063,0.030777160161014935
32065,0.07496048138780582
32080,0.011200651309623076
32084,0.0890856081261232
32085,0.14689223999781342
32089,0.1836534880115131
32090,0.042760010944889945
32091,0.0846374466570541
32093,0.061984538364383605
32099,0.13671213753864467
32103,0.20609546473471682
32110,0.04507471915908512
32111,0.15519945427762824
32115,0.01599191931036391
32116,0.1365293878659779
32117,0.015231176363763352
32121,0.24745792161460597
32126,0.17404394243642063
32127,0.5912595512463205
32128,0.12699002621517042
32131,0.1373010334868193
32134,0.07060789918158966
32136,0.03265619150277066
32141,0.13590620785313678
32147,0.11758781191414344
32148,0.15283550244942803
32150,0.12739939015201981
32151,0.1712696034391978
32155,0.09348481711567669
32156,0.36605722017723547
32157,0.18644154897371557
32158,0.03982307820028209
32160,0.08148597858177302
32163,0.7242300506148033
32164,0.04492248446370774
32175,0.024350294554483874
32181,0.1278477772307365
32183,0.18563746313764218
32184,0.15213448150445633
32186,0.3150310639697329
32188,0.05424241390917313
32193,0.025723526909700475
32194,0.08028247546791659
32196,0.0542225587127021
32201,0.09859722220447832
32203,0.28335320841413014
32212,0.03822322900465126
32220,0.11018743460088483
32224,0.5299619446902937
32229,0.02042195769130807
32230,0.08703998958926229
32235,0.01780918227714512
32241,0.2623913924732623
32242,0.6653680653715841
32245,0.17208374936937273
32246,0.04242094592416678
32249,0.02262086032864223
32250,0.1067161505739757
32252,0.2232339614558481
32256,0.24377964214281386
32262,0.14370655042802344
32270,0.2122638482008295
32272,0.1362153316380243
32275,0.22279684366796182
32278,0.17156351770432976
32281,0.05303600249530149
32284,0.051319552339401504
32287,0.00703302171975926
32292,0.08036627628504237
32300,0.02003140570060567
32305,0.12213309024803931
32307,0.031650275264719585
32308,0.14517849594473903
32309,0.24232217706480574
32310,0.1350905848152341
32311,0.04283005024104311
32312,0.12359355074234869
32313,0.02236724016285242
32314,0.06476157682581268
32318,0.3490241325149611
32326,0.03275750936383606
32333,0.07401139419243513
32334,0.052878184898543235
32340,0.5033274216107371
32344,0.2882187407700912
32347,0.05677006304233084
32348,0.10240963921859575
32351,0.0970204083089563
32353,0.021063010697299357
32354,0.06515476073469245
32358,0.01937430495706338
32359,0.018395028251763288
32360,0.17850786967674157
32361,0.6758606124692663
32362,0.20361316764359652
32367,0.023513066566329364
32370,0.2689468044230523
32371,0.12036135776885255
32372,0.09109667845944998
32374,0.053025532768712386
32378,0.04020725790577103
32383,0.11614067669215125
32391,0.6623039506220434
32395,0.07027444816192077
32401,0.534426201220374
32408,0.11491429284004705
32412,0.011684608024297771
32415,0.2576856796628645
32417,0.38825617447356603
32418,0.04727621666263452
32421,0.1453220715928686
32423,0.0706230082697138
32429,0.09587877525980217
32431,0.4668548577719838
32435,0.17879901080497884
32436,0.3364165820841986
32437,0.1134270935083884
32438,0.0729826198458681
32440,0.05697875773763677
32443,0.1942205522868289
32453,0.08545543536065955
32458,0.10420245805721214
32464,0.04851199637548451
32470,0.08709781042413767
32473,0.1158374627433916
32481,0.07146202857190138
32482,0.7812775263657188
32483,0.04601872282186333
32484,0.11803315166525521
32490,0.05573538920092595
32494,0.8054658639382385
32495,0.6164017456989719
32500,0.4488619268752751
32501,0.08816117314691646
32505,0.20368720896336978
32507,0.13485052016448262
32511,0.07160090865683195
32512,0.05226000872646259
32520,0.1557132596428437
32521,0.03937232651712999
32524,0.04865697305311445
32529,0.07129502101590626
32532,0.038456652632883774
32533,0.21555183392518562
32543,0.03622685096179153
32548,0.06413099181560823
32549,0.021919413195816768
32551,0.3577218270280208
32555,0.8420901838750766
32556,0.03708133369416286
32558,0.02698755148792
32559,0.2418923658020254
32560,0.060340314347245544
32561,0.03899018622075726
32581,0.037424558307386835
32583,0.14973936300690635
32586,0.14714638791262655
32587,0.029349273641815294
32588,0.4790353687906403
32590,0.17085873800917464
32591,0.1641864379149802
32592,0.3849933926751789
32598,0.12933047007967213
32602,0.6921806803308317
32606,0.12305421844067001
32611,0.30577867178457724
32612,0.0904805515996618
32613,0.20290078330204764
32617,0.10273638614880704
32618,0.40020992972164404
32619,0.04354743182634681
32622,0.21507095365468332
32625,0.6239840106530368
32632,0.06625989747716118
32640,0.534000959199082
32641,0.578716916317021
32645,0.06708499760132218
32648,0.0735834800556768
32652,0.46878703618785567
32653,0.2215406437709435
32656,0.1501724462919516
32658,0.2787583674880351
32659,0.21763095082109485
32667,0.5251877024179561
32671,0.6309747305530383
32676,0.21291969375762088
32683,0.4015393161861271
32689,0.1540074091644514
32690,0.35293893081715877
32691,0.8884121153252652
32692,0.2083335721823039
32693,0.5638348228435242
32694,0.3018233621287597
32696,0.08596573712736602
32697,0.02188993056723311
32701,0.036390460317832135
32703,0.03939998141986665
32704,0.6053402845300513
32711,0.02839717683497299
32712,0.15335731195294858
32719,0.36662794831395307
32730,0.1023446426516245
32731,0.0705803728205952
32733,0.1805767319515187
32736,0.6266561198332442
32738,0.08989499225476244
32739,0.04876870022802735
32742,0.23031557242794082
32746,0.026379638657149224
32747,0.6585521226535164
32752,0.4502956684119727
32757,0.06809954908130633
32768,0.2026511405668798
32770,0.08098323401747763
32771,0.07296479793154773
32773,0.09658245851916951
32774,0.2514403111531449
32775,0.0795621625412849
32776,0.453017593106082
32778,0.18310297459521105
32779,0.2851241427122065
32788,0.02476114808887003
32797,0.06797741992758194
32802,0.21703339981530068
32803,0.01380173737673461
32813,0.22224461894422504
32817,0.033028114104948145
32821,0.2523034637741941
32823,0.06060089342236925
32825,0.13975372487864285
32833,0.0528748521511224
32836,0.823624759573939
32837,0.467257989838659
32839,0.19355018782553268
32840,0.13510235319356
32841,0.033003923666739085
32845,0.06347245221134211
32846,0.07309893170843233
32847,0.1552177055632247
32848,0.10373943101927341
32851,0.09907655887965965
32852,0.6185564571599339
32857,0.2739441617064344
32859,0.025209999462919644
32862,0.17469967190103472
32871,0.046645287367743225
32872,0.7369436687653483
32873,0.11627934804150265
32876,0.08654632900235894
32877,0.07611571004875624
32884,0.36063892177500545
32885,0.1902346207525702
32886,0.5868379824537818
32887,0.19715572992913696
32894,0.031618402143629126
32895,0.7358941201289846
32899,0.23174402778490044
32914,0.10438121827655153
32915,0.13187309569066116
32918,0.12597510989293204
32921,0.4883958799644805
32922,0.1190251632362783
32924,0.15151938847505456
32948,0.03470457550558385
32950,0.14865427533315212
32951,0.0359127102193808
32952,0.08989768749684701
32953,0.15453685980284326
32955,0.34250921510475124
32956,0.29396838452151974
32958,0.12575166364892434
32965,0.1699137180969002
32966,0.0240740511630668
32967,0.20976798578879943
32970,0.09425450431986802
32971,0.08168718424320705
32973,0.6506779630430409
32978,0.052591565351329916
32981,0.31924362740030193
32985,0.1505832557182442
32986,0.1801141229481418
32987,0.07516964511060578
32997,0.08925641981877842
32999,0.2613604811007469
33013,0.1712818784809583
33020,0.12456259714318546
33023,0.28279532657579654
33037,0.02874243240273699
33039,0.026902607690989584
33040,0.07252312055832427
33044,0.7154127980735817
33046,0.250580215950251
33053,0.2441871886681866
33054,0.7041889216143394
33055,0.6413860103570663
33059,0.2075065931979603
33060,0.15359557128187867
33067,0.5489062792378399
33070,0.17494740151769173
33073,0.4856094748768333
33074,0.04125581032618243
33077,0.12236751280695989
33079,0.007122403512386282
33083,0.4168654986460255
33088,0.37933069719194046
33089,0.05216623565082071
33090,0.12711425910877444
33092,0.08820797773487286
33093,0.27127222689754393
33095,0.17757017006866935
33102,0.12148988084916315
33108,0.019139459763234685
33114,0.23847640548601975
33118,0.45961400962356974
33119,0.5971686023863284
33121,0.18476955710634907
33124,0.34025107678499494
33125,0.1049857949768853
33126,0.11006443075512162
33128,0.19116032624089718
33129,0.049008109366049706
33130,0.08377462151346106
33134,0.29808262788749074
33136,0.2526533223288897
33139,0.1286257237684413
33142,0.6305988851551224
33147,0.17121740025364168
33150,0.7407065337201255
33152,0.25082475260641796
33153,0.045374331934035846
33155,0.42109921297079056
33158,0.088543053420888
33164,0.014241244921627186
33166,0.03461522770985376
33173,0.05174192685038477
33177,0.03842643453366055
33179,0.024157880035225354
33185,0.12677090091288942
33186,0.02844371027184683
33198,0.15561802290322962
33199,0.08075599985076376
33201,0.2879544516746876
33202,0.2549884800932328
33204,0.021397503154837537
33205,0.03897677986199086
33208,0.42081688966355446
33212,0.6891471995827371
33213,0.05964117219831183
33214,0.01656321504872981
33215,0.3512619735398802
33216,0.03944150358317965
33218,0.08266290113525945
33225,0.3384119303215549
33226,0.47126268503141766
33232,0.06533916549641652
33235,0.16844181092177515
33236,0.09537318377942289
33242,0.35783859768974297
33243,0.13277663839699738
33256,0.24103447756410423
33261,0.04976037603170596
33265,0.17130765753501312
33268,0.06700284347734548
33272,0.7132314257340393
33273,0.014704085874568982
33276,0.1596709799971539
33279,0.021583149131224135
33289,0.23982137351605518
33290,0.03299984765157023
33293,0.7619330206560555
33296,0.06137936209277808
33300,0.451183932972085
33302,0.04645671195419466
33310,0.5979341881824772
33315,0.093594382889422
33320,0.5077883551582475
33321,0.04241829378848249
33322,0.7550444626735392
33325,0.08959599086831281
33327,0.2882519941591794
33331,0.2164981511342661
33334,0.08405460409530013
33337,0.13416915436018229
33339,0.48404242782010015
33344,0.1956574776223622
33346,0.10645144776853079
33350,0.457435944842022
33355,0.6621953633589018
33365,0.23029536645950163
33367,0.618352846285869
33369,0.4601975222017804
33371,0.02672909518219616
33376,0.0793660392958656
33377,0.21146036222636727
33382,0.47349091296334145
33385,0.012858808055045357
33387,0.013850415440477135
33389,0.15108103778885232
33396,0.18501599440601693
33413,0.30501515300972176
33415,0.3166505394013594
33417,0.013029432435091642
33421,0.040660285906653625
33427,0.5788221312033205
33430,0.10524337653436296
33434,0.1503514113529692
33435,0.5193325274091003
33436,0.020719902793427173
33438,0.04976431982907988
33439,0.10315472185506544
33442,0.08932353116189135
33449,0.29633602221495176
33450,0.08441952853852772
33451,0.1700840919790355
33460,0.2603191484640126
33463,0.029918576920756383
33469,0.1894929880830676
33470,0.12560382903692005
33471,0.25471723679756914
33477,0.17255126860564238
33480,0.09552625473503883
33481,0.2579723180774902
33482,0.2828529639597568
33483,0.14871473626303422
33484,0.19896201647005432
33485,0.6821865521594364
33490,0.07405739740493114
33492,0.08589437494251774
33493,0.19343160375381585
33504,0.7538268588469457
33505,0.0529702400132427
33506,0.21688960540572438
33522,0.04498606955202551
33523,0.48399540443028843
33527,0.09380596214108453
33529,0.3631340102646182
33541,0.13982694753790517
33542,0.1894502707473892
33547,0.07371459233208441
33550,0.025415951237036907
33555,0.2624877675576798
33556,0.04145604450722046
33557,0.2727470667593251
33558,0.17575393017750068
33559,0.04531117840437506
33563,0.08168488607880568
33564,0.1565789325309885
33569,0.2619519622941856
33572,0.5347189656433485
33577,0.02308918640716831
33579,0.03710388473807751
33581,0.14443932878070376
33584,0.044178054938619045
33585,0.22165925144529186
33587,0.09360812117997586
33591,0.16704064098949342
33594,0.1253018170656353
33595,0.1775825937387922
33600,0.07172627460536438
33604,0.19342546811289862
33609,0.05365094122701558
33610,0.16652879267941775
33616,0.21717601104614717
33617,0.14270844150611262
33620,0.13337734250123556
33623,0.13497954225056671
33624,0.24835367868827715
33625,0.5489110723434464
33636,0.86161420224216
33638,0.5117800962620925
33639,0.07375473555503198
33644,0.21155506419192166
33646,0.05722454097311644
33648,0.023477938387874413
33650,0.5616613550474813
33656,0.3765762360532852
33659,0.3337646257161397
33661,0.5547906111575652
33662,0.06488266873895908
33665,0.04175996837948067
33674,0.32923322741998157
33677,0.35098256553082285
33681,0.024715863531739247
33684,0.06564559241225111
33685,0.39748035970891465
33686,0.0910319478310292
33699,0.38681718226252376
33702,0.25866299147403954
33706,0.08230407884559494
33718,0.17168400549832485
33719,0.02277120854754823
33721,0.08995547694859615
33722,0.12107732244502638
33724,0.10204228097000752
33727,0.37236700772433445
33728,0.09155799415462249
33729,0.017795504644632948
33731,0.17477371236974476
33734,0.07016987966679157
33737,0.36892215671978196
33739,0.1959102139783624
33744,0.13221250411907226
33746,0.1826041699689697
33749,0.050154422327111536
33751,0.06095325960240662
33754,0.13118640654003594
33756,0.1754110205280989
33760,0.056686865937874864
33762,0.11831639922219876
33766,0.08134791275648873
33767,0.2377017741635488
33768,0.10374222300652496
33772,0.05580005221925618
33775,0.7712276143393844
33778,0.42050780460433185
33782,0.08640764928486877
33783,0.04571336047533209
33786,0.7001316919617122
33790,0.14683862415962873
33791,0.04456508597791154
33795,0.020569646866818794
33800,0.08912206190081269
33803,0.25397234724756607
33807,0.031708745595592225
33817,0.22971350251481118
33825,0.06915264540955408
33834,0.293926160387893
33838,0.09469623609619861
33839,0.46305949561831844
33843,0.05383997157559969
33844,0.09557603195535971
33851,0.6947072685947867
33853,0.18093929014431556
33855,0.1903298703514254
33861,0.07412822317437191
33863,0.057934868084978955
33866,0.0641228867003329
33867,0.18633940284127462
33873,0.13431005495887294
33875,0.19277009983480525
33877,0.2959844727334915
33878,0.011809798607648296
33880,0.036339882316877646
33882,0.35208662090775567
33889,0.129137169353669
33890,0.549269319471625
33896,0.13607273619050533
33901,0.21093271300566407
33903,0.04745782342387011
33911,0.0542679984500693
33914,0.4243359589023471
33923,0.20636156829308955
33924,0.06127553424848503
33927,0.5537064494826766
33940,0.21838400603631258
33944,0.5483525117802944
33946,0.30795525039239147
33947,0.3585339616206947
33949,0.17419412596891784
33958,0.15537793643975673
33960,0.7323923863687053
33961,0.1843386580651801
33970,0.17026618756199557
33971,0.07207365399236161
33973,0.7637171484391666
33978,0.42006351595820535
33981,0.13034247463186427
33991,0.07963310522968098
34003,0.24376070807462893
34006,0.032600722047875876
34008,0.0700331907813616
34015,0.09202292509164278
34017,0.056309320243401066
34018,0.1330140476864406
34021,0.10515476923021402
34027,0.0863406712858226
34029,0.012310595215555326
34031,0.14454725061650875
34032,0.1304730033040112
34033,0.18676805911759548
34035,0.1982436637155808
34036,0.053367102131535
34048,0.03559365644364489
34049,0.051854519302996026
34050,0.7185208201799923
34054,0.13576727285393103
34056,0.3203223899309573
34065,0.052609925152936776
34068,0.6382333596018637
34070,0.032621086004365335
34077,0.7049295292670369
34083,0.13503002597813882
34086,0.43319986740591615
34087,0.1726089598483038
34090,0.3305311829740834
34091,0.05743815085481348
34094,0.8112062216305622
34095,0.08956154543685448
34096,0.42365656407698027
34100,0.03741507088066061
34101,0.3933068627412789
34102,0.10905592093988631
34105,0.7718810991225435
34106,0.4886125975062253
34109,0.015012870568027472
34111,0.023048772521668558
34115,0.26886410483706286
34116,0.8803325913517774
34121,0.6838526933233695
34123,0.07114544276748365
34125,0.031592219708088544
34131,0.7209267977382589
34134,0.15400525644597823
34140,0.021501970110153493
34145,0.07346095081168583
34148,0.15051712034126002
34149,0.44689116432739256
34154,0.2970461345371894
34158,0.6215897016441941
34159,0.16826655142123628
34162,0.6954730272446022
34165,0.343753438045491
34166,0.12086423433194342
34167,0.13172558790388253
34170,0.592753527301329
34173,0.5867332763508007
34175,0.12550004422238042
34178,0.04476935193928013
34180,0.1685872587372387
34183,0.9333885945589971
34185,0.383010482180144
34187,0.016863129149293114
34189,0.21413758535287306
34190,0.08831090149665505
34200,0.8879787806559404
34203,0.08334356130884762
34205,0.225802832748636
34206,0.018468545213839865
34209,0.16332137749399084
34217,0.4218169489317435
34222,0.10337027540183587
34231,0.4751894122251819
34232,0.15488078470049593
34234,0.03544974177699895
34244,0.10642077028605143
34246,0.3366366354686172
34249,0.08908849105218307
34252,0.6419817806443069
34253,0.24884143171432627
34259,0.04877149900754667
34261,0.14314202917959798
34270,0.18900957513385125
34272,0.6202901355831243
34273,0.054238542112007335
34277,0.4838613481978702
34278,0.19341079661871977
34281,0.04484499653996991
34282,0.014282607252951213
34283,0.10783694481125707
34284,0.16571922333769742
34285,0.16680083189671976
34288,0.062083453838370085
34291,0.07524505955853442
34294,0.09697224538620763
34300,0.024255246168524557
34311,0.11501756688783676
34320,0.4763137909235411
34323,0.058733544600174034
34324,0.8410908149355119
34326,0.04159486247700942
34327,0.43103649262472316
34328,0.1795731313122767
34329,0.3730956008082534
34331,0.20216918783378407
34333,0.04673870341871625
34334,0.029926790986943754
34343,0.25440273590735674
34344,0.11815763814165116
34345,0.7684959596699654
34347,0.1837488463663952
34349,0.036576034489691704
34351,0.24116246299052468
34353,0.4883963879317474
34361,0.025050256341267688
34363,0.14696719457895557
34364,0.36439697185074
34370,0.2644308145359696
34376,0.0572159290306971
34377,0.06869816475772844
34378,0.04285851266197262
34379,0.05136095524721899
34383,0.7063756195697047
34386,0.0337778954333417
34389,0.2457602197159434
34390,0.40433844977622174
34391,0.3893956088893457
34392,0.0273062821334976
34393,0.08932247915366136
34398,0.1629150819002863
34405,0.1470413746350821
34411,0.010327154737738858
34419,0.2774997642681084
34420,0.10888066571167018
34421,0.5889432676536253
34424,0.3758437337376427
34429,0.26688179065089085
34430,0.4775862622293828
34436,0.1341718996434816
34437,0.3842633184475083
34440,0.10009598286534123
34442,0.086612032668638
34444,0.5852905239946098
34446,0.09815462590572654
34448,0.06790154224337615
34453,0.1242646335723152
34458,0.20966196041988355
34460,0.14234089913649325
34462,0.027173672966958787
34464,0.07172613439937042
34465,0.5383665955886598
34480,0.05181488641679025
34482,0.16624834395570912
34483,0.08388642281706128
34485,0.03312835955233115
34487,0.2576157252393612
34491,0.0741698088158802
34492,0.14068550623635476
34494,0.04968381338037885
34502,0.027992903545406633
34503,0.10931870732597557
34505,0.20620241843609985
34506,0.11935140848142026
34511,0.07601146460844448
34512,0.124257216505112
34513,0.08103593588997968
34516,0.05347154838426969
34524,0.040234312725176066
34530,0.011030953341983701
34532,0.05285476548501474
34535,0.06685452401771474
34538,0.3587730019040057
34542,0.06409854838888912
34543,0.8773603238404224
34544,0.08723141343407474
34545,0.12414127986749511
34546,0.2482914979568098
34548,0.2682026933131682
34553,0.15158994395611425
34554,0.2951575582359628
34556,0.16818976652195966
34562,0.13298823068860735
34567,0.3083359390441835
34570,0.28921462264584263
34571,0.31653556197908267
34574,0.09823758457824595
34577,0.39922949658079904
34579,0.3780205142866345
34590,0.04166364483927697
34596,0.12378719278288033
34597,0.03122993467514193
34605,0.6942406126225314
34614,0.04793822992271464
34615,0.12243320277217908
34616,0.1987696509982346
34617,0.1289192288792749
34618,0.5345229578563262
34620,0.335583691022042
34621,0.3205916959434293
34623,0.15627001031021318
34627,0.29106084849024577
34631,0.11693216075769125
34632,0.07064657063636978
34639,0.166937074333806
34640,0.35262402549403904
34642,0.21841547259703425
34648,0.01737405287560882
34651,0.18489238200354122
34652,0.05204207390173752
34655,0.35876349244970934
34659,0.07504591651620154
34660,0.17719878219121626
34661,0.04454814261968129
34663,0.043844044873092555
34668,0.10885243095525167
34673,0.019428819412811337
34674,0.07708856719573633
34676,0.1333242471536845
34679,0.593429482156886
34680,0.2932975571175952
34684,0.08436739358601583
34688,0.250042694041079
34694,0.008232563290545074
34695,0.036703909783359176
34700,0.18850757415476704
34702,0.14105492330754038
34706,0.12382758243609582
34708,0.18809552663729187
34710,0.10196344834792602
34713,0.3834388161816807
34716,0.1525042161843709
34718,0.07714951193635623
34719,0.7700099219672903
34720,0.2680853501320135
34724,0.3399452391087289
34729,0.1770612536338446
34735,0.08830731459816182
34736,0.8161174910544733
34740,0.18380323609417143
34747,0.10698055666513873
34754,0.15109096467718164
34755,0.15326962370242275
34756,0.05874098104248482
34757,0.8913820496945775
34761,0.03931780752482856
34764,0.10486831695385303
34767,0.014088329109357119
34772,0.02554904782842046
34773,0.1514299426499851
34774,0.22374203538893667
34783,0.31021714329275074
34787,0.11983774423726044
34788,0.01963040515251916
34797,0.023968109857829285
34798,0.15333781664584908
34810,0.5835723550817732
34814,0.23867821483588408
34822,0.14595705459077615
34830,0.4641896213085134
34832,0.2186583445963105
34833,0.1027068900574415
34835,0.03519436371290356
34840,0.05322025835452632
34845,0.17288664768491596
34852,0.10358356811374181
34853,0.02671451593371598
34854,0.4722874366873654
34857,0.6616136518713298
34862,0.19630581845752734
34868,0.018311126403299398
34869,0.3167955839257629
34881,0.026343524743967065
34889,0.03910655912017223
34891,0.023436872806709523
34895,0.0882358906958423
34897,0.12189014013015044
34901,0.42570607459068177
34902,0.020314266480008163
34903,0.2660615215304902
34904,0.23654974682258767
34905,0.09067012058698558
34906,0.8514711772729401
34909,0.15397276519554062
34912,0.06497097241653137
34914,0.33509163941531056
34915,0.10201226152979467
34921,0.02883334631757864
34923,0.15937833849071037
34924,0.1753686614040201
34927,0.6341580560343143
34928,0.04145367469536869
34942,0.21483596963392948
34947,0.06899917439708536
34948,0.35666773029475274
34950,0.034347147784101174
34951,0.0302853572045524
34953,0.2902996617274122
34955,0.2909470554044821
34958,0.2051151443953234
34963,0.04278421213254473
34969,0.09510295124571452
34970,0.905799651160752
34974,0.48972256410326237
34976,0.22238027787454606
34982,0.48168744539879504
34987,0.09189691223655647
34988,0.3522474335738356
34996,0.08359464964337954
34997,0.4953041554883222
34999,0.03818676383895357
35001,0.020064368540302177
35007,0.13721939650010856
35018,0.20288347969392115
35020,0.14430913817222266
35021,0.6320646735274686
35028,0.14972226994710844
35036,0.7540023389378963
35041,0.5503902448268215
35044,0.41089139633954574
35046,0.3792615060001958
35049,0.1467247355532731
35054,0.23925405788193485
35061,0.06946025492059495
35064,0.21000741700675393
35066,0.03569613835412059
35071,0.04750797901697933
35082,0.2877602989723653
35085,0.028701856907230237
35086,0.042578079657361725
35096,0.24064752827912048
35103,0.023365076892942333
35105,0.27720429732330115
35106,0.4134636136577845
35109,0.1257511234526853
35113,0.012065189939267449
35118,0.3148023975867599
35122,0.22437907515643551
35124,0.14484066147822985
35132,0.0722159580134562
35134,0.13798332072583055
35135,0.10697891971879973
35137,0.19915836074748466
35138,0.6484112455082509
35139,0.10245424622415827
35141,0.10590153514471298
35146,0.06594331155115582
35151,0.25407262668191105
35159,0.1811706251708776
35161,0.07459611452129598
35174,0.15121973666567998
35178,0.06683734433485533
35179,0.19770032960888567
35182,0.0394780617141455
35184,0.21171961876787593
35185,0.17091196868448125
35187,0.18336855008942154
35192,0.036619406085203435
35194,0.1140109947755385
35196,0.03032929326270993
35199,0.011254395388499332
35200,0.5863796348767598
35201,0.03254897639994028
35204,0.08018312397069288
35208,0.2864812604778836
35209,0.10380147354999501
35212,0.12519324217244726
35214,0.03273101369158454
35216,0.5221271363028432
35224,0.04261857991493695
35227,0.029970388927837665
35229,0.10455461037676618
35230,0.7056728599097913
35234,0.30743546284321444
35235,0.7817885518813354
35236,0.13453038881048435
35238,0.10533147804186845
35241,0.17430849733652218
35245,0.25179205086964845
35254,0.07256499201127875
35255,0.05315715218088102
35257,0.17046800481554378
35258,0.030281564827114745
35259,0.5216881393115551
35262,0.5612374357321885
35263,0.0981025438709676
35265,0.46772265978933075
35266,0.32298591791237335
35268,0.35955286927430863
35269,0.16170930858667157
35273,0.505463953951919
35287,0.028931933340427526
35291,0.3001040054958739
35301,0.10774711150258916
35305,0.07764009244241869
35308,0.33226196353783116
35311,0.045002218932588975
35313,0.2657283670987445
35320,0.7932842911124768
35321,0.07514691160669264
35326,0.10380988374825648
35328,0.1967336248011239
35334,0.06085094847886839
35336,0.45608593845542755
35337,0.08602110023065519
35343,0.048240385855084146
35348,0.13261489948485278
35349,0.3670644678877283
35354,0.8914280044052741
35358,0.07076267836565645
35359,0.28424148843172786
35364,0.27600093277100923
35367,0.13206222747738258
35370,0.07396353224351265
35375,0.0995302313222749
35377,0.1549631800530801
35379,0.5237548536517326
35380,0.3081352683515639
35390,0.6182944192170491
35391,0.0753293713946153
35395,0.10052169586735751
35397,0.06414969631691161
35398,0.07633053537609734
35400,0.45179394230050346
35402,0.2924915466182663
35404,0.36705208452494875
35408,0.2790401601714752
35409,0.12064663166479146
35412,0.15448459200944611
35414,0.24788534665024725
35418,0.04447590953438985
35421,0.028318122754074106
35423,0.2496137231228195
35424,0.11201244543352815
35426,0.07856785866487745
35427,0.07004023510207759
35428,0.6874991548118771
35429,0.14533160728081823
35433,0.016635817707406183
35435,0.06987665703372055
35442,0.03489801776530694
35443,0.13609136558283846
35444,0.1294818782026661
35447,0.6162026782264791
35450,0.7485553816619752
35453,0.04324007426791696
35455,0.03672753164479311
35456,0.037034553686353916
35458,0.037808967653533566
35459,0.0269963523576659
35463,0.06521033269163296
35470,0.20701489674327786
35473,0.12422601052335021
35474,0.05194343762646356
35480,0.029573206123099334
35489,0.02683526967566427
35499,0.11038045725447056
35502,0.5066278310903872
35505,0.08056609229820676
35513,0.03880757170147983
35516,0.04546676212598388
35519,0.04664633175326606
35520,0.16379030950520979
35523,0.10763940765175098
35525,0.020080374157217626
35527,0.08876090041165995
35528,0.7623094467579845
35529,0.16148874903777027
35531,0.19723263240984162
35533,0.853026957395029
35534,0.15148563514957553
35541,0.014791926287634198
35545,0.19313024529214426
35548,0.5756429880097041
35550,0.02671444288660518
35554,0.46338712867734905
35557,0.012950101217594602
35564,0.40543720538348127
35565,0.16801198571346476
35566,0.06560683509385586
35571,0.26551079521058385
35576,0.012896055382549478
35579,0.8253109029993826
35581,0.06220896012772248
35582,0.008644269942335095
35587,0.5894518014565658
35589,0.014886876528365602
35591,0.17218158378535497
35593,0.3185130575741968
35594,0.16890465427968443
35601,0.07414849782767018
35603,0.1901739980161043
35605,0.27382634524603383
35606,0.021036349137327586
35607,0.2187965906855419
35611,0.058774328248812444
35615,0.16146153293094687
35625,0.029889077163368492
35628,0.30309073495891314
35631,0.2185091424719712
35638,0.6371863965201244
35639,0.0563134500575631
35640,0.04598353011193624
35658,0.05381377375683053
35661,0.4623218094895339
35662,0.22776272729552285
35664,0.056238961973755816
35666,0.11628749553928219
35673,0.3998498920953931
35677,0.054546732944072265
35679,0.910194715632954
35681,0.36213420107078853
35682,0.43408556894591394
35687,0.044960324836420346
35689,0.2059333868184291
35691,0.08294418696602668
35697,0.05866273203297829
35701,0.17449142845489093
35704,0.12784092476744266
35710,0.05336919206061989
35711,0.0900108484037482
35713,0.4932693150019876
35714,0.02304811952588302
35715,0.1852461396176254
35716,0.6517690488022626
35718,0.7042925643862762
35721,0.013990776404294875
35722,0.14045837224217037
35724,0.3727366945402767
35725,0.591485063840966
35728,0.09253808477200687
35731,0.06274079443690371
35747,0.7035691692865738
35751,0.012771696014456064
35754,0.12450472745799149
35757,0.41005879601907436
35759,0.172873129376278
35763,0.02269133926686392
35765,0.03681764286738584
35769,0.12286992215138944
35775,0.030854168453662133
35781,0.03168203353251976
35782,0.19708918332093595
35784,0.023195155915604275
35785,0.405746349170744
35786,0.047267378549335756
35787,0.23920630140910573
35788,0.18564234689484627
35790,0.25181847579562383
35795,0.15447013393647152
35800,0.022012023693395315
35805,0.1442747709027914
35806,0.07751183353406728
35811,0.06303707127449353
35812,0.05389156546238548
35816,0.49306738660725463
35819,0.38080117999386914
35825,0.3002320820921868
35826,0.12103095948081931
35827,0.12413393702658514
35829,0.05910055737065827
35834,0.03548623550096015
35835,0.14532269048274216
35844,0.023809168277197194
35846,0.02879404194423262
35847,0.4940056107419395
35852,0.28088766945076665
35854,0.15972949317792698
35865,0.052202095833766636
35866,0.7926799941968478
35876,0.3319716971593097
35885,0.04437527125310626
35892,0.1275600431425679
35893,0.2703396519691826
35896,0.1997606319127005
35897,0.05548692389741284
35898,0.1698096793608985
35901,0.051092438443127525
35902,0.028679863921916023
35907,0.6258453476587889
35913,0.04044595522671018
35918,0.1326987974328905
35919,0.10100117207968498
35927,0.417290441648358
35935,0.060522560272646436
35936,0.1767463335839984
35938,0.02038730978236809
35939,0.5508647146757044
35948,0.078346690372789
35949,0.0731038026735411
35952,0.05456853744640607
35963,0.044173737092664825
35964,0.524345665279352
35966,0.08551187297631638
35970,0.4505862768263872
35973,0.619195183905926
35975,0.13958799190186477
35978,0.20433981397054976
35979,0.3844987813409789
35983,0.0374820996608006
35984,0.16619328329643424
35985,0.7042767881460336
35987,0.18294559946530886
35988,0.06471332316518788
35990,0.11759940343657303
35991,0.3973371300505266
35992,0.037131200998226636
35993,0.6978239436620741
35995,0.3940553578506485
36001,0.20503313945914292
36002,0.2429331665939653
36003,0.07728770744516687
36008,0.07956338404422209
36009,0.3973018945974835
36010,0.09783066468491818
36011,0.051133873388742306
36014,0.1537362820968879
36018,0.01611858741562733
36021,0.18579557836579041
36022,0.05996164488504605
36026,0.30428366017547437
36033,0.07123758525869255
36044,0.9277365425164694
36045,0.13017903102548267
36047,0.44861573023935075
36048,0.22926291082358402
36050,0.019148325616151214
36056,0.7706125718671016
36057,0.020830071554319343
36060,0.7491115537365327
36062,0.37285257405486183
36065,0.09208618986224609
36074,0.1310540602094276
36076,0.02781134384075635
36077,0.5426729970423738
36081,0.1554743234294009
36083,0.10186637191244699
36085,0.7563631740086065
36090,0.026545079517713187
36092,0.2884759851943205
36093,0.051178966586682896
36096,0.07354535773142569
36097,0.02429209726546218
36106,0.09998240785306207
36112,0.19108851682245348
36113,0.2846449481968208
36114,0.1604992367695865
36119,0.10916957106269067
36126,0.10831950726179329
36129,0.13864113544701345
36131,0.10918688300454886
36143,0.18022333135054205
36144,0.3598323822095065
36146,0.044650934941333924
36150,0.11477840061490066
36153,0.20661560077219746
36156,0.9349682468261062
36165,0.1823218312061043
36167,0.09037372255092754
36169,0.009288972543788057
36171,0.08488845655393351
36178,0.18362026606260431
36180,0.5063665482900503
36181,0.3749364340665662
36182,0.6335863986933832
36188,0.12408532866869221
36192,0.19622064135969985
36197,0.04958951467284506
36198,0.5718248839568548
36201,0.25898476589408514
36203,0.49410688597802493
36204,0.42669892456573566
36210,0.11899884495971289
36215,0.39884614164231635
36219,0.14671556466483449
36221,0.21051084886147772
36228,0.05670959978426203
36231,0.21044689448520065
36242,0.05642363625331987
36243,0.2807506651619116
36245,0.8083395085516214
36248,0.34824444233357266
36250,0.008312546032293706
36255,0.4232772891094148
36257,0.1107572330937649
36258,0.7616334302877299
36260,0.0521178853772494
36261,0.022812475305145383
36266,0.1987606856019127
36267,0.5602055662532373
36275,0.48055094693843636
36276,0.26554826023526373
36281,0.2045289087701799
36284,0.1467975631253537
36288,0.24067526458210464
36290,0.6505109301008939
36291,0.38314195875806356
36295,0.05764931265281651
36296,0.14422276739122922
36304,0.1543236185638329
36306,0.27863937861257254
36310,0.19610494510429843
36318,0.5072018382182836
36323,0.5394231977065848
36325,0.07710601118605998
36326,0.03097739944476241
36329,0.39935511582898403
36330,0.36948563235717424
36336,0.03780700308676781
36343,0.2389322332444741
36347,0.26351917966637256
36348,0.20108115363361048
36353,0.581582832818559
36355,0.3777558756267352
36357,0.14548758082941643
36361,0.14139468849083378
36364,0.08449719797792216
36366,0.07960130893894167
36369,0.4608853245134684
36370,0.14040866878920627
36374,0.07753977827106005
36378,0.03351054604019219
36379,0.14008861683637105
36382,0.24372727241589703
36383,0.02336709043121688
36384,0.08917201032806832
36390,0.026534758697665178
36393,0.048526191462932106
36399,0.1360595701353761
36401,0.6076126588549887
36403,0.021018690049899966
36406,0.645202491294143
36407,0.5264305062547331
36408,0.0573618768472665
36410,0.6538966139449975
36413,0.06598084145351028
36415,0.09482656405762946
36416,0.44777032706454745
36418,0.6464824082676252
36428,0.18310063257699494
36431,0.019499326239525445
36432,0.352474290596449
36433,0.030595647916270185
36434,0.03578434422603107
36440,0.4492711897056072
36441,0.11070487609581305
36442,0.01860041747275414
36443,0.1389913661750206
36446,0.7004319393705197
36447,0.1116222596695296
36453,0.09673950962403037
36454,0.28794123478433736
36456,0.12984460875713394
36457,0.18557303755964327
36459,0.08060554192581242
36460,0.0931629334776452
36461,0.18766847444083062
36463,0.2622441012562668
36466,0.2158055139697473
36472,0.20762641158545042
36474,0.17107739198764307
36480,0.031808550362293804
36490,0.09026831271353503
36491,0.17346247540663323
36502,0.12826118264213776
36503,0.04461642070465127
36506,0.018972222308216217
36507,0.3514303842473198
36509,0.09635531680708793
36511,0.54023226451797
36513,0.3111189951727923
36514,0.518140430481734
36516,0.38771024089737377
36517,0.851227929642555
36518,0.08952369657832344
36519,0.05954605337096283
36524,0.1075093054212248
36526,0.17609602204481914
36537,0.04329526441370047
36539,0.041090824231911224
36540,0.755471783621786
36551,0.1973130358284572
36554,0.2510818951834933
36557,0.022115672583813216
36559,0.07502788335999301
36563,0.04790425885880902
36565,0.046622068874566776
36566,0.0405985542276631
36568,0.09552531985894278
36574,0.10888795220989682
36576,0.11333743614825417
36577,0.29625753966696144
36579,0.020571881542937365
36582,0.09960709226102514
36583,0.08798510473427815
36584,0.02810296387160279
36593,0.8168923010869281
36594,0.13069762069370602
36598,0.0631778618001586
36602,0.33984891267755
36604,0.2941067782328961
36606,0.15265197203693845
36609,0.21863001272053284
36610,0.25580292816774153
36619,0.8440623548208414
36620,0.06745624861739205
36621,0.11173573071260735
36624,0.020325486664723922
36626,0.24381807660508809
36633,0.3907280211653144
36635,0.19440814275522014
36637,0.2863789996535429
36639,0.03099305845381834
36642,0.041829614162252775
36643,0.5214334634842327
36645,0.037765852579758286
36646,0.12559219976454378
36648,0.018100053155112716
36651,0.0622449128906647
36652,0.0224435363448117
36656,0.5300393218083622
36663,0.6509463627958312
36664,0.060856366537324076
36665,0.3300934243129033
36666,0.23345186861237477
36670,0.09273239745718133
36671,0.09497974851389412
36672,0.27558512671488816
36673,0.5014207156310616
36678,0.8512715091427479
36680,0.09543065148376068
36681,0.1117580421092706
36684,0.06852179807939061
36685,0.06500248043954676
36687,0.09912794729580099
36691,0.06329590362507126
36693,0.03741500290490379
36694,0.15319518787920758
36696,0.027952615746984728
36698,0.04633314360001018
36706,0.08481496923886886
36711,0.04904987613740051
36715,0.011404579599433001
36722,0.14631676859509915
36730,0.8686233633210836
36735,0.09076232808108038
36747,0.14399167369374055
36755,0.13182208450374572
36760,0.3019437195851842
36766,0.4281416571804171
36767,0.22258518888064846
36771,0.029245796392672326
36774,0.07033433927775176
36778,0.04926225876655434
36780,0.12730363391897687
36782,0.03018357403540712
36788,0.22000705829253114
36806,0.15912224810678469
36810,0.0687633203244162
36811,0.027664738252365765
36820,0.19110698625689118
36822,0.05942444547387564
36827,0.04418805534369348
36828,0.05187766202575772
36829,0.47452651017919506
36830,0.04079166768442985
36831,0.025319475763576967
36835,0.09372320053659262
36837,0.38981224187028
36839,0.18080474066469837
36840,0.12818565618309224
36842,0.12269797049051662
36843,0.910266316083739
36858,0.009119679210843593
36860,0.06385435444465208
36862,0.02834976964704968
36866,0.08851710479377967
36867,0.031935563144728674
36869,0.019726116917154906
36870,0.2736880475371241
36871,0.6718782141666124
36876,0.03695983277038369
36880,0.13849690408634455
36882,0.1462621724389701
36883,0.126475289376253
36885,0.15782933722607376
36892,0.439131796040141
36897,0.446642342659193
36901,0.2686410548340699
36902,0.041165062058255236
36903,0.167878755988514
36906,0.2695434810870347
36908,0.05086054211452854
36913,0.02518606859419129
36915,0.09283866780263125
36917,0.01717189338070964
36919,0.03810515524206497
36927,0.10471579454230019
36931,0.09893045040600448
36934,0.11360998927813666
36937,0.022236616886307556
36938,0.33419747555787865
36939,0.0666777579203525
36945,0.028147811910625563
36946,0.19038877006906418
36947,0.044722245354373726
36950,0.6295847997837778
36953,0.33495252070956794
36964,0.2349192171880518
36966,0.07140103157294717
36970,0.053930179567853634
36972,0.215649657634278
36973,0.21472829486158604
36975,0.18258108741417245
36978,0.032591674429854604
36986,0.08153590435076688
36988,0.4776570770179114
36993,0.45303945523305866
36996,0.021489713458091145
36999,0.4985244781385631
37002,0.698918680315912
37003,0.08737098471745554
37006,0.01648630902359559
37009,0.04003185859710349
37011,0.49692558868285536
37018,0.06076088142200061
37024,0.4938633093193695
37027,0.2574871200294436
37035,0.011274878393622305
37036,0.029824150047519253
37040,0.07646688876830789
37046,0.20747840841568851
37050,0.011230857018378905
37059,0.015795335279774718
37060,0.09696659935268974
37061,0.9249380611301327
37063,0.051299069843813556
37064,0.013396736921616295
37069,0.05162568418933555
37074,0.03649619279990155
37076,0.11531644652727946
37081,0.03967507845404292
37083,0.09230464771273755
37086,0.20209700302769662
37092,0.10362366029206743
37094,0.017975071828631613
37095,0.18627273229837743
37104,0.5057293967956195
37106,0.16608794825318388
37107,0.1726129527149816
37115,0.015387641556389234
37119,0.01223371052486609
37120,0.3704256360619082
37122,0.1258326120896869
37126,0.10571398188969261
37131,0.16358959240754894
37136,0.6781864139673077
37137,0.04898325202331008
37138,0.6133444639676873
37139,0.09737266885194895
37140,0.25267085623076196
37144,0.08156382122416135
37145,0.048420644078050225
37149,0.6141961980030769
37150,0.7310526007929969
37154,0.04009749463980388
37158,0.3521035725752331
37159,0.2016087494068494
37162,0.0698772166171199
37165,0.09736263507014761
37166,0.15048360090195756
37174,0.2434267416445732
37175,0.10280663475622043
37180,0.05343288968876297
37182,0.2646653600685534
37184,0.16277348669449013
37185,0.13933064823044025
37189,0.15397131883468393
37194,0.05119398196641478
37195,0.4396152066802935
37197,0.5203210263972943
37198,0.4568572642105987
37203,0.26280126969775586
37204,0.486436229218219
37207,0.552036523971587
37208,0.31820764527551426
37211,0.38211541711848573
37222,0.49134612026938274
37225,0.0429486360489159
37226,0.06553691608323556
37228,0.1094468511334289
37230,0.060513987263534984
37232,0.17397226753560568
37234,0.06843299719756861
37235,0.18296406528955442
37236,0.3804914785056979
37237,0.02231231468106976
37239,0.21190556876241654
37246,0.032863477612534935
37259,0.3325491935000726
37263,0.36490274737439493
37264,0.32439727883937103
37269,0.11718194639632465
37271,0.01755078684874489
37273,0.8553025008211905
37274,0.024177251879064467
37275,0.07741043450784632
37277,0.060358346445355836
37279,0.06962636703704664
37287,0.2280563860629994
37288,0.08729025848557911
37289,0.11567770470042187
37291,0.13731970479369565
37293,0.5217290148447127
37297,0.10827228262695585
37298,0.02518648933800367
37303,0.006123643145785559
37307,0.3949564362964773
37309,0.22714967083450557
37310,0.28458041617353785
37319,0.29693221674488346
37320,0.7500434458169623
37321,0.7987030771703421
37322,0.25440156415400383
37326,0.1566975277404038
37327,0.01891882451100941
37334,0.7926768470724176
37335,0.08683583304481869
37338,0.24178997754639284
37340,0.14718940580308176
37345,0.2869877628363481
37348,0.09490232345176386
37351,0.06904882151531265
37355,0.49545124606195073
37357,0.36555354372840704
37358,0.4822919725165564
37369,0.6789823953225763
37375,0.03591682790843498
37376,0.25270365472356165
37377,0.1051277489353226
37378,0.33499279473275534
37381,0.46500003807853685
37385,0.48730721470913885
37387,0.041386281608796385
37390,0.3247160976784244
37391,0.039661752773054955
37396,0.1706327816932374
37397,0.6042366658586055
37407,0.4703952837457425
37408,0.020172394755776424
37409,0.34049853480612774
37412,0.02208269872567136
37414,0.03498483211279321
37415,0.2704726555388163
37419,0.07281723623234683
37421,0.027967284088444427
37422,0.4002161121867415
37423,0.14593936474699326
37429,0.04718977181285902
37432,0.1735839526265192
37433,0.33167157574517814
37436,0.11101844344415228
37446,0.41463114294333403
37448,0.24803930464299864
37450,0.37654821171389335
37454,0.06483563156703567
37461,0.17004536236685258
37462,0.07567847803471801
37463,0.6093859012617574
37465,0.1853047301564981
37471,0.1761468940321006
37487,0.23787228013912814
37488,0.3713347965222358
37494,0.3106558372090693
37499,0.1785345049861805
37505,0.3201868487660401
37509,0.47853673550260717
37511,0.4177786834627386
37520,0.08500656262838342
37523,0.22320993165946712
37524,0.5514204287265632
37533,0.21933089608698023
37552,0.4981686273870122
37555,0.042125026394551845
37566,0.8123171663175414
37568,0.5716018227939411
37569,0.8731637734869109
37570,0.5262111755540541
37575,0.15147752872967019
37579,0.14757196735915215
37584,0.027010900457513504
37585,0.7737456797677366
37586,0.8238573302363035
37591,0.1434510893210609
37594,0.04146405884052633
37596,0.4574027563938678
37602,0.11856439431451725
37611,0.34692006514207796
37617,0.3612313961401951
37619,0.07756821444107903
37620,0.28004227341675525
37621,0.03541548971504063
37623,0.1025525635080887
37631,0.05909757731788299
37634,0.020417992296388826
37637,0.34646066424724475
37638,0.21427898447569332
37639,0.3607511141691027
37642,0.07869841538465662
37648,0.7510794305106463
37651,0.5340864857635321
37655,0.05833015996321455
37660,0.05976627829606204
37661,0.09406330293686944
37662,0.1344534107986305
37667,0.02287293063928743
37670,0.04265185450645421
37674,0.1673338179904659
37676,0.8747314093881952
37677,0.2894963131896566
37679,0.08992548621263766
37681,0.21710141849282535
37683,0.07675281372382375
37684,0.22689116999300998
37686,0.1635131387070744
37690,0.018984187031155612
37694,0.030703618819531275
37699,0.3751572626792825
37702,0.0641585775799303
37704,0.2887372460265691
37713,0.08042131254000524
37718,0.009672339483678046
37719,0.11222536134536945
37721,0.20963087197040559
37726,0.3744168409511073
37728,0.05852941054898674
37738,0.03088751800056695
37739,0.598808363981534
37740,0.024507267952677412
37742,0.3695736364153071
37745,0.31465674762366036
37746,0.3060363714896989
37749,0.08256544858796584
37754,0.07770177351275286
37756,0.029117017234456127
37765,0.01364098093295212
37768,0.02410393841567802
37769,0.19196045742984216
37770,0.02944482076897511
37772,0.2587771639801404
37775,0.2896572853747995
37778,0.7471335333416312
37784,0.11218949684530123
37786,0.03330921607955394
37787,0.1761524868958991
37788,0.6559898566766836
37793,0.03463191129897037
37794,0.06950980240509486
37802,0.05159796603416255
37804,0.03845070176693958
37806,0.04384776246351172
37808,0.17880151918678658
37816,0.03186697488215118
37820,0.024405727253733897
37821,0.2770417778737821
37822,0.21436477034525406
37825,0.32589430638692896
37827,0.3136255268425757
37830,0.04154947921347891
37835,0.10990277448904813
37837,0.026322115706739316
37839,0.0752226204310003
37841,0.03654476135233828
37847,0.9249982401743679
37848,0.19902754910529646
37849,0.0695872193894017
37853,0.38653909362432387
37854,0.06519702173382055
37856,0.5295989622462608
37860,0.26948762749131194
37863,0.017719957809000084
37869,0.3397461660969185
37875,0.35395623971656154
37877,0.12360689751212442
37879,0.022334580927345495
37881,0.5108406716356642
37884,0.08971940355999838
37885,0.2287881289260517
37891,0.08708129445714721
37892,0.5626985318838195
37894,0.2565430277819642
37905,0.0991992544602478
37907,0.1380374895271495
37908,0.10306435314109517
37911,0.24501711530598225
37915,0.09768221992461917
37917,0.1806961801706162
37929,0.08538683402272554
37938,0.47045687766766886
37940,0.037469851123610086
37944,0.04824388798578047
37946,0.23651972856141112
37952,0.07907849271532504
37959,0.052519206030117976
37960,0.8427473542769075
37965,0.15035777372690556
37969,0.5587337363852676
37979,0.012451449136671289
37983,0.06290594106866504
37988,0.17798243281855045
37990,0.0761541416057044
37991,0.6266943683832077
37992,0.07443961887973598
37996,0.04554758864987302
37997,0.11437107379743029
38005,0.07047824276401288
38008,0.12862549469406695
38014,0.09452681651421083
38022,0.09175894241519138
38023,0.03633549474012417
38024,0.3836569088300907
38032,0.06009799281940292
38033,0.12903616643869736
38036,0.16002662586519117
38038,0.45353586973221993
38043,0.029087680430473054
38047,0.2787920098188218
38049,0.0887851518465906
38051,0.8219252066949689
38054,0.8204341041987822
38058,0.14587965413066972
38061,0.05594831735299659
38063,0.02258599225713739
38067,0.07713218843969774
38071,0.19043244289823652
38072,0.13380810471062532
38073,0.28143144380483087
38074,0.3663810779974161
38077,0.1799271688505915
38088,0.13831793304057094
38091,0.05873413709045803
38095,0.8598785378177681
38097,0.34865769032444976
38100,0.0755440407128146
38101,0.12674141587103388
38111,0.059680631081784334
38112,0.6338166118995539
38116,0.018953322582830272
38120,0.9122396291488849
38122,0.21036942746260334
38125,0.016718427089025736
38126,0.5735550074632072
38129,0.8837431207160061
38132,0.29964905806906295
38140,0.39536238010265423
38141,0.3630761959398447
38143,0.38464546253306486
38145,0.4557869260887532
38146,0.030080644676125087
38151,0.10883252364997702
38152,0.2294110239702514
38153,0.2113803477404812
38158,0.02514794123645796
38160,0.5674084548464791
38162,0.26223421296471955
38164,0.4542340807120182
38165,0.30446143910263246
38167,0.047449171464396624
38168,0.2905210244968435
38169,0.18402016606930327
38171,0.07893221042249088
38173,0.03562083094338247
38174,0.049823065500931116
38176,0.07634045051937463
38178,0.05476980130892039
38181,0.17120595129647473
38189,0.14713208613706405
38192,0.09350803280946177
38194,0.027494205319873292
38195,0.9410355762427719
38197,0.06981124032841288
38198,0.04719745642010938
38201,0.1027595887608631
38205,0.056058084221664715
38208,0.2403261171279306
38211,0.15036132173147457
38214,0.07113691350848722
38215,0.15759927873637594
38219,0.44056636960850737
38220,0.2343824769987657
38224,0.21417077632879186
38228,0.18417297985307615
38232,0.028426196434983397
38234,0.026716554802537023
38238,0.30460403636964767
38249,0.3530330543272641
38250,0.21422895635617517
38252,0.028308439144335125
38253,0.27151111332133754
38255,0.08767414280659175
38263,0.3537563554525595
38268,0.04687105496171659
38281,0.05744671691309434
38287,0.09839707495905199
38288,0.023194595083798203
38290,0.03206936239469178
38291,0.02331123079004096
38300,0.5216225991350774
38306,0.19436747440362814
38307,0.17333105458687842
38310,0.19089855342488357
38311,0.01439506811574185
38315,0.08406609091528376
38321,0.4142003398792041
38322,0.015748299988455602
38328,0.14186322490881614
38333,0.27589118668433776
38342,0.3015876912392041
38346,0.0483869553023285
38347,0.20482012562621446
38349,0.02213460898382639
38350,0.11980827480340803
38354,0.22250217248219756
38359,0.14494120707203195
38360,0.20039710030713082
38362,0.053767405344816895
38364,0.2330107956317755
38378,0.23443801226360764
38381,0.11416235397195379
38384,0.20324473558294606
38390,0.7535379203048312
38395,0.07754806834713145
38398,0.09593156240267046
38401,0.19128951804801966
38408,0.05559638681059522
38413,0.3987215801996811
38415,0.04333383750488908
38416,0.29678495738688687
38418,0.11254071109039535
38423,0.026382988223433504
38432,0.1952928470225384
38433,0.4971474597856572
38436,0.3612900505548763
38438,0.26043610437098125
38441,0.34084478102491483
38442,0.11478552022269722
38447,0.05178352008386131
38451,0.3595851060103538
38454,0.5378690764354712
38460,0.037812749231757835
38461,0.013170023933870158
38462,0.08759566238309023
38464,0.052827727281574706
38474,0.29394730591918544
38476,0.040865414065526184
38482,0.23146516289418126
38485,0.4311795346567008
38493,0.04339802643703047
38494,0.03713722064036559
38498,0.5103499666613053
38500,0.34721744852363917
38503,0.1252063079991635
38510,0.13984432666624988
38513,0.03308459518372823
38517,0.13843036383707139
38518,0.021152151797703366
38523,0.2199086220760821
38524,0.100255616837142
38533,0.057181221694431975
38535,0.8523634884587585
38538,0.24006909805477042
38541,0.04836270866493818
38546,0.07115522716210217
38547,0.315815736360757
38548,0.07579086402904978
38549,0.23442489592071492
38555,0.047154197580943746
38559,0.6203943157782597
38560,0.06892180886743617
38565,0.12463071107021768
38566,0.03198600381611542
38570,0.05285071137806621
38571,0.1195734672471774
38572,0.18484466959630758
38573,0.373381944674887
38576,0.10228424076701227
38580,0.1895094701267371
38581,0.035494577496054246
38582,0.02228521657090788
38589,0.08576886228613514
38593,0.05519230945294583
38595,0.133218828703529
38596,0.6085644796760048
38605,0.1946666142037265
38608,0.020304835217363492
38609,0.03140657482738058
38613,0.03667455845828059
38615,0.0762069794900094
38618,0.016759553391968544
38620,0.08490004280335295
38624,0.2731665096785263
38627,0.1789870347893352
38633,0.16213557677127907
38637,0.02850261534812891
38638,0.15180518256234102
38639,0.6901571732899672
38640,0.381715367807845
38642,0.01697243974950659
38645,0.09673288800360215
38647,0.14996558982627112
38649,0.2738758418644602
38652,0.05014169090799584
38657,0.33325419737494294
38659,0.5007353688612642
38666,0.15823202228500624
38669,0.20085008748483638
38670,0.2412212401918456
38672,0.12516686451442813
38676,0.21592581308058814
38677,0.08794199357245364
38681,0.2735730096857655
38683,0.07826154591864423
38687,0.14701326550906407
38691,0.19867091479961538
38693,0.4596209057915732
38696,0.0345000689242711
38697,0.02553391010154873
38700,0.04549623505792724
38702,0.5770749014651461
38707,0.3634645772270698
38710,0.8547554649189589
38711,0.17336662372240808
38712,0.10665065380305407
38713,0.030900949148482095
38724,0.17068343030670435
38725,0.2572110081826381
38727,0.11975754726952954
38728,0.17939935432512827
38740,0.1270892860739638
38743,0.075880815043368
38746,0.07385417638956945
38749,0.1156144791034184
38754,0.07147644816515804
38756,0.059488539824989244
38763,0.10875991815638675
38764,0.015018422873739392
38765,0.16235750398060708
38766,0.35673926101193604
38767,0.07525538961680724
38768,0.17195601821920042
38770,0.12984003060169969
38772,0.23551489666855074
38779,0.04512080962296994
38789,0.04117555355613113
38792,0.18660269267976914
38794,0.05690249205182179
38796,0.14805636360076363
38797,0.23630473297277763
38799,0.44142219670933647
38805,0.11382348048748248
38809,0.6827416106417552
38812,0.27515950137980605
38813,0.957633358948296
38818,0.01168194156521165
38823,0.03632282023199652
38830,0.10480099757575671
38833,0.1683956532889784
38835,0.42173984829678646
38836,0.21445513176097755
38837,0.8207613845042449
38840,0.038018442182976675
38841,0.06689078988996236
38846,0.19961422682605617
38847,0.14975958649888732
38863,0.023047640581412315
38865,0.05813892174855074
38870,0.3118154097408177
38871,0.08915053267748371
38873,0.20613849001661014
38875,0.5448224808912672
38879,0.6340065593191168
38889,0.16679594321417182
38890,0.03658065721282513
38893,0.04769146784368035
38894,0.07300786713588196
38896,0.028394145676701777
38897,0.03459502448689296
38902,0.28232839255652165
38903,0.02847168466688007
38904,0.1423555652265576
38906,0.10754341070906877
38909,0.34922638139333734
38910,0.1296158834108121
38918,0.125371437150051
38919,0.37159475497805433
38922,0.039829259098375945
38925,0.06374981979833032
38928,0.156938336827661
38929,0.16894968316369424
38937,0.23877309737478514
38938,0.37346209664698743
38939,0.09427874228599033
38946,0.5915600209283207
38947,0.07927222787755087
38948,0.6535708196500969
38957,0.08197930485476741
38962,0.05364664080644199
38968,0.37715690920256345
38973,0.19807343494025462
38975,0.14521085248602736
38979,0.1584944729534183
38980,0.07753311719139805
38982,0.12554087396669522
38986,0.35427179563933214
38987,0.1228067396370659
38998,0.25086605997229433
39000,0.03998663586499755
39001,0.2023221417912853
39002,0.11627456263690725
39003,0.027539816394991215
39007,0.6236455677597458
39012,0.8311900963594617
39013,0.029353109593188632
39016,0.18373958755572942
39017,0.07836482693728061
39020,0.176848858141917
39023,0.5452502706554122
39024,0.06009899398411735
39027,0.045426850526819426
39030,0.09692378990864026
39032,0.2693433603239855
39034,0.012229661048658079
39036,0.20333060828529603
39038,0.0223131710734845
39041,0.026927094847494216
39042,0.10135856851029015
39043,0.14824080735707387
39044,0.11966383974748075
39055,0.29218089787308615
39058,0.47665861657004
39059,0.600725358527754
39061,0.013729416434253678
39064,0.26784981349284953
39065,0.2967992301981397
39069,0.016064896756044895
39071,0.11063344228596089
39073,0.4624661388356983
39079,0.24391488194685637
39084,0.06669866867243597
39094,0.018427344805231435
39095,0.035401991939223235
39100,0.0961334840598961
39102,0.12243209234131522
39103,0.16831457016543405
39108,0.07330358420547575
39112,0.5184705985752591
39116,0.13064327614881693
39120,0.07016995554802444
39122,0.08927170283803404
39126,0.7706882066134241
39127,0.34053244074259886
39130,0.2540020792924621
39133,0.049607633182297564
39134,0.597709020850701
39136,0.10745025309051738
39141,0.07777055272453567
39143,0.3527078049546809
39149,0.08293827710484139
39160,0.3418551956687467
39163,0.09632658443567195
39165,0.08625320876470739
39168,0.08317502570221694
39170,0.788314252816997
39175,0.2679540025694337
39182,0.024121036492926788
39187,0.38761281826459604
39189,0.051009149304504585
39190,0.06403004944074316
39195,0.08149380943857845
39196,0.048481025846519706
39197,0.05873920654111375
39198,0.009453235679033212
39199,0.0826287402478736
39201,0.37245757875360247
39203,0.11446003757933784
39220,0.11235808877400398
39222,0.20857259149132562
39223,0.3915376446836022
39227,0.3897758870165347
39233,0.09353197074791197
39234,0.3921380158468634
39235,0.11509467438828078
39237,0.40071154513013996
39239,0.26705195008084226
39242,0.12064959893301262
39243,0.3369518627268147
39245,0.07403724945744541
39250,0.04835615395721734
39251,0.7424197884773912
39256,0.044017431763131554
39261,0.15227789230130623
39262,0.417762394108484
39263,0.04789718595353947
39264,0.052449383515067415
39266,0.09090609292885074
39267,0.04149256364406419
39268,0.05204492055029635
39272,0.2977469734974529
39273,0.019524985830135032
39276,0.026959708090689243
39277,0.05584611772884337
39279,0.03282991054557498
39281,0.18824720115249743
39282,0.07573742246407555
39283,0.04073971997916433
39290,0.17544076667230799
39301,0.02071139801736935
39304,0.5935496764302299
39306,0.10341330587587769
39309,0.15791521587273225
39311,0.6838493857880367
39315,0.21288398184553933
39316,0.31671080376245975
39320,0.3724911182987185
39323,0.058940331425529985
39326,0.03020502293803805
39329,0.28198433573277204
39330,0.05875899317696157
39331,0.13686981555200753
39332,0.06894430158245869
39342,0.8902104947117969
39345,0.23991362979217595
39347,0.23748902070952752
39348,0.33229166571693936
39350,0.20190660869242769
39357,0.06208135269544152
39362,0.01627707712028208
39364,0.1558727539891788
39366,0.34739402438848727
39367,0.5059886537669618
39374,0.6757077708113518
39380,0.1621133016877881
39389,0.13848671509282223
39391,0.26124848604024553
39392,0.02679175322968012
39402,0.11174390225374417
39403,0.2202238365263094
39415,0.036016594238576775
39418,0.14579277632098836
39421,0.06003134708859424
39428,0.08403915127132452
39429,0.07175982430149766
39430,0.2235562774177212
39431,0.016214608774750464
39433,0.3435810406941329
39434,0.24757678446310336
39435,0.0848960064547819
39438,0.03909465062959879
39440,0.01989175279209414
39441,0.24363720974036226
39442,0.11987625509648188
39443,0.6924979219062865
39445,0.7306356503639473
39447,0.03414067918866802
39448,0.13601981192846974
39453,0.022648581750361014
39458,0.24926651683501883
39459,0.027718523697918915
39460,0.22793618565802243
39464,0.06255524330029612
39468,0.2172334732309942
39470,0.37083679501645217
39471,0.4050213814543586
39474,0.12014477590897957
39493,0.6682185877464236
39508,0.032655842817684896
39510,0.13001488469738312
39518,0.17617695808243983
39524,0.21027480296080056
39529,0.1357929588143062
39534,0.21861712437482594
39536,0.06196583404607509
39538,0.6306569223932398
39549,0.03380364609141891
39553,0.11592656386253758
39554,0.027787432035127946
39560,0.8646398471550915
39568,0.020586191311905637
39569,0.11445494849314881
39572,0.026605392922624677
39573,0.03049843809401476
39579,0.06658032457326378
39580,0.05936900137266355
39581,0.8589633084936853
39584,0.18608784317291854
39585,0.019968646630527675
39586,0.09085385294767179
39596,0.3442442403880934
39597,0.15997307895502685
39599,0.06942672560527867
39602,0.05230966315058638
39606,0.7046410464926784
39615,0.05117763506013816
39622,0.5131090665839094
39625,0.1435061554880244
39626,0.04568995972038471
39631,0.03304376456382377
39636,0.16416954798797823
39639,0.6789400886633117
39641,0.27129736449155756
39645,0.04470060149764827
39650,0.46231360207637073
39654,0.36067948279039125
39659,0.4541768593346364
39665,0.08097842377882533
39666,0.017871487232556056
39673,0.6771666402211063
39674,0.1805169075922462
39675,0.022532977837828688
39680,0.2290294040935218
39687,0.2843581937559346
39688,0.23910497415237494
39689,0.2946635077884473
39693,0.1525280806388843
39695,0.45007738718432555
39700,0.028611315223248696
39705,0.01929312731901771
39706,0.1129871748916678
39710,0.10645443033496997
39718,0.08500942325665277
39721,0.008659404813127124
39723,0.15694946290172085
39725,0.132524973688985
39733,0.7715333861692258
39734,0.022998118615802237
39737,0.7202403449628717
39739,0.4609799742867085
39740,0.09616452510464349
39742,0.11211703635749236
39743,0.4708152594823826
39750,0.07634313981057493
39751,0.30315694362123596
39754,0.021468460357733293
39755,0.13689042938848364
39757,0.05250105010830981
39762,0.3822371951623183
39767,0.19904172271406598
39769,0.6334079443573563
39773,0.3542742060798061
39776,0.21191341536850872
39778,0.05398616703669069
39781,0.13356720398666927
39782,0.011057512618961452
39788,0.6411438212568237
39789,0.7889991590554657
39795,0.14236202827635147
39796,0.3543335327729094
39803,0.09901244598103119
39809,0.07200795660060533
39813,0.024307083127789574
39815,0.2895489802068807
39816,0.0491603647355661
39820,0.020070977204713677
39822,0.1108679222514907
39825,0.2175663965381191
39827,0.1584456209298692
39828,0.09397148652127256
39829,0.10165577398087118
39836,0.017307464562064823
39839,0.2463762123605126
39843,0.11507757734742724
39846,0.029647913125560206
39851,0.060955064556491224
39857,0.39786777090843695
39859,0.39931290020965576
39871,0.044785118484812904
39873,0.7653337351851031
39878,0.0815053582353934
39880,0.021172829878914615
39884,0.016618481179773503
39888,0.061562920804738505
39900,0.26465570081395134
39908,0.3434928738909824
39909,0.013980957036952641
39916,0.03948285120531242
39917,0.13041095611368023
39921,0.03997116525379493
39925,0.27574477751028625
39927,0.36610928671834164
39934,0.12505593595728015
39940,0.09561998349231687
39948,0.27930342445827777
39949,0.018917830097814583
39953,0.04200806512309038
39957,0.048157003182339
39962,0.2346765353151212
39979,0.2112389157501623
39988,0.12070543133959626
39990,0.10401592561964816
39992,0.08423601289547157
39993,0.6244626705830115
39994,0.03234745594588832
40000,0.07134605121830967
40002,0.07156833601843655
40003,0.14986119394991176
40014,0.09915064135649926
40018,0.04233392997738051
40021,0.13366757018728348
40024,0.0882068671643201
40025,0.17754003720384628
40029,0.9271962175016881
40036,0.01719405767312587
40039,0.026164638772442215
40041,0.0759833232449329
40042,0.11939527865200608
40050,0.14619508737980333
40053,0.03145328023698901
40056,0.01710646035173235
40059,0.019313580009899762
40061,0.060582858712095344
40062,0.03341123954559977
40073,0.007327023154077583
40074,0.15891827020767868
40082,0.07020277273848131
40094,0.0927518790561319
40095,0.01519024375879603
40097,0.056855679741206956
40100,0.012538273357080727
40105,0.172270081994372
40119,0.07746573619071735
40124,0.6472271393396537
40127,0.04058798871603601
40129,0.043583534725847604
40130,0.059556226771196874
40132,0.0652033614450516
40138,0.026376410196316123
40141,0.15241158617938083
40143,0.0649358848569678
40146,0.05411331328850542
40148,0.0249206960145666
40149,0.33236080890961284
40150,0.5591719030133567
40152,0.7461437704558972
40162,0.06402572851404727
40163,0.035071408507738065
40169,0.04263002123555886
40170,0.12422442143959359
40175,0.3505054762258623
40176,0.14550046461939684
40177,0.01906209592740685
40179,0.1859430457169198
40180,0.026661166831293676
40183,0.36824373482164724
40188,0.13781067923053517
40192,0.06975263521749188
40194,0.06098791939020993
40197,0.5457587736883813
40199,0.11442826337715009
40200,0.7544790947721935
40206,0.41430535084365344
40207,0.24830876692441342
40211,0.014926493914447229
40213,0.01748521454771397
40216,0.6773965943793311
40219,0.08615924761647707
40222,0.2964034873810717
40223,0.3478556874171426
40229,0.17219442177322677
40230,0.30251114085262265
40238,0.45843195220418603
40243,0.08394552448706175
40251,0.12237384101840768
40262,0.020312601643260136
40270,0.17591443113352623
40275,0.17044007025129898
40277,0.23348253903179833
40279,0.13210947041122587
40287,0.02428999749077161
40303,0.6425316274506133
40304,0.8078213022383991
40305,0.05027475262772788
40307,0.8838797617400556
40316,0.34981857350307016
40318,0.3769676500705839
40320,0.032873309608768324
40322,0.04646374549683388
40323,0.04524306839562036
40329,0.5246577799990895
40331,0.14407112453662588
40332,0.10117394062214721
40333,0.09904902233217325
40335,0.5758740239365104
40337,0.109816322042862
40340,0.026591921040542893
40343,0.014694300832055253
40344,0.31149966484198727
40345,0.02991267235230282
40348,0.011729056956298643
40349,0.0404748985636061
40358,0.14933029168479497
40360,0.12842146241849373
40361,0.022862892659804967
40362,0.12670642483243946
40363,0.06997358031148306
40367,0.056086804884971385
40368,0.14782062474654586
40375,0.13072834071940784
40384,0.8963968823031472
40386,0.28193997329755105
40392,0.026785600626546616
40399,0.13159921110397865
40400,0.06021157654976898
40402,0.17320723796896956
40407,0.7002778427765808
40410,0.03293716271241075
40411,0.030159131514620255
40412,0.02997060553278557
40416,0.24449162384666048
40417,0.09102938814106065
40418,0.030719251196076755
40419,0.3204773718222503
40420,0.07353766256191482
40427,0.4752433334685806
40431,0.7874252817759863
40434,0.06286977232911192
40436,0.3288750610081866
40441,0.07877556495260851
40444,0.16940336488899746
40445,0.030070266525927102
40447,0.5922591461940226
40449,0.3751396681695205
40453,0.4132196801343016
40456,0.033028639505953736
40460,0.3769742928252863
40462,0.04630060718617713
40464,0.030081800835428954
40465,0.4629642628481173
40468,0.4301191968223442
40474,0.30236099429867014
40475,0.2239091113035427
40481,0.20299827442744806
40490,0.04157544600538379
40492,0.10682516567638535
40494,0.040820444098391584
40503,0.11133352431085707
40505,0.011306829689094584
40507,0.136438277027315
40510,0.0898839079419768
40513,0.007487807822827917
40517,0.02188549972006551
40519,0.0845021611174197
40525,0.05914767821008283
40533,0.19683776532199168
40534,0.059401387002195216
40538,0.1869610447065098
40539,0.07979213439012477
40541,0.4124822692308366
40542,0.03188671725757372
40543,0.46096847155607185
40546,0.054842618146166276
40547,0.3253384934400408
40551,0.18968063355193027
40554,0.4847164496163108
40555,0.07800567362701519
40557,0.049027878779098054
40560,0.08470766590047507
40563,0.02166777411136506
40565,0.4169418249448317
40571,0.052244599422407216
40576,0.7782571795280671
40578,0.0769250758083891
40585,0.6863074164822411
40595,0.12762918178243876
40596,0.02629313961493894
40597,0.022915322016176583
40600,0.6768774473294041
40602,0.01827749598560859
40610,0.022788208062655357
40614,0.14605114425960097
40615,0.3109471184513343
40619,0.12120633715370949
40621,0.17906283904690107
40626,0.06929902151649918
40633,0.03654895665494057
40636,0.030097148266441415
40638,0.1090813754547194
40641,0.058799742410489464
40642,0.017803534867593042
40644,0.13426346807228637
40647,0.3825114242946651
40650,0.056945623096667126
40656,0.039294976791817295
40657,0.07918217141911232
40661,0.026679953243902564
40665,0.06985071207373
40680,0.013307123834111633
40681,0.07546073962456389
40682,0.148122377510123
40683,0.09465643770355937
40685,0.06847847918827911
40688,0.33434258898260694
40689,0.8727757463821154
40692,0.03250943968200522
40693,0.1574793417123892
40694,0.061092560315985464
40695,0.025206428027182114
40697,0.5116325125210985
40700,0.10448261093980983
40706,0.02885462797073758
40707,0.4043433154286704
40710,0.6624607912090892
40721,0.047857901632774445
40727,0.7672808770446108
40732,0.40618400491963796
40735,0.06645828516461609
40738,0.354805930273064
40741,0.3039514432841302
40743,0.22080508123896786
40745,0.048515678173595894
40752,0.10590871560422815
40757,0.2687901378101673
40759,0.026691032645219822
40767,0.10565603961229078
40768,0.032221628313879584
40769,0.2345672946410647
40780,0.2308160752227157
40782,0.06224780629676725
40785,0.16976475769704763
40789,0.5831632961008903
40791,0.07576966680004911
40795,0.09293032604616303
40798,0.15553129205013871
40805,0.2655567715859763
40808,0.15191384752068837
40813,0.09378522439899638
40818,0.21636833094451624
40825,0.12433434361614258
40827,0.21022162136675301
40835,0.04098709657524342
40839,0.018724510145612393
40840,0.19896247996991342
40846,0.10117231383018062
40847,0.019136224058271496
40848,0.05783182929943777
40853,0.07185149713045282
40854,0.05880140185156236
40855,0.5149313019121636
40859,0.42493162036384846
40866,0.11149270042450252
40867,0.11036791844243313
40869,0.02659214140970837
40870,0.05372169877362647
40871,0.022764389278710037
40872,0.06939048362261845
40873,0.1707995781384263
40877,0.21320099375732052
40878,0.01848349717902065
40879,0.2524496751657228
40880,0.04187760126369621
40882,0.6245380302230108
40893,0.5148410989800961
40894,0.49485447220413376
40898,0.01524720460653375
40901,0.21535667839310244
40909,0.31929305813299325
40915,0.0538883172724004
40916,0.038106021647630814
40926,0.0903375192807255
40928,0.1680875123862157
40935,0.2525634022077437
40936,0.04729805230170891
40939,0.3283999871894418
40944,0.06165567849753919
40948,0.10299901089840975
40954,0.15502706738006414
40956,0.09600466210443619
40959,0.6606948985862879
40960,0.10431933937882071
40965,0.0697798054712793
40968,0.21453353644096393
40974,0.052832989335326354
40976,0.09023588690876258
40979,0.37101212067397304
40982,0.26018436104986226
40983,0.042880786622106
40985,0.693991938626691
40986,0.5069155124312312
40991,0.07162355942680086
40992,0.1825096664131812
40995,0.09238446674840106
40996,0.817583817367842
40998,0.32411778402812064
41000,0.07019266223414819
41004,0.101511510178348
41006,0.10311726811178701
41008,0.0650939233239665
41010,0.27080334421005203
41014,0.4151872033788278
41015,0.023130959647907803
41023,0.07391011682451643
41035,0.3799012393928037
41038,0.14076925219426092
41044,0.05045517031796093
41046,0.35548566280621496
41052,0.1930821101849639
41053,0.04686085825123785
41057,0.07508006169483698
41058,0.28676471323716696
41063,0.04353072828255862
41071,0.06158260940410977
41074,0.04765972039897516
41076,0.8366434199775221
41078,0.5144885780647613
41080,0.1421040168865956
41091,0.026453700606591926
41093,0.2511834420515453
41094,0.06345280079346115
41095,0.16126298822053553
41096,0.300979067381263
41097,0.5926863405318301
41098,0.019170958777129286
41100,0.03299896229029596
41124,0.37625515847121127
41125,0.12274325205226463
41126,0.018176053764538982
41128,0.07179627541861172
41138,0.15805316297912061
41143,0.04857750681812657
41147,0.030416543478901898
41153,0.047309154053396085
41156,0.027091703062540287
41159,0.1487172917230651
41162,0.3283342799046134
41171,0.11761717911451328
41174,0.36434319984023017
41177,0.29990122568589545
41187,0.5448607393483919
41193,0.05165763796517931
41196,0.08915748662193129
41198,0.1785851714762752
41202,0.17235550289721413
41206,0.11023068619446635
41217,0.2494141394990687
41219,0.1603675681510298
41223,0.2585003282299053
41224,0.33055801926410877
41225,0.11697843288769656
41227,0.05761332481278484
41229,0.3873310800383634
41232,0.1723143049290845
41234,0.13445045984956092
41236,0.023342701272694104
41239,0.2312453608296484
41241,0.03921353447118821
41245,0.29669941675824135
41248,0.6445658328369107
41251,0.7266219785538697
41253,0.15899885677324593
41255,0.1694925899685913
41262,0.7012502354754626
41263,0.030588202166726225
41267,0.22961078144984334
41276,0.2849439370819764
41282,0.0446064977853373
41284,0.16999376992641793
41287,0.6723843957395378
41289,0.02169409587490013
41294,0.37609188159399864
41297,0.1334614047402209
41300,0.1667372553863479
41316,0.10252264588442568
41320,0.01681209099630271
41325,0.0656803275479087
41327,0.7784785610727017
41328,0.058273175318378445
41331,0.04318382687245022
41332,0.19010874147694667
41334,0.30429760515409787
41337,0.11674346301430562
41343,0.1038624092989226
41344,0.10636771943551031
41348,0.0369358218302403
41354,0.21526521689627978
41361,0.09482784299746415
41366,0.0974300539265743
41370,0.6054839686216726
41373,0.04215148501134294
41374,0.02027255007786397
41375,0.28436262710783117
41377,0.4887425258986052
41382,0.5011297133026857
41387,0.6462866981601804
41389,0.03129378116551491
41390,0.03792960581993519
41394,0.5761145411306343
41395,0.02903378232339473
41412,0.5123343646348583
41414,0.279610666390367
41417,0.026018361074190127
41419,0.12841231415770435
41421,0.032116935793132524
41422,0.07632414463241621
41424,0.05737906292946698
41426,0.6977213007584226
41427,0.19348666359080866
41429,0.03168731058561051
41433,0.5124799881260184
41434,0.08827578159035089
41435,0.015797148742342466
41445,0.0775673411603555
41452,0.055544630242476425
41456,0.03905688091251299
41461,0.0396640073950791
41468,0.4532734000072303
41470,0.018441428511830112
41471,0.34337022806525896
41472,0.13156080909270476
41475,0.31107075634509473
41476,0.46848920305574043
41483,0.054897956586849594
41496,0.08788758319872614
41497,0.08803924081918878
41500,0.19153852012983263
41501,0.14966774109430273
41504,0.06531864310653396
41507,0.18829342077231861
41511,0.35323218070388795
41514,0.5986377567333782
41519,0.0495496516729659
41522,0.3258537409105128
41524,0.12398200841934484
41525,0.22613308576592697
41527,0.4305588601461739
41532,0.13056552618648104
41533,0.29245441349939316
41534,0.4118087237294846
41535,0.3664944836562826
41537,0.5169357003437702
41539,0.40523387611240397
41551,0.04900700588655336
41557,0.015422938851606744
41561,0.5762395857689826
41571,0.030046838248794637
41574,0.03789068848220354
41577,0.06503628810802473
41579,0.03660594398550007
41581,0.03817480065133822
41584,0.33405911800874966
41586,0.11484000905526251
41587,0.16746150583996722
41592,0.4909388375319196
41593,0.01886199400057265
41599,0.04359024265278842
41602,0.2713767174262445
41606,0.1300890323222331
41610,0.2830730365209817
41612,0.23905573057051804
41613,0.21306792663563323
41614,0.04392023372925892
41616,0.08043447481632071
41617,0.008022439289796138
41622,0.15603644241890338
41629,0.558489632684366
41637,0.031892611044573034
41638,0.04026126969241433
41644,0.651574604071182
41648,0.6557388434676785
41655,0.24122516293841598
41661,0.46232656758728585
41665,0.21784456168189195
41689,0.18689958141312735
41692,0.06784331304346121
41695,0.10144306291134315
41696,0.3766386738749072
41697,0.13767002049108099
41698,0.49503502850188336
41699,0.395105324861581
41700,0.04632817927608988
41703,0.11850199783720392
41709,0.22809493150248025
41713,0.0374769379314194
41715,0.2308780413256455
41722,0.02126328376987739
41726,0.1630835345335206
41731,0.06047989162875099
41736,0.0355006282939587
41739,0.4525477116945636
41740,0.1872682319311904
41741,0.013352545969745692
41743,0.33151327042356415
41748,0.05036505118280266
41751,0.2439002624868132
41753,0.3822903744748517
41754,0.053096362469557346
41756,0.019623490951034134
41758,0.015501657722482437
41761,0.019348815436325568
41765,0.09954168496650878
41769,0.09162481822813014
41771,0.16581693258967684
41780,0.2193686064418088
41784,0.015594844328076595
41785,0.24991556314700208
41786,0.028970312172601532
41794,0.7835006468641544
41796,0.15881950769383826
41798,0.10399019341002749
41809,0.03373642786236787
41811,0.3708750623513399
41819,0.1369260773663299
41822,0.7513473795079844
41826,0.38312430295859706
41829,0.011479604763885142
41833,0.020769708003500857
41834,0.010118725086190942
41837,0.019937719239521156
41839,0.07418818316327234
41840,0.6879283409839481
41845,0.10366022012383787
41846,0.5290754961803652
41851,0.5427665675593808
41852,0.041778614677588394
41853,0.016039481692975956
41856,0.2928597617122684
41858,0.08849488171881022
41864,0.3188374260867604
41867,0.16259499645205439
41868,0.2695489000992003
41872,0.04562819995792217
41875,0.6713048611075454
41877,0.8121867341747101
41879,0.08667154764474959
41880,0.04299118378183647
41884,0.19055488007576463
41889,0.08654652131699263
41895,0.06805523575624899
41896,0.8294043578759127
41900,0.05712659202165938
41904,0.02818290927447578
41907,0.1327804933923406
41916,0.6218829304918844
41926,0.01525011542914506
41930,0.40458961963581586
41942,0.8940724563611818
41944,0.0860143339634456
41945,0.10302724514008568
41952,0.33309367584115707
41953,0.35378114555858425
41956,0.07818876440298482
41960,0.018381517402893826
41961,0.08014717326476604
41962,0.17792614940601761
41965,0.15929638400701424
41967,0.17526226026816247
41968,0.1276781148426302
41970,0.026257093731273166
41972,0.0736286787440408
41976,0.6151473684016209
41980,0.6904203385976008
41981,0.13205222048911214
41983,0.0909653355720729
41985,0.09003620294308273
41987,0.08728291675607147
41988,0.11120819886966683
41990,0.07891447692736345
41997,0.2429169096284468
41999,0.10526954346717643
42000,0.20272999357197444
42003,0.026298334895632585
42004,0.1159406090918336
42015,0.13483821395408327
42018,0.040139317874376905
42021,0.239706600301032
42026,0.037630395566255616
42030,0.2057339648710911
42032,0.15929877071177165
42033,0.1045176101086653
42034,0.6651080954179651
42036,0.10524908851816119
42041,0.5304431537308996
42043,0.38745671768763074
42051,0.2711115488438596
42053,0.04979002511579633
42058,0.07558306901626652
42059,0.08387735737194471
42060,0.2515029663990338
42065,0.040172394786648205
42071,0.08738293776779078
42073,0.20763479672162374
42077,0.23159079781806635
42078,0.07754203475334946
42079,0.38881486713278457
42081,0.11999067788748041
42092,0.13385419770398121
42097,0.03523946634119933
42106,0.402548441454779
42113,0.03183970075556539
42114,0.19628187862921112
42118,0.24971812523837725
42122,0.08629743341957023
42125,0.033067154131898036
42126,0.15956637590710968
42132,0.13668766689884865
42135,0.09912884139034309
42138,0.1122434311838375
42140,0.07913838703068189
42146,0.08464529894255411
42149,0.08957145227223737
42151,0.6622386488260316
42156,0.339900030895867
42157,0.019933711387627583
42158,0.0902968161705013
42164,0.3155264292762941
42168,0.11296827884633602
42169,0.058471496817661395
42174,0.21652602637216395
42176,0.6955730122097833
42180,0.1157306363218827
42181,0.09083946221261736
42182,0.6367879269153548
42186,0.15721899101195413
42189,0.9243569450221278
42192,0.13707515735993586
42193,0.234214824808924
42198,0.8320062385319894
42201,0.0795572505011153
42202,0.06205594980671438
42203,0.33269609578044684
42204,0.08260892520842947
42205,0.09956380876167265
42209,0.2651051488198103
42211,0.013891449863154293
42214,0.13786719681110185
42226,0.09494700205033796
42227,0.3200475556143486
42230,0.0376083464302554
42231,0.1748498561832869
42232,0.29505940696971994
42233,0.45334728530910734
42237,0.13300137078022115
42238,0.03749796661511191
42240,0.5552750216242252
42242,0.4871470798951603
42251,0.7300181385432537
42252,0.5358653261378347
42254,0.6009082612899413
42256,0.09795712196621384
42257,0.2915212994053335
42259,0.07743384454873747
42260,0.14134292320498865
42261,0.10293983112838066
42263,0.6223416182764487
42264,0.3891289370108705
42270,0.05685342336948044
42271,0.1475979686365914
42273,0.7258762583047556
42275,0.22020782108073714
42286,0.374088452954513
42289,0.02394022130061051
42295,0.06963463427040957
42297,0.030846064058818994
42299,0.051546390439044014
42301,0.03530332691927579
42303,0.024836370696418406
42305,0.14299879969300006
42306,0.020632245427735788
42307,0.4237176325744507
42322,0.1372650396131981
42323,0.04650759485745391
42324,0.19441277444974495
42325,0.11132176550278967
42326,0.23513563983220817
42330,0.07963869277022681
42335,0.27529684809237054
42336,0.048583916877836156
42345,0.22381448453283648
42347,0.09718070932832981
42355,0.06329308238680678
42357,0.8987933227899326
42368,0.2678639894608591
42370,0.013308192460903614
42371,0.04311069044894734
42373,0.1870752889139174
42374,0.1772551973558785
42375,0.023809736350032203
42376,0.16237177255739316
42383,0.18138750207454032
42385,0.22758182981292452
42386,0.5329286544349867
42387,0.0582527168106022
42392,0.07516214237970963
42396,0.14289576915313396
42397,0.0318113666732859
42403,0.25570927341394106
42407,0.718996882213486
42409,0.43232423118553737
42410,0.29222387218009943
42414,0.17376349656459095
42415,0.03853339033410676
42416,0.11337651412896506
42419,0.05776814795867567
42421,0.05104413363452468
42424,0.016654401367589545
42426,0.16250223329824345
42430,0.2709095876833831
42431,0.455680463548964
42436,0.5377500089560634
42437,0.16205620618684555
42439,0.1088562517503529
42440,0.029990304134495886
42445,0.29142755630625744
42446,0.04623291276554881
42448,0.32596819812462585
42456,0.03922637159999385
42458,0.17965841804936444
42470,0.06812889810421728
42471,0.47374484925799853
42474,0.1009590898927955
42478,0.02063394972954766
42479,0.11266119306544911
42480,0.23494871170722653
42482,0.014303796967516089
42484,0.0766048055762376
42491,0.04820486493567495
42492,0.19969605239694194
42493,0.12548100895973127
42498,0.5127061797926965
42500,0.24606085776463216
42501,0.35564891514455804
42505,0.027563376844026044
42506,0.41577008202105137
42507,0.03294484762991583
42509,0.08195644724808537
42510,0.5085527164860562
42516,0.08546440719189789
42517,0.19253073290182973
42520,0.7670591107096244
42522,0.21181034172342508
42528,0.5920482624310597
42529,0.3055685553574066
42534,0.1331105112932394
42538,0.10378745490675335
42548,0.025087944801726776
42555,0.3467580382127768
42556,0.044988950166882105
42559,0.14965408662337917
42560,0.43145754495655053
42571,0.30748543376907905
42576,0.19162582356008248
42577,0.4919182524440795
42578,0.14944544264366544
42579,0.0235258326537695
42580,0.14503344925836464
42582,0.46228124772896256
42588,0.1786605413971906
42592,0.34304370461922384
42594,0.11654863185535129
42599,0.4517601643592136
42604,0.31147634476716757
42612,0.048611214593278974
42615,0.09472382804067597
42627,0.4069557228907595
42632,0.06566401617118639
42636,0.019379760032746378
42637,0.7827696063035547
42638,0.3151920180535834
42640,0.05482196701478291
42642,0.30303849071042493
42643,0.1559685323853064
42644,0.2919480128761983
42646,0.04733098133406907
42648,0.08282496589834441
42649,0.3947711679836389
42651,0.4368904047806265
42656,0.03674755636296365
42659,0.5575721652136929
42664,0.06593279478807249
42676,0.5989760424923369
42677,0.222427903383585
42678,0.025435173672034645
42682,0.762775265762248
42684,0.2053260384628645
42690,0.07163045579663249
42692,0.4427844686872621
42694,0.12530836981469679
42696,0.04800089432796479
42698,0.02466851073535101
42701,0.3017976893654662
42704,0.09793610124860488
42708,0.028295079770917244
42710,0.2181562839654891
42713,0.08773345764299564
42714,0.12068688189433312
42717,0.05448713574470982
42719,0.23412160466176932
42721,0.6210380143483724
42722,0.04532565880528512
42726,0.8066336818703357
42744,0.35101680606077174
42747,0.3204010470607697
42748,0.03779807738016119
42754,0.027164728946565797
42756,0.4889874984482733
42758,0.059444343932064526
42763,0.15922687610288533
42764,0.19139044592185528
42771,0.03042831790759737
42775,0.559813181576863
42776,0.6859339727032878
42777,0.06241912563095784
42778,0.03805354490038615
42779,0.17532576375465753
42788,0.01796750116566887
42794,0.7062329432110432
42795,0.1035929500708693
42797,0.3618700356342151
42801,0.5987166268963322
42802,0.29547532807417
42803,0.12022750776866155
42805,0.6776504773400378
42808,0.011064583506314101
42814,0.04492393551113909
42816,0.07407676798269958
42817,0.23375030588530427
42818,0.17154282741873977
42822,0.10615965001442708
42829,0.028343407654497048
42830,0.025420429150776545
42837,0.18852096835613566
42839,0.14317749374554542
42841,0.05273218060673147
42842,0.08043120854801251
42843,0.025256519834196387
42854,0.038480864045554036
42855,0.8329802134042784
42856,0.6694935341833852
42864,0.24866812713994826
42866,0.019338090292358914
42868,0.2296490452454236
42876,0.021381116193973444
42882,0.02379961235478819
42888,0.08536228231511979
42892,0.489607379054506
42903,0.03337115503064505
42904,0.5602029452572826
42906,0.037872209370835574
42911,0.2402347213327349
42914,0.016787644761165187
42915,0.10984401176837107
42916,0.7182714314254849
42918,0.4984125822732216
42924,0.14947851756781141
42926,0.047020109954716456
42937,0.07412780646593248
42945,0.4493480755530372
42946,0.2537661712115856
42949,0.41815733154634066
42950,0.0713223395739974
42956,0.37677697079107225
42960,0.044590185003033335
42962,0.26286229948382833
42966,0.48702162956831835
42967,0.1925318737432618
42968,0.028140308350226597
42978,0.20195026391378326
42983,0.23672020491592272
42992,0.13447118315313764
42994,0.03559008932287186
42999,0.048207163402325254
43005,0.1760912677298936
43008,0.13047613960053023
43015,0.053572456101189915
43020,0.08503845790568956
43023,0.298019375252468
43029,0.4827752586617873
43030,0.2868095986176028
43033,0.175240734269336
43034,0.12434634937571624
43036,0.009828068274257811
43040,0.4412092920519378
43042,0.4692227943912462
43044,0.11005827682627811
43046,0.5386943526800305
43051,0.035996434370269746
43055,0.2989467520171375
43057,0.10747054582815005
43060,0.06516132272207886
43066,0.038767322251253775
43073,0.11208991662078789
43077,0.11588499168845852
43078,0.04775398866132171
43079,0.12185376786414381
43082,0.779169710594233
43087,0.7258376726103133
43088,0.08835549944981844
43090,0.19475180338485623
43091,0.28613823280668227
43094,0.09778999723457334
43097,0.07891464934631304
43100,0.16061180291098476
43101,0.47205715945933696
43106,0.324467050232638
43107,0.0686349212221351
43109,0.3614408541343385
43112,0.3260043063075534
43115,0.06950644569384859
43124,0.1914760801345863
43127,0.09719843436194091
43146,0.07933366632054455
43147,0.273770712397552
43148,0.027590708320713354
43150,0.04143955824792152
43154,0.07369402355596236
43160,0.009465686223093765
43161,0.11893301130493106
43162,0.10154331437702252
43163,0.06814548562052719
43166,0.9101808550782137
43167,0.0629290685371161
43168,0.11111332938440369
43171,0.0192757692211631
43174,0.09354459554682656
43175,0.8013878385909066
43176,0.37831491771880954
43177,0.7176303825239311
43178,0.2377500063691841
43182,0.3596272669483512
43184,0.03346418284522553
43186,0.4677587290986224
43187,0.10920398224714083
43189,0.042174074856741565
43190,0.10891057904423804
43192,0.04096601469541418
43195,0.48265434215612035
43206,0.17231615999679303
43211,0.02625611240768896
43216,0.659532397153708
43217,0.021948598156721823
43219,0.2157677938854248
43232,0.11698645250637332
43244,0.1610503360731857
43249,0.25529297706979615
43253,0.5855003012637636
43260,0.09465386403803161
43261,0.03403638391779789
43264,0.07585036494884374
43266,0.04527121723946483
43268,0.11155207141560634
43274,0.09079379290623299
43275,0.07085331170588074
43288,0.6292223311065085
43289,0.3321744126094438
43294,0.1021969344405588
43296,0.07382826741794792
43297,0.04353337749059162
43299,0.4107376894118615
43304,0.025044639178263172
43310,0.1479360402413218
43312,0.044860500374707735
43321,0.11599227418236706
43322,0.1806404735149331
43325,0.1706619188143775
43328,0.1403273320030578
43329,0.4600665791698995
43335,0.16271184943380415
43339,0.085612713878198
43340,0.10732291411397024
43346,0.03773000450918869
43348,0.24084219299883786
43350,0.13291091111340517
43352,0.0703761743531683
43355,0.15339771748176362
43357,0.2544482270196966
43358,0.8966972235904336
43362,0.3951617888945391
43367,0.09706819822617571
43390,0.5206704114493187
43393,0.06925446683076891
43401,0.5814790771024625
43413,0.027206941153681868
43415,0.19785307506179672
43418,0.013193749170175746
43421,0.03504911123755209
43426,0.06446958195032369
43428,0.3503759665940237
43429,0.019298848646921402
43441,0.48081628150609135
43442,0.37347917229353744
43444,0.1794633420023526
43451,0.7346305560563788
43452,0.6492472128002057
43453,0.07635209894950723
43456,0.028806524313680682
43457,0.09105465272153504
43458,0.08525575603754758
43463,0.048460866396089736
43468,0.25444490700300565
43472,0.017978987308827236
43473,0.8322478109441329
43477,0.0521347180867772
43479,0.1957821848997707
43483,0.2185582851013248
43487,0.11939224519306246
43498,0.08537874742534887
43522,0.20499727911235832
43526,0.01931745063007217
43528,0.25504614343974336
43529,0.0725737246022061
43531,0.05227391991542704
43539,0.6901017855783218
43548,0.04914371389303662
43555,0.5467832409678478
43557,0.06665501683467301
43560,0.06778712731467686
43561,0.0627411613916089
43562,0.0550481797824616
43566,0.1588003298272437
43569,0.05188689173735852
43571,0.1520220771095729
43574,0.10861547576612418
43575,0.09974661544094987
43577,0.4852083140731336
43578,0.14115504031114443
43579,0.1336320896561112
43585,0.05952758509692136
43589,0.25135153096301366
43595,0.3225950594454115
43598,0.2675431754153805
43599,0.08347550914180692
43603,0.7139815289785767
43606,0.05433754842986727
43611,0.07086786422226603
43612,0.7812896017463208
43633,0.34578956985579784
43634,0.21584032517671425
43637,0.024479611334446448
43640,0.12104720139047373
43641,0.020032867738148573
43644,0.053567347484322285
43646,0.06909353510075093
43651,0.04473686207422406
43653,0.2702338497092423
43655,0.03841885028433011
43656,0.14908230713458445
43658,0.06613262571063672
43660,0.30081192597335604
43667,0.11801399249622328
43668,0.04289863512236864
43670,0.09603022015693008
43672,0.03608523985105322
43675,0.06684556075902612
43676,0.03660978870056501
43679,0.48691147784982797
43681,0.1445857157090705
43683,0.19032885928923096
43684,0.7084317072963616
43685,0.023893717696761678
43688,0.20014383001530844
43689,0.36842538325286894
43691,0.032227919312504835
43692,0.038027302914512756
43694,0.8308228807592516
43695,0.055456723695151866
43696,0.5575737701540298
43703,0.04527912618519936
43705,0.08943125918784771
43709,0.035685234070331924
43711,0.036436348462346904
43715,0.4652267739911738
43719,0.04512454375486104
43721,0.6274631197640986
43731,0.11578080369585624
43734,0.07608785062086477
43739,0.1818211716727521
43744,0.053968467297430336
43747,0.08624847844124833
43749,0.570543219907759
43755,0.11505705412778719
43757,0.2323034073416165
43760,0.22425338201112238
43762,0.10826738863244637
43763,0.511437655926077
43765,0.07174928739982575
43766,0.25404202133588527
43768,0.8957255372362265
43770,0.7790925801127039
43771,0.02334299009771837
43773,0.19531113242619116
43786,0.074185651003407
43787,0.11448428147072293
43789,0.33310392410978523
43792,0.07103667782376026
43793,0.1383479436034534
43795,0.059869435499012
43801,0.1854603204507043
43806,0.09115725991266883
43809,0.17207932745482424
43810,0.03955863259399531
43812,0.14141996699908888
43813,0.27326077527462567
43815,0.03212746802187036
43816,0.1562480006970848
43821,0.11495896944086083
43823,0.11351382564196355
43825,0.03545239691799128
43831,0.03196909260584513
43832,0.037454788969730216
43838,0.050817548456167504
43841,0.5416156727241234
43846,0.7345013127537763
43848,0.20698398244208732
43850,0.11041035871513771
43855,0.32054429991949346
43856,0.06913748714861141
43859,0.0247955642329549
43860,0.5654172886223735
43861,0.6847032689021473
43863,0.21984655216808094
43864,0.2675146614801417
43866,0.03470689294553396
43867,0.06025710726281755
43876,0.1847352663689623
43877,0.14920339764980514
43881,0.07515300816205447
43885,0.27961813803066116
43886,0.08592581880076255
43889,0.1292324532614621
43890,0.4578153833426496
43893,0.6405807217274103
43894,0.4775426365103858
43901,0.053773929731250274
43903,0.037108336790609
43908,0.23382700821017455
43910,0.1459957753188751
43915,0.02385513749527581
43919,0.023034879623900068
43920,0.13912754001943256
43922,0.11482885747342349
43931,0.527486185797622
43932,0.030350005814659773
43935,0.39176695756047897
43938,0.01729971309499437
43954,0.08598566165968913
43956,0.06059726550090751
43961,0.08632625736679102
43962,0.033390007713934515
43964,0.07328049374186973
43965,0.06143870364084303
43968,0.010114231482005862
43969,0.06337131202647403
43971,0.0708648184691227
43972,0.019152614682258047
43975,0.45716982446840604
43976,0.08763408856811962
43981,0.05951049695426348
43985,0.27646852219037826
43992,0.3518436246771076
43995,0.1660873071530321
43996,0.2450206589571585
43998,0.022757707134355935
44002,0.07114992035292496
44005,0.056849665043961516
44009,0.2442732641482446
44010,0.028897839308393194
44011,0.060058960364629634
44013,0.3024693873097919
44016,0.4984334527976432
44028,0.022554167704622843
44030,0.32288583465622195
44034,0.07371381008593718
44037,0.029662358368911682
44043,0.241883269996201
44048,0.4819211403523919
44051,0.2758101128072698
44052,0.031233737434689397
44055,0.06730605276899909
44058,0.06778746039919123
44059,0.11543859229093305
44061,0.1528595624689891
44063,0.37521164252675127
44065,0.08699440328372851
44068,0.21827735275097923
44074,0.3131836326311097
44076,0.03383550120766845
44078,0.027810398175790854
44082,0.1366774127873322
44083,0.6265101883344667
44084,0.18771075823740357
44085,0.16315831446607565
44086,0.04900002612218803
44088,0.0409108953451767
44090,0.06308177121177545
44095,0.030913160858905643
44100,0.18481522486989527
44101,0.3311395544938909
44103,0.18949896468866204
44104,0.2750409031598868
44106,0.10457045210961957
44108,0.26324347394433834
44110,0.13999541236973492
44116,0.38710096989211296
44120,0.24541555274159427
44123,0.02250170623684488
44125,0.3506754910985715
44126,0.37173218061506863
44127,0.5885401126864741
44133,0.13343407153837591
44135,0.16272114490748893
44147,0.11983197975824951
44152,0.022347364047052704
44153,0.08672527675342723
44154,0.3210595384717612
44158,0.04240973003575361
44160,0.764318262263992
44163,0.006031300968332235
44165,0.14505782293631495
44166,0.1967827470573789
44167,0.04797480514926034
44169,0.10867254415744602
44172,0.36320968021610006
44178,0.04937266029673687
44182,0.25135505775598255
44192,0.03226537427566993
44194,0.030463735083104446
44195,0.10144694178705838
44196,0.08227222666631867
44197,0.022321634612044425
44198,0.08709880053867297
44200,0.0632889443171997
44204,0.23709937713961832
44206,0.09411876107300417
44207,0.6745291707357224
44211,0.014614119915216902
44216,0.5642073506389585
44223,0.23420627831238885
44233,0.032505465119359776
44235,0.21950794573281876
44246,0.03887051668773541
44248,0.4036644937301466
44252,0.6970929261838623
44254,0.03948618029337169
44256,0.39201683329620096
44257,0.0843761295707164
44259,0.03701296014283384
44263,0.6379111809714706
44267,0.6330415114705105
44277,0.05074246465872148
44278,0.058813689861258615
44279,0.12762726390467824
44280,0.1845610408962026
44281,0.5176999637289772
44284,0.23911999325076883
44291,0.18096280860962163
44294,0.02714573506538099
44295,0.058978962541891056
44296,0.10766326442019135
44297,0.041179833087336776
44303,0.6591949006985481
44306,0.023804357678688878
44315,0.7964536854765536
44321,0.1158316069778312
44323,0.03283422784659343
44331,0.23035089522526897
44336,0.19567762202967304
44337,0.8065816530201776
44339,0.0675121013750165
44340,0.5834508501124955
44343,0.3011079248544624
44346,0.5963418938131833
44351,0.7340137503491825
44354,0.4482942718306626
44355,0.14575722196706214
44356,0.8272380060989658
44358,0.031575734866933734
44359,0.5103061504480173
44362,0.0450163713253366
44365,0.11319467594959248
44369,0.07169356815368393
44373,0.5385915314372536
44376,0.09610365323170378
44389,0.19897779454802791
44392,0.5410712388948455
44395,0.3757109416515647
44404,0.08636454748843472
44406,0.13469108668510288
44409,0.10103021031833248
44410,0.15581805829653503
44413,0.5408112108803346
44417,0.038198125969215846
44419,0.04316686594924795
44422,0.051794454899406366
44423,0.02680087459147861
44425,0.4145199666010357
44426,0.06073395088414081
44427,0.3813349694803724
44428,0.17226449207520994
44429,0.06035378747700582
44431,0.077907312536568
44435,0.3180178295261503
44438,0.19743614501731085
44444,0.2600277437739228
44453,0.08800647866010342
44456,0.19816053656270957
44458,0.038051706594298663
44460,0.3591813556245685
44461,0.4148204893294878
44462,0.2616044736502858
44468,0.0162127989340778
44473,0.06682027753909255
44474,0.049561945120756554
44475,0.8703867576698766
44476,0.07508589150639038
44478,0.27346303246117765
44479,0.4487069831488645
44480,0.12957988315195038
44481,0.11835482737317354
44482,0.8106163139862342
44492,0.015279112517978349
44501,0.21644077205762208
44506,0.5675032624995985
44507,0.16325226370592727
44508,0.021839013780992428
44511,0.33563196793517913
44519,0.05059257335107089
44520,0.09362485228446049
44521,0.030559432446186446
44527,0.083557854015215
44528,0.2630783707882394
44534,0.054801601901736524
44541,0.13542401827442604
44542,0.20035989406931962
44544,0.05845358683219369
44545,0.7341468612399301
44548,0.045225888455995955
44550,0.6541477760622598
44551,0.02144901176296075
44555,0.7619702572968499
44556,0.01919425004377587
44561,0.053435553299599
44566,0.13973375178205186
44570,0.027109186553701974
44571,0.11501336240602017
44572,0.030327233393256606
44579,0.06825161984893252
44580,0.014249008971632204
44581,0.5815716704572543
44583,0.3944613501117361
44584,0.03301822654475678
44587,0.1303380145911891
44596,0.02166013976658906
44599,0.022193933618107387
44600,0.033089981693264915
44603,0.04229736918215742
44606,0.24431130107149066
44607,0.10960395504340618
44611,0.06937020688183283
44615,0.17583009950635772
44616,0.011927728873488896
44617,0.21448046448076272
44621,0.3064694142592211
44631,0.03144128217283038
44634,0.09664047764975206
44639,0.03213115234255003
44640,0.40208692618105885
44641,0.8951348861901
44642,0.03811274201853566
44651,0.027621445125755605
44653,0.28884449629360176
44654,0.753734266026249
44656,0.21326186975037548
44657,0.07989610655473203
44658,0.7617621887023635
44665,0.38514288312356737
44666,0.05542429166233286
44667,0.01695205669816104
44677,0.038379031724726655
44679,0.020154522780952935
44680,0.22350836162140184
44684,0.1962445576397091
44686,0.08716878059971422
44688,0.0245351464009494
44694,0.18590574764517317
44696,0.10507570964134635
44698,0.03528418099306229
44703,0.06403071098143868
44705,0.020474005975104154
44724,0.17067376180103358
44725,0.5892267068599584
44726,0.043703593404273926
44728,0.06789312007602416
44729,0.8596063707245563
44733,0.14259164370927307
44734,0.6340560632010249
44736,0.5617511818287458
44737,0.5354984756504586
44741,0.023264292718564554
44746,0.03231723018178921
44747,0.3033872681275077
44756,0.09909233835628255
44759,0.08518045817391412
44760,0.026304402440835675
44765,0.22795928384158332
44772,0.7659600215118362
44774,0.04373362862567415
44778,0.35067812471098814
44781,0.4925594097723211
44792,0.12794402490742948
44804,0.21924845457982098
44806,0.15609622116504834
44807,0.01609098288868044
44808,0.007318897370645394
44814,0.4207458726179665
44816,0.3236984916913182
44817,0.1837039039749934
44821,0.020302690352215255
44822,0.15145866409599942
44825,0.19527911363615763
44840,0.2824690118207491
44842,0.03989859183593116
44844,0.721347823753815
44847,0.12142167566282336
44848,0.4603470359859158
44858,0.1374519211497156
44866,0.04314059430764209
44867,0.1529869713160028
44869,0.030438787787205837
44872,0.06905656813957549
44876,0.033606933925461734
44878,0.1371034293611763
44882,0.41221282489837807
44884,0.15309335049916553
44891,0.09246167945766073
44892,0.1251047487935067
44896,0.28425666686929335
44899,0.4069362092686061
44900,0.05987688099787435
44902,0.018679077126369563
44904,0.4307896302945749
44905,0.16399134488439493
44909,0.08949385424506556
44911,0.1355185505230078
44916,0.0409970206587082
44917,0.2058583893310463
44919,0.47402362242473883
44920,0.20860329893653035
44923,0.21157541524832085
44928,0.09614431004667531
44932,0.050173136645987326
44935,0.14559799610298163
44938,0.04132029542365514
44942,0.023390041949645567
44952,0.23936529321496774
44958,0.1956701056665662
44963,0.42044733169742776
44964,0.7079791654669328
44966,0.04257747524873541
44968,0.09122250963755503
44970,0.30409506019243476
44977,0.00993332196795534
44978,0.1947975375591635
44980,0.14898370359276145
44982,0.325863061872716
44984,0.19613262585475405
44993,0.25329282777333034
44997,0.07761492513665212
44998,0.5316045279009666
44999,0.03991695895800186
45007,0.19583268404998713
45010,0.06502226422962494
45011,0.26972762002943085
45012,0.058557771141951584
45013,0.11048846021519118
45014,0.10709148242898732
45016,0.09026334966851787
45017,0.29707823671293215
45019,0.4395516171333143
45020,0.11840271090062818
45021,0.38823341785064636
45024,0.18450025157195116
45025,0.1613279902020393
45030,0.15051125229635387
45033,0.240992300860974
45034,0.0315468328621203
45039,0.4938375778315182
45042,0.10384700088233878
45049,0.049625325772802625
45054,0.3514115567166144
45057,0.022610087084053824
45058,0.2402755775102445
45059,0.020456515013273006
45068,0.05641602684394455
45071,0.07707909874273965
45072,0.043574662286845894
45076,0.4856756485461526
45077,0.0991203002055211
45080,0.19275759506233725
45082,0.35693692071910604
45089,0.014868124262925591
45092,0.5153147680911252
45093,0.06331753481416368
45099,0.014230376338721692
45103,0.06257282175237698
45105,0.1818952329411127
45109,0.41267228287661395
45114,0.21876567965723254
45117,0.1804459405163978
45122,0.15713937542580036
45123,0.14944720962091365
45124,0.23479634951359465
45125,0.49235324626061266
45127,0.4983673124227645
45128,0.3161586407073397
45129,0.012536654829352182
45133,0.09635627152765573
45137,0.04632096453991451
45138,0.11649301939945177
45144,0.8344222442391731
45156,0.0863157849680357
45158,0.22359679073855931
45160,0.11969354017221055
45161,0.08280711340123856
45162,0.18513767664660394
45165,0.8052662229771429
45167,0.06763771713570353
45171,0.053673026768363406
45173,0.1902370424562081
45174,0.2336516791811171
45178,0.1259197006937224
45180,0.146540661335227
45185,0.023682868576865797
45187,0.6698265509572593
45195,0.13074328699927742
45197,0.5034681691352231
45201,0.05207593622285206
45202,0.06529301721075616
45206,0.45568064022098936
45207,0.0206271319896575
45210,0.012324313876003419
45218,0.04142925077762265
45220,0.10198543814511798
45222,0.3731636503740817
45223,0.662505303955461
45224,0.44901358525843477
45230,0.03174616356670558
45242,0.2531771799095173
45252,0.0692273377019685
45254,0.07858389190052033
45267,0.3212176938688192
45268,0.08442469264417832
45270,0.07057712360941744
45275,0.1896978057084983
45277,0.01906702241854529
45278,0.1623278433833769
45281,0.5378038104811677
45285,0.037915721923181586
45291,0.4243140227929016
45292,0.020999417355210655
45294,0.7802371849551529
45295,0.6548636431380741
45297,0.4599658926061719
45300,0.07919651695288282
45302,0.6538864732310791
45303,0.0235739883387564
45305,0.4647594746009789
45308,0.1376651657805538
45309,0.054150069957654055
45313,0.07904227624723532
45316,0.18780266626144587
45323,0.17598746947623792
45326,0.1156338511909863
45327,0.05233956761477469
45329,0.023376015474762358
45331,0.41129986847491073
45335,0.5045639589242502
45341,0.10817774793697527
45345,0.02206863794387427
45346,0.09636941382538029
45347,0.09953383812300501
45348,0.03657255779121405
45351,0.05157503067417284
45354,0.3148331500835691
45355,0.14920030569259926
45358,0.01580880976207822
45360,0.1886791426450628
45361,0.02939552713701216
45362,0.07580587907775123
45369,0.297637945288521
45373,0.04631147171574345
45374,0.10049692181129845
45378,0.13692991744725283
45382,0.2461417861747599
45384,0.16120788846965536
45393,0.13681819213432672
45397,0.13292948179609032
45398,0.15741938294588984
45403,0.09403837644981151
45411,0.40290756407999145
45414,0.024266038649198407
45415,0.04704483002819902
45416,0.315003761922271
45420,0.07871204442999498
45423,0.1515150041869538
45424,0.23639348802032503
45425,0.32766176153190024
45427,0.034296107029726394
45428,0.3162238812124582
45431,0.4863561603676353
45432,0.0425853139521144
45437,0.019673746800984254
45438,0.04011098814132488
45439,0.0672215494346655
45441,0.3932560154856074
45442,0.6179198799950198
45443,0.6798631820747202
45445,0.6225558330112713
45448,0.2699009393896907
45452,0.25938722474081355
45454,0.0923484295779661
45459,0.03401597291470687
45461,0.09026463914371459
45462,0.03711768519597518
45476,0.027226394458223363
45479,0.1411959345511594
45481,0.03391676029556106
45483,0.10117178949241912
45489,0.4220785854190967
45490,0.7648663743825969
45498,0.48921316276782045
45499,0.06404834300093987
45500,0.11340571014463886
45501,0.28660387556124606
45510,0.06513354713811904
45519,0.3400784363352507
45520,0.8297488636293171
45523,0.02402288106605224
45528,0.8825787916191523
45531,0.06468022379333839
45534,0.05039870310691191
45535,0.8156887306267311
45541,0.4019112113454672
45542,0.07039646129542433
45545,0.10537748383295668
45547,0.1760869708466379
45553,0.8031053457936834
45555,0.018659290775144253
45558,0.017784369567935904
45563,0.10365485692645343
45564,0.05040260772128499
45566,0.08304052697708326
45567,0.3495685422791125
45572,0.037686219160461484
45574,0.05976924184925217
45583,0.24456711785707316
45586,0.016357156279441586
45589,0.5316596447293989
45592,0.11258307957281721
45593,0.5794746930184046
45598,0.7000447064144427
45601,0.13758878446185768
45604,0.2980846306774895
45605,0.06608860548757667
45607,0.06339639108371421
45614,0.027941895991340584
45621,0.11173623882349085
45623,0.05354867757833475
45628,0.7797449517205648
45634,0.048613820491344426
45638,0.5224762279892884
45639,0.5075564848202634
45644,0.16561311295023132
45649,0.7589921773630804
45650,0.3306560444862534
45653,0.08755679381997246
45655,0.21290362896862314
45656,0.1151209252463026
45658,0.06968571824471596
45660,0.19034512958250824
45663,0.013817019923719923
45666,0.040647634800309994
45669,0.23192421436954563
45671,0.671218804352183
45672,0.37816800855441
45674,0.077508037628278
45676,0.36877856027357075
45679,0.038145771301061226
45680,0.32526918517783476
45682,0.06511629292278605
45683,0.30876823731318526
45685,0.41404382714247695
45686,0.026383190753509474
45693,0.03590835717865083
45694,0.030185905400978454
45696,0.07684996778960362
45699,0.06714129062554022
45702,0.48038297459721657
45703,0.027795998207086812
45707,0.11231063077453178
45708,0.33190205361322633
45709,0.3137534585159622
45712,0.1933329271793433
45714,0.5225402025849213
45717,0.2772128038325027
45719,0.5147552973361484
45728,0.1154112533953008
45730,0.13709196158103623
45731,0.06400122482257854
45733,0.19749833727660243
45734,0.39883440750268406
45737,0.20880130560349114
45738,0.22665302349164734
45740,0.020202937788872593
45744,0.017676416779424494
45751,0.41063784278617643
45752,0.12839363347676927
45760,0.023711742959413654
45763,0.16549886010363637
45770,0.023061982827204827
45772,0.03347171310464767
45773,0.2014405834510224
45775,0.6361901244905908
45781,0.13868557654146785
45783,0.06885561859515335
45785,0.5343332994267098
45787,0.542672747325222
45788,0.05733796341622443
45791,0.21884534560980384
45801,0.19246537678335113
45803,0.3792630360105938
45804,0.36543458043157684
45806,0.05896249649891045
45808,0.389830798375382
45811,0.05090866713753253
45813,0.10553513544079464
45816,0.01750722401964092
45817,0.008746961347655043
45818,0.019201622061996652
45824,0.01591191286883939
45825,0.3182699174594303
45828,0.14899717694708262
45833,0.24102479030055704
45839,0.10650885478150736
45854,0.044427029058264664
45856,0.10803273164820845
45857,0.4103299547452218
45858,0.43055675076351946
45862,0.21426264402838552
45868,0.6761438389933495
45872,0.24013628891262986
45874,0.05986645177595311
45879,0.09137340422047034
45885,0.17556210022760405
45887,0.07423094606448949
45890,0.11772105193939746
45892,0.29653038336000853
45894,0.20233826976628344
45895,0.12925783955171144
45896,0.21698474862791778
45897,0.6136126030524228
45902,0.15843387901320044
45920,0.47983753416264296
45922,0.04661790994646728
45924,0.15245165057271232
45925,0.7316598568343831
45929,0.04499666002676279
45934,0.023233917393321757
45935,0.13670392143633703
45937,0.05058176227477666
45939,0.6203026609507962
45940,0.03321034529178298
45942,0.18718569834143425
45945,0.45459026319852097
45946,0.05884083845686014
45951,0.03898505550503612
45953,0.46963198247881177
45958,0.06901216075027841
45962,0.13208254192013089
45966,0.3706515179484513
45972,0.20798884496312417
45975,0.04032610649891211
45983,0.048711300888415215
45984,0.16520514454124838
45986,0.5331004194852599
45989,0.2711187002130203
45994,0.13936949724651745
45996,0.20368220901251347
45997,0.15163010913851677
45998,0.07130531536187133
46000,0.2455168362476573
46001,0.03422072703025305
46002,0.05915601468354564
46004,0.7418499943340704
46019,0.7038036116156121
46021,0.051004771964723986
46024,0.5796109453034793
46025,0.2184552960147976
46033,0.04348884645895289
46034,0.07139127304985526
46035,0.03238131764619342
46036,0.060267935263185066
46039,0.027033470322295226
46044,0.39408051770659347
46057,0.061301624106904026
46058,0.14014079163531368
46060,0.05829459485086862
46061,0.6661739532669779
46063,0.0434037868130855
46064,0.5100533657187057
46066,0.1331178752648466
46075,0.028581852767626696
46076,0.02768100367902737
46080,0.13849041868480721
46083,0.7709974306003732
46084,0.06090734137222405
46091,0.09973587765271665
46100,0.48988833782152735
46107,0.02926719913814123
46113,0.32207337427137595
46118,0.1672780931908485
46120,0.01188124863150629
46130,0.048568593675765465
46146,0.6530764369124101
46150,0.0974215867975715
46152,0.24099601633612136
46154,0.15954520218206025
46155,0.06848175776921855
46168,0.3742646985171111
46175,0.16476169366256202
46183,0.0735483184311102
46189,0.12839069370517495
46192,0.356090550664145
46195,0.18203396470424724
46201,0.2704105338397876
46202,0.2596156014074472
46203,0.02892912018922697
46204,0.16802126511812734
46212,0.0757729150538808
46220,0.536831244314417
46223,0.038284202479605685
46224,0.3372087271077082
46227,0.152373869363786
46228,0.3583558985501085
46230,0.08414988855753115
46245,0.2781953389522759
46246,0.10371988082749
46249,0.03748076758747672
46253,0.1898780844991297
46255,0.49089099452741874
46258,0.17360176946217176
46263,0.023514843767584157
46265,0.22400547582270877
46269,0.05236935718478508
46272,0.14716908246237853
46273,0.0219762414970767
46278,0.027169154642791692
46281,0.15330346658761607
46285,0.44984586812508387
46286,0.44539793314577025
46290,0.07060536062667956
46294,0.43991900761911623
46300,0.8752318406277646
46305,0.08606921487369108
46325,0.33504613637696873
46334,0.19296643489450016
46339,0.17920263338149484
46340,0.13763564462018882
46341,0.06969221025876918
46342,0.018358278229696934
46346,0.05237144962001767
46349,0.06066195278795867
46351,0.43622174017005577
46352,0.10590770818277796
46355,0.010368282667818357
46360,0.11680871280581778
46367,0.08845310825859065
46372,0.05556487948323451
46379,0.0771470401026124
46384,0.08286570347266854
46385,0.06323535185929638
46390,0.07269705535574106
46398,0.36669924402271925
46400,0.7544181170423
46401,0.12447975650543211
46402,0.09911292959022171
46407,0.010569510069123078
46408,0.023809350249949787
46409,0.45800762188900757
46414,0.0548572116296821
46419,0.081115818206759
46420,0.12856330963577134
46421,0.27898990431711385
46426,0.2745508132640991
46430,0.06483218232099681
46437,0.11848482534798206
46438,0.05690189732365033
46449,0.2132270771556694
46450,0.6560762830035267
46455,0.0778492699337559
46456,0.45455773881886213
46464,0.21492552603972787
46465,0.021734847908147985
46468,0.245848753324528
46470,0.11238117346639163
46471,0.12618437373331895
46472,0.007025334226653555
46477,0.011376897055018795
46479,0.05362019416107322
46480,0.12523829643339113
46483,0.21593709063326827
46484,0.6302914198509125
46489,0.10540880906080397
46490,0.12235834754128794
46491,0.3076189736365857
46493,0.05287074141659434
46496,0.14213603420670723
46498,0.058180593001851084
46502,0.15885995683306897
46510,0.0441634707816584
46511,0.1226680692271064
46516,0.04348370094634057
46519,0.1650626047936499
46523,0.3679813069917291
46524,0.2044228442433268
46525,0.6361855466096257
46526,0.20929621372063598
46528,0.16389447751155645
46530,0.18017552955323843
46534,0.23532386214084805
46535,0.18381269534922115
46540,0.034196935262236466
46541,0.013195437963979989
46542,0.1338808177333672
46557,0.009322175707743074
46560,0.08191013517668065
46561,0.45340788797671133
46568,0.0514433138626197
46569,0.022436298660373055
46572,0.055164449038139766
46573,0.08842079716691308
46574,0.23962506957661933
46576,0.3804176744682862
46577,0.07409273908239097
46581,0.16931955109404662
46582,0.17148819295191203
46585,0.07836487825295661
46587,0.28758279602322767
46588,0.0348772601931249
46590,0.06980018680376797
46591,0.3701817408438137
46595,0.41871269274595896
46596,0.07904437602770027
46598,0.06403605487861241
46599,0.09477996450484656
46600,0.16128514020413268
46602,0.04581510828166732
46606,0.2037541354505
46614,0.23090670293978185
46615,0.057019358468892424
46618,0.020860980981130352
46619,0.03742344977263613
46621,0.6204446658718944
46622,0.1669341937373296
46623,0.07837868204073876
46624,0.2731603425136502
46626,0.03580351313645688
46631,0.394837955189988
46637,0.02762741589577008
46639,0.05296402979979887
46643,0.7440624258258813
46644,0.5385076506696177
46645,0.019332848059173735
46652,0.24013898165570438
46658,0.11370573567438498
46664,0.11225464244759882
46668,0.3446325295750211
46674,0.2644386268830408
46675,0.09981503278894623
46688,0.11119691068593887
46691,0.09538014696891607
46694,0.19001881670721382
46696,0.14614744753689704
46698,0.2424899722610491
46705,0.030056315239690806
46707,0.035031560807837696
46708,0.08342973772166962
46709,0.04729369470361293
46710,0.07321389164261059
46711,0.1045602194850153
46715,0.03249680194820296
46716,0.03684490875790914
46719,0.30146211185649663
46720,0.1520264806189938
46722,0.42651900158537737
46723,0.781085362896445
46735,0.1704771107366301
46740,0.9629177512033383
46741,0.18289251192623024
46742,0.051911439445242985
46743,0.04469357855795952
46745,0.07987588867929798
46746,0.0886644989606958
46748,0.027128784228094147
46769,0.7901556620747386
46772,0.17596669985448898
46773,0.2924845111677468
46777,0.8391206726382672
46778,0.0833388110930739
46792,0.1328528111165331
46793,0.4419983835383313
46797,0.04241504316619041
46802,0.11731016040125677
46804,0.13557332527887386
46806,0.27417292584697045
46809,0.8739004754728386
46810,0.10063270770784145
46817,0.3748775716014883
46819,0.43324445485317864
46821,0.2209870752000446
46823,0.3143944250355642
46824,0.1230373651441628
46828,0.046351256761034215
46831,0.08169999473253979
46832,0.0381196789379323
46836,0.2471717054182928
46841,0.6291459624005094
46842,0.4257840610885707
46844,0.12210373771305398
46845,0.5311763059398981
46859,0.21865429706263798
46864,0.11086057372330295
46867,0.1371908485918415
46876,0.3060114225129048
46878,0.04931732428755533
46880,0.05780172352082004
46882,0.21246406279595031
46890,0.06879773968242865
46894,0.11266978788802141
46900,0.11709399383998774
46905,0.027606281619188072
46908,0.11936133966747242
46910,0.06578086707161207
46912,0.25497843901604234
46914,0.6320669860288317
46918,0.2713767174262445
46921,0.4234043088972033
46926,0.6411824408730143
46927,0.10942459766839123
46937,0.21186987124326986
46955,0.6403669905921825
46958,0.18975519453174128
46961,0.23610815855529926
46970,0.027441574024510442
46973,0.3059863127982037
46975,0.1310606233593921
46979,0.05322716022283571
46980,0.20513368634958895
46992,0.054906780233103934
46997,0.45448101445034406
46998,0.023267664780007524
47000,0.04560386008935065
47002,0.11086838923135121
47004,0.11900115713820736
47005,0.2235363012145846
47008,0.13104010348549402
47009,0.5063509080705016
47011,0.02875829714665323
47014,0.23105060628415047
47016,0.022641953566949806
47021,0.03539403813119737
47024,0.1145127745066184
47027,0.1754590917900809
47028,0.4245279881312969
47030,0.03472869923599005
47031,0.30657513552398874
47032,0.44553853919769015
47040,0.7413446972972205
47046,0.647146348957269
47047,0.20401536793703193
47049,0.03824730499001894
47062,0.040196174506989577
47063,0.11776468552657483
47064,0.0806188209377561
47065,0.559675753720604
47066,0.19227394016148305
47067,0.26271307980621644
47070,0.18932281105433263
47071,0.040924140192989476
47076,0.6994483289717024
47077,0.9045306950625407
47078,0.27214873957086805
47082,0.043153253947387823
47084,0.7320003267638151
47086,0.033650471301730815
47088,0.07721396570878954
47096,0.5152103269185766
47097,0.8107004906085639
47099,0.08350468724997456
47107,0.2399393074728347
47110,0.0575943766529068
47111,0.09208226948780142
47113,0.11468009820001217
47117,0.14421229093930582
47119,0.08925349653298247
47122,0.0647813340011343
47123,0.014543969004726744
47124,0.20007338884192213
47129,0.08857295141465277
47135,0.2320397157071626
47138,0.5096645319049007
47140,0.021753839997370378
47143,0.024437930638973933
47144,0.22162226219552755
47149,0.11835362218824427
47153,0.24849370389393272
47155,0.14030421225068196
47158,0.1501104302387402
47170,0.28196908771870344
47173,0.18366579307271172
47174,0.40805740667910034
47176,0.08664249312349004
47186,0.0398552104892566
47190,0.011915075936179652
47194,0.16258176519891732
47196,0.16689718568002354
47197,0.4427012898623359
47198,0.02161737621115119
47202,0.15713940179582972
47204,0.18785805739407377
47211,0.07491895891415995
47216,0.10978895159764387
47220,0.07332246247039285
47221,0.3742306074841013
47222,0.7434146480836061
47226,0.07842367193056463
47233,0.04956773912472799
47234,0.3577623285092929
47235,0.03275160853174076
47238,0.052931778715689916
47240,0.10730570618720094
47241,0.7751000068691861
47249,0.1491938818506454
47250,0.5765917488822119
47253,0.338581539231986
47256,0.7653590289686102
47260,0.12883385571692696
47262,0.14337053246737086
47263,0.5990259810642377
47269,0.1222127231647502
47277,0.08184815564954522
47278,0.05072562696140618
47285,0.20003997109994046
47286,0.2956715937490489
47288,0.5893211488734041
47291,0.05695606794855116
47292,0.19626004956550921
47295,0.015051183987211815
47296,0.05227066458901266
47303,0.09099473391716525
47304,0.21195029404248117
47305,0.5868555194237988
47307,0.3342170598961055
47310,0.042982785501933095
47316,0.14998941651461428
47318,0.4135029521416175
47330,0.08239656248160539
47331,0.02944865857640933
47336,0.031039034577154213
47337,0.043402719332876746
47338,0.043121850990388746
47341,0.38511307010915313
47342,0.1394931800904132
47344,0.10402982167939508
47348,0.015211899963847912
47357,0.12268515449831358
47358,0.23711894846504913
47359,0.32068773325569183
47373,0.40335617698251164
47377,0.0391277147794902
47378,0.13394529015438722
47382,0.6400152185433274
47383,0.03879083928239792
47385,0.10484015710684147
47387,0.32633842203412705
47388,0.44362858181263004
47399,0.20126028989011255
47401,0.2997581089314693
47405,0.09218041697786734
47406,0.21382882425061414
47413,0.43316287880589194
47417,0.025261967259038284
47419,0.23655905642189343
47422,0.1817254875058597
47425,0.25831784155705645
47429,0.33017650918591246
47433,0.05367554445177028
47437,0.20890421228222325
47439,0.5475913912076866
47440,0.017268279965533435
47441,0.08412585804453847
47442,0.010556532038947542
47445,0.1918530483633857
47450,0.08374329270960228
47452,0.08938279780860801
47454,0.2526524185464277
47456,0.034144009068682965
47460,0.5854987910064292
47463,0.09169519688191352
47470,0.7799577560855226
47476,0.045768865664931276
47479,0.21753103601811033
47480,0.018193795690628362
47481,0.19681309018918902
47485,0.017092239025769108
47486,0.03738973878405121
47494,0.06835268372697897
47495,0.32422936275658404
47498,0.1499035933502286
47499,0.019563972969008643
47502,0.05352138011660679
47505,0.010622377839326621
47507,0.6236335442107898
47519,0.2853247386876196
47526,0.2177449080091684
47530,0.032580185782473924
47531,0.009655253875833962
47533,0.4057988562072181
47534,0.08393029394367572
47535,0.06552528968817192
47539,0.29752817750928356
47540,0.11891450897291735
47552,0.040013706015609975
47555,0.1367587866228906
47559,0.018691838624073764
47560,0.2552195771965579
47561,0.13841208753943365
47565,0.07989163594612107
47567,0.1286926316249011
47569,0.2947094582472966
47571,0.04774977129288936
47575,0.12745975247789368
47576,0.17723898237426589
47577,0.059980456053038214
47578,0.12968413590078318
47579,0.011637362244695276
47583,0.3155609105593346
47585,0.12278934667001297
47590,0.3310512456517281
47591,0.6338295784378436
47593,0.3949182030159784
47595,0.531318221155561
47599,0.037698116947982356
47602,0.020068372547261678
47608,0.1121775550445318
47609,0.10612646479388489
47615,0.04215156822466496
47620,0.16675720876821434
47626,0.057955248329196164
47630,0.0619780708101722
47632,0.2075827227330534
47636,0.10193824131796513
47637,0.07810975264524558
47640,0.10385886982368896
47642,0.21684530100680527
47643,0.27650756200165777
47649,0.15500563304594628
47655,0.09242239646183796
47657,0.13126722703743285
47660,0.19056415924674747
47663,0.15287059835114536
47667,0.04307229186578305
47669,0.007845202950812591
47670,0.03996736168463844
47674,0.02254352402022859
47675,0.22041352040108284
47679,0.3918485470573991
47689,0.07807956665742526
47691,0.1195937770085979
47695,0.07434576692495226
47705,0.18906461842324618
47708,0.25281868679269426
47709,0.16918004450497995
47712,0.06050272146999095
47723,0.3884884930503368
47725,0.17841809658549745
47727,0.6222799514075522
47729,0.21007130513324235
47731,0.0476308444582655
47732,0.08341178050115951
47734,0.044121077349329685
47738,0.014829360683089533
47747,0.08705934943846445
47750,0.017166320104460606
47753,0.08661962349706186
47758,0.30743550094155003
47759,0.35241975008241616
47760,0.17768673383524095
47762,0.04639404403472184
47763,0.21732709477670833
47765,0.1529249446019153
47766,0.20598098798119577
47768,0.08527657694124305
47769,0.10979786524583303
47771,0.0730619008183609
47777,0.31193815136464187
47783,0.3557409162005446
47785,0.02803837776314305
47788,0.24842254529834173
47794,0.21088287425390595
47797,0.19152136962193544
47798,0.06874450352581894
47800,0.22529066536412226
47801,0.44027844949685774
47802,0.06645038094891434
47807,0.08260228576932323
47809,0.2610236425116583
47814,0.1181224087955991
47816,0.026734342378460813
47818,0.1414249722138763
47821,0.07889545519318843
47822,0.14554317361670946
47823,0.043868573069263096
47827,0.1054630547358906
47833,0.1326370342662443
47848,0.05037986535041007
47849,0.15650438975990744
47851,0.0374276354818967
47857,0.13799487003084882
47858,0.7413134477610787
47864,0.19040595190108905
47866,0.19950444510892743
47869,0.15603998581247436
47871,0.014225146280930285
47872,0.702697939311054
47875,0.05040673069405962
47876,0.1727681824755416
47883,0.3989438187354953
47893,0.151841478365616
47895,0.0524475711468986
47897,0.0387436564653417
47908,0.257317799840359
47909,0.3683132275857935
47912,0.1630373107555376
47915,0.09644784881255791
47921,0.04226689068416212
47924,0.01832350126752677
47925,0.0019311927699797583
47926,0.06710444865517973
47929,0.09125201598215389
47934,0.05857699620606418
47944,0.6316555720427403
47945,0.01762502295413492
47952,0.03230723413628323
47958,0.01466750354079242
47959,0.5458949032663629
47960,0.7027840945971939
47964,0.6147882221902611
47965,0.06174485940588819
47966,0.37476221387574876
47970,0.09684978539798907
47974,0.01757248276307187
47984,0.12695598510781667
47985,0.12367951132890248
47986,0.5679105011162686
47988,0.02400169374946123
47991,0.910734314539098
47992,0.539567030150014
47994,0.08671909592646292
47997,0.2674425946040411
47999,0.03796474370034779
48005,0.03116748983784814
48009,0.21154153411351473
48011,0.02796120616250347
48012,0.17213039773607158
48018,0.022956948309854872
48024,0.02667324132608186
48044,0.028923396800585185
48046,0.035771194354204214
48047,0.36756365469088087
48049,0.051845423296254634
48053,0.14109949456138704
48055,0.06436190197062253
48059,0.1350584796493351
48063,0.007036459451694917
48064,0.37788279645393313
48070,0.07139304991018405
48071,0.3947362906749942
48074,0.07618735479982613
48076,0.02430994279268647
48089,0.21219455625292513
48091,0.26848701209610937
48096,0.5979029323464539
48102,0.15881298977957384
48107,0.3487968472037059
48108,0.47557342674728187
48110,0.39995512572840214
48112,0.1341722095509104
48113,0.06608019106805847
48117,0.010156627331007438
48119,0.5280375352810288
48123,0.08707699605271445
48124,0.3338598486836029
48125,0.036722490211991046
48126,0.2347926365086864
48129,0.09347375776155603
48134,0.06076779712669126
48146,0.20486229808981604
48148,0.08111549813383052
48153,0.614110927121363
48159,0.00766046083567537
48160,0.8202764800162623
48162,0.09826747420141387
48165,0.12801950739630524
48173,0.07681620194975326
48175,0.040408926370613406
48182,0.024151190579168244
48186,0.2877412173152831
48188,0.03894032090267956
48189,0.04872674838710697
48190,0.2938563799220452
48192,0.5705486765115384
48193,0.7029896801258593
48194,0.12559326026580575
48199,0.18839474067752698
48202,0.050802581596544445
48206,0.8220201495378087
48209,0.12071307622457537
48211,0.12336669866985084
48224,0.0856853541099042
48234,0.014345853705416963
48235,0.44338228988512496
48241,0.1760592401551254
48244,0.24437451220309003
48246,0.12844974660612016
48248,0.2299468788695825
48250,0.4490334998500498
48255,0.009420265314464339
48263,0.02402575361786915
48265,0.13900971567885484
48266,0.020102201038158376
48267,0.2705292231441226
48272,0.054158986004880685
48275,0.18396002501306577
48279,0.034724758333549495
48280,0.4800876080658785
48283,0.49303285322988893
48285,0.13414990142158695
48287,0.613848993705728
48288,0.12152095531639387
48292,0.023064783569703737
48293,0.3769050032122939
48294,0.8623494020726471
48295,0.12941386590417853
48299,0.6506368026933965
48304,0.8381806637560257
48305,0.09962945232083861
48308,0.06262412997399538
48311,0.46446766677459767
48321,0.06225110747215945
48325,0.06384157091182267
48328,0.2219408290550761
48329,0.02703005483467606
48330,0.163976970427118
48334,0.0757168446058992
48336,0.21940660786578503
48337,0.10505909612649854
48338,0.30944816885703685
48340,0.01904513757524448
48341,0.061143745069965755
48345,0.009596481949627866
48347,0.06379587361639487
48348,0.008248774720029651
48353,0.045688712280184916
48358,0.32973047277680434
48368,0.17798987404801528
48369,0.10280974201828978
48372,0.2604043951431722
48381,0.40097277577378376
48382,0.3185145086233268
48387,0.6930184629474535
48393,0.03167573585084549
48396,0.1157116081552255
48408,0.45178106178265276
48409,0.10676018444814213
48414,0.010445806051285375
48427,0.2270348183411447
48432,0.39138479162382744
48434,0.044397880292994046
48435,0.4108101887200907
48436,0.1384878215833897
48438,0.12228305462111533
48443,0.33869226903654426
48444,0.07867014612003342
48451,0.5342854048848763
48455,0.1946044297451526
48457,0.05378001559103755
48458,0.03246454241146279
48459,0.02478003645156074
48467,0.0625980094138858
48468,0.3120084185574253
48472,0.5054600637905718
48474,0.15925419119994752
48475,0.036797493669005005
48477,0.35265469365546087
48478,0.03059887299191614
48480,0.2008511483529822
48481,0.3248778180222709
48488,0.056948454860872445
48489,0.10310565005968035
48501,0.8218775174427088
48504,0.1650902945200159
48505,0.0383020933424109
48509,0.2892957589609062
48512,0.12627685978533443
48513,0.09489406755888698
48517,0.3637286544984429
48518,0.05684698466029678
48520,0.5838489654897554
48522,0.018683592778543034
48524,0.19161232127518055
48525,0.13974028881856368
48531,0.4445164479556647
48533,0.23565211635210934
48534,0.7671829107598325
48535,0.027025640692171265
48540,0.1993970557067668
48549,0.3329917187352515
48552,0.2718713092987736
48555,0.07760715509662204
48557,0.06329470771376328
48559,0.2644276249209537
48561,0.23924507418999866
48570,0.04689562735650544
48571,0.06372604535764861
48572,0.016160929087992288
48577,0.0775036891872972
48578,0.09116082043868977
48579,0.06478682100216462
48584,0.07783284694294965
48585,0.03562009040351268
48597,0.45731802610060307
48600,0.12366711932041374
48605,0.3448240722570334
48610,0.06057071811984878
48613,0.06923571559539148
48614,0.0331701360915565
48616,0.10870313993775552
48619,0.41397983041471653
48620,0.7529837053373656
48622,0.02287834578305636
48623,0.023878587246119146
48630,0.5424618420984995
48633,0.665263775075721
48637,0.574053318906983
48638,0.018807530914991093
48640,0.028391815254521485
48641,0.05545602329169387
48642,0.13923523160758317
48643,0.03197050351239748
48650,0.05605692566578106
48654,0.2183520086136893
48656,0.024055176928954418
48657,0.08268144753001326
48659,0.5740398439813308
48660,0.0491131438141333
48669,0.03197375815183406
48671,0.24793071058905272
48674,0.05546884260322198
48675,0.06744941325652687
48677,0.012248326041915421
48682,0.13355141951507812
48685,0.32152929446271505
48687,0.1549479813078203
48690,0.2328993768276822
48691,0.3145047903444668
48699,0.014299386988226925
48705,0.5476123467593672
48707,0.6234028939658353
48711,0.18447344064759227
48713,0.24828408663728171
48721,0.035607681862710724
48725,0.4854453182295618
48726,0.2133932378604975
48727,0.0443693717061826
48729,0.12705847133870932
48730,0.04423023696668309
48733,0.10920832924521391
48735,0.2339311261429653
48737,0.5639838235953171
48739,0.19895601274759767
48742,0.37753930586820267
48744,0.08578796269649146
48747,0.021266084381248565
48754,0.28198639009273424
48755,0.15940957443253792
48756,0.08181895946675136
48757,0.10751726948345845
48759,0.05648368327588005
48761,0.3209789395975241
48762,0.9230882655675534
48764,0.37674709297625636
48765,0.3229441893564239
48770,0.4167892036525332
48775,0.2580844484357845
48777,0.31250211902752056
48778,0.06728735633692218
48781,0.17640061644907148
48786,0.4522950549052446
48794,0.1570121055141092
48796,0.1060401268745289
48797,0.05018419740727556
48798,0.20768991077088034
48799,0.1577176345327607
48800,0.2509598968198114
48803,0.40972136517641594
48808,0.03641513738939191
48809,0.198100489299853
48815,0.07393528665074234
48822,0.05534479561157586
48823,0.24401462146264014
48826,0.10797405460133586
48829,0.07721115139554877
48831,0.2927694586754679
48835,0.5417736309132506
48838,0.19361392287124118
48839,0.05645214727457485
48840,0.555467447963587
48841,0.15570413395691776
48845,0.05161352590743404
48850,0.04905424251383549
48851,0.02239176737624616
48852,0.057418217755894056
48854,0.19671265786047845
48858,0.09288771604454109
48863,0.10934160029303977
48867,0.3797555547367808
48868,0.05287565639602258
48873,0.09838400206267227
48874,0.04528516985928558
48876,0.06559877759542859
48884,0.23990685074407733
48885,0.5294299409021082
48898,0.1369636540030123
48899,0.14668967389198553
48904,0.058999296550169396
48905,0.7715811507235264
48907,0.07369487273320686
48910,0.6560305001285412
48912,0.5818416454939684
48914,0.04563092336103875
48917,0.3731720190696556
48918,0.04466083175625717
48922,0.2259867898689255
48936,0.03437782270965955
48940,0.37092983326717627
48949,0.5470855301330119
48952,0.5742791293294394
48961,0.05997468811653894
48962,0.237287174043714
48965,0.5732513863476787
48966,0.024484850777974604
48976,0.11031599252374821
48984,0.4022772479301739
48991,0.062215319657120086
48994,0.06136613803515793
49000,0.014185051520017321
49001,0.5759223770794987
49005,0.05954171859631364
49006,0.7173143110636564
49010,0.17249160622951143
49016,0.10185635957841353
49017,0.009437987392955661
49018,0.03019501211527884
49022,0.06531923864315067
49025,0.09251413287286823
49027,0.0434874567584806
49028,0.05639998035189101
49030,0.04556415776468656
49033,0.23872358726068843
49039,0.060829588828120756
49042,0.21157947817135575
49046,0.11427882088299737
49051,0.09346990674373126
49056,0.08123865843738544
49057,0.07278116073327062
49058,0.10623421005743731
49060,0.06063455783855782
49063,0.039493807515459244
49071,0.306000020474423
49074,0.04507375202266501
49075,0.19025663043336963
49076,0.07658819862827444
49079,0.5707594319234145
49080,0.14488349299055858
49091,0.005649506812776564
49094,0.03849986896612942
49096,0.2352086152355247
49100,0.27324952687158366
49103,0.03965002162597871
49104,0.023188647582353863
49108,0.04571066271510115
49111,0.23493185716454867
49113,0.055095720790000385
49114,0.04702144079769561
49115,0.091416795608608
49117,0.21712801094121936
49121,0.04427936165314774
49129,0.06793238388481287
49130,0.555842823006816
49136,0.18714073895695812
49145,0.575331120693734
49146,0.12330726221440297
49148,0.2864958878208727
49150,0.1878246374979051
49151,0.5199174882580544
49152,0.05932478008957351
49155,0.07748353463533182
49164,0.08041877339950505
49166,0.2312042436092177
49168,0.3296714991030339
49169,0.11004370065473361
49171,0.6662709182752871
49177,0.08315518294848642
49178,0.3254852615992698
49179,0.13039600525513712
49185,0.026603907419601187
49189,0.41754138510054506
49193,0.17884827282975438
49195,0.09388743298914523
49196,0.266907685057554
49201,0.1564964131375131
49202,0.01462587920267845
49204,0.02019764428765541
49210,0.2734016146032789
49211,0.1996540635908673
49223,0.2802197163340615
49224,0.5303901320811799
49227,0.31694175910217104
49230,0.04116187499044363
49231,0.026072125809612236
49233,0.2687295073668952
49236,0.011288921683699852
49247,0.1534349125296974
49248,0.02453254521351251
49249,0.0824322919498973
49251,0.039612386112924385
49252,0.5193545349377564
49255,0.20037184226029237
49256,0.2192208564092747
49258,0.026548201407323637
49276,0.09847172227981607
49278,0.1915743355747243
49281,0.09210900525778715
49283,0.031280706317634195
49290,0.013905300214190971
49294,0.20012890755214022
49295,0.10562368914862272
49299,0.029367865753242194
49301,0.8422389448989489
49307,0.09852823752313757
49310,0.013468544845863784
49311,0.07689853725216832
49318,0.12179014215281096
49325,0.040035776594553395
49326,0.03226368684435738
49327,0.06469345591564551
49329,0.060199248237722186
49334,0.09648402651170004
49340,0.3891269843790275
49341,0.028980465342815512
49346,0.461970103962651
49347,0.008849933215055839
49351,0.024246617020749837
49354,0.2002207335334955
49359,0.48929391193842287
49360,0.6662333657317602
49364,0.49591351655480437
49365,0.13705553490721553
49367,0.23080937459642176
49376,0.0858641555187701
49379,0.08419827886847295
49381,0.10889700932843374
49382,0.028554823116482247
49383,0.13091957575183427
49387,0.012251692659306358
49389,0.1299726746458547
49392,0.04485076397513451
49394,0.09693370009238252
49395,0.02328130063910834
49400,0.77321753938789
49403,0.14183022423454708
49404,0.018200968442826516
49407,0.10581941762050118
49414,0.1947984271879449
49417,0.06835279262471397
49424,0.05139081040941211
49425,0.07634488494985539
49427,0.2163068012925399
49432,0.07874400410526827
49433,0.08754581989149222
49436,0.10316141236382681
49437,0.11658009217449405
49439,0.10414877980384005
49440,0.3456015174012816
49446,0.07635489826407066
49447,0.2669337454052656
49448,0.10442820836401717
49449,0.18375174205853123
49451,0.03410732999284281
49457,0.3874093260970742
49458,0.3618463320239109
49460,0.18137048687978774
49469,0.3061287143518906
49480,0.3282070536001124
49483,0.8282867258550779
49484,0.08059390730166552
49490,0.060599896490898426
49491,0.035010459361052355
49497,0.06898384885050503
49500,0.20084514532401904
49508,0.20599447746053542
49513,0.13623771110760408
49515,0.09992594117609944
49521,0.46444458268557565
49532,0.09652712547637045
49538,0.3486390445733869
49552,0.2754378670623471
49554,0.07567774222440679
49555,0.2181612036303625
49558,0.034412183199567466
49560,0.08187996462392147
49563,0.06924662534642018
49564,0.05082686167283172
49565,0.020078134860936157
49574,0.5060249123531535
49576,0.28818463733448973
49578,0.021932431497074235
49582,0.06334037046468138
49590,0.20086553088033468
49591,0.016132616753448677
49597,0.07990807097752615
49600,0.14813639488227676
49602,0.1379013486054535
49606,0.1654290560638364
49608,0.10445833723017137
49610,0.09260193895915089
49612,0.12541167681017928
49616,0.609426523505905
49617,0.04241507926402003
49619,0.6250819386901775
49624,0.24847663847112086
49627,0.4375013479816083
49628,0.1738943182408917
49629,0.0718010529864037
49633,0.3728906559985822
49635,0.07498868639540739
49642,0.19529020672229255
49644,0.19018799081922796
49647,0.2224903690511645
49648,0.6567394731942391
49655,0.029022935998765365
49657,0.3520787465273427
49658,0.058500199134045285
49659,0.4994622427492864
49662,0.4412500094361772
49670,0.1116560549867402
49672,0.062010632055952045
49681,0.1037439854406568
49684,0.7986938563358761
49691,0.1910049233292086
49692,0.7925701636795117
49696,0.030079635720384044
49700,0.3003809947137956
49703,0.11970745621013656
49706,0.7606988595299798
49708,0.18607119003170514
49709,0.5061799048548662
49716,0.5425324072775559
49717,0.04766477588887379
49722,0.22298957944535405
49724,0.20459058873619682
49733,0.424064716637073
49737,0.036631896696330775
49738,0.689035756044882
49742,0.8735378587334428
49744,0.05011355606914352
49745,0.022416696876524853
49748,0.061521205960660706
49749,0.20172040830286986
49751,0.0848679920604195
49752,0.04404861257010809
49756,0.5306636659670991
49758,0.6570452839838166
49759,0.12114486227624123
49764,0.5155732979809211
49771,0.08833490568123709
49772,0.020497606038001378
49773,0.2151652748954737
49777,0.6246915395757933
49779,0.1772824396230276
49781,0.06797484097469735
49782,0.3524585645870423
49789,0.20754184640513207
49793,0.032937757600360044
49795,0.01615393461669055
49797,0.07202006093388172
49805,0.042848809078094595
49807,0.03440395746125843
49808,0.2523005394537477
49812,0.2996628354246051
49814,0.2357771160373014
49816,0.15010720579810233
49818,0.08519038964626022
49820,0.0214210535811865
49821,0.08074375351804478
49827,0.15176398106010075
49829,0.32456885602144203
49831,0.1868826361254928
49833,0.05228068666789192
49840,0.0352484998676822
49844,0.045607305981939246
49846,0.2451972376847119
49848,0.29436071511673784
49849,0.04097421809229281
49852,0.7712333385090823
49863,0.12289776664792554
49869,0.780818992447221
49871,0.56763822329539
49873,0.6483215233226318
49874,0.47935269874219605
49881,0.36547018098463624
49882,0.09452422799494892
49884,0.9138205221534474
49886,0.3173002583572548
49893,0.055467640063959475
49898,0.1350358658853822
49899,0.1525995768805992
49901,0.03358870417981845
49902,0.14301707515225692
49903,0.8070712791618434
49905,0.5248706446528767
49912,0.01241327175493283
49917,0.0526442566852195
49923,0.439665665705456
49928,0.146832890970167
49936,0.06102290215686654
49938,0.07017942444035966
49941,0.033323515160544465
49944,0.3645506504594997
49947,0.05830426528733659
49948,0.1247737007385852
49950,0.5191673594240902
49952,0.30260101325556676
49959,0.07519060203290477
49966,0.046522763103497955
49972,0.06932103436934818
49978,0.08274173904818546
49979,0.08459744782250131
49980,0.0625934209198552
49983,0.32429280212808254
49987,0.2037631381862507
49989,0.009400081923513938
49992,0.5895801131279933
49995,0.09571157605659147
49996,0.22220148467636672
49997,0.6930193399360566
