id,label
100000,sea
100001,forest
100002,buildings
100003,street
100004,sea
100005,mountain
100006,street
100007,forest
100008,street
100009,forest
100010,street
100011,forest
100012,street
100013,buildings
100014,sea
100015,mountain
100016,street
100017,buildings
100018,sea
100019,mountain
100020,forest
100021,mountain
100022,street
100023,buildings
100024,mountain
100025,street
100026,glacier
100027,forest
100028,sea
100029,glacier
100030,street
100031,forest
100032,mountain
100033,forest
100034,buildings
100035,glacier
100036,mountain
100037,buildings
100038,sea
100039,forest
100040,mountain
100041,mountain
100042,street
100043,glacier
100044,forest
100045,mountain
100046,street
100047,glacier
100048,buildings
100049,sea
100050,buildings
100051,sea
100052,mountain
100053,glacier
100054,buildings
100055,sea
100056,mountain
100057,forest
100058,forest
100059,glacier
100060,forest
100061,glacier
100062,buildings
100063,glacier
100064,mountain
100065,buildings
100066,glacier
100067,glacier
100068,forest
100069,mountain
100070,glacier
100071,forest
100072,street
100073,sea
100074,sea
100075,buildings
100076,buildings
100077,forest
100078,buildings
100079,mountain
100080,glacier
100081,buildings
100082,street
100083,mountain
100084,mountain
100085,glacier
100086,glacier
100087,sea
100088,forest
100089,sea
100090,buildings
100091,mountain
100092,street
100093,forest
100094,street
100095,forest
100096,glacier
100097,buildings
100098,sea
100099,buildings
100100,mountain
100101,sea
100102,street
100103,glacier
100104,forest
100105,mountain
100106,sea
100107,mountain
100108,buildings
100109,forest
100110,glacier
100111,mountain
100112,mountain
100113,street
100114,glacier
100115,glacier
100116,forest
100117,street
100118,sea
100119,buildings
100120,glacier
100121,street
100122,street
100123,mountain
100124,mountain
100125,buildings
100126,forest
100127,street
100128,mountain
100129,mountain
100130,mountain
100131,forest
100132,mountain
100133,mountain
100134,mountain
100135,glacier
100136,sea
100137,forest
100138,mountain
100139,sea
100140,glacier
100141,street
100142,mountain
100143,buildings
100144,forest
100145,street
100146,mountain
100147,street
100148,glacier
100149,mountain
100150,forest
100151,street
100152,street
100153,glacier
100154,forest
100155,street
100156,mountain
100157,glacier
100158,buildings
100159,street
100160,street
100161,mountain
100162,forest
100163,buildings
100164,buildings
100165,mountain
100166,buildings
100167,sea
100168,mountain
100169,forest
100170,glacier
100171,forest
100172,street
100173,forest
100174,sea
100175,glacier
100176,sea
100177,street
100178,sea
100179,forest
100180,mountain
100181,forest
100182,buildings
100183,glacier
100184,street
100185,buildings
100186,sea
100187,sea
100188,glacier
100189,buildings
100190,glacier
100191,glacier
100192,sea
100193,mountain
100194,glacier
100195,sea
100196,street
100197,sea
100198,buildings
100199,mountain
100200,forest
100201,forest
100202,buildings
100203,mountain
100204,sea
100205,mountain
100206,glacier
100207,glacier
100208,glacier
100209,sea
100210,mountain
100211,mountain
100212,mountain
100213,street
100214,glacier
100215,forest
100216,forest
100217,street
100218,sea
100219,mountain
100220,sea
100221,forest
100222,mountain
100223,sea
100224,forest
100225,sea
100226,street
100227,buildings
100228,glacier
100229,buildings
100230,glacier
100231,glacier
100232,street
100233,buildings
100234,buildings
100235,forest
100236,buildings
100237,glacier
100238,mountain
100239,buildings
100240,street
100241,buildings
100242,sea
100243,street
100244,sea
100245,mountain
100246,buildings
100247,sea
100248,street
100249,mountain
100250,mountain
100251,mountain
100252,glacier
100253,forest
100254,glacier
100255,buildings
100256,street
100257,sea
100258,mountain
100259,mountain
100260,buildings
100261,street
100262,glacier
100263,street
100264,buildings
100265,street
100266,mountain
100267,forest
100268,forest
100269,forest
100270,street
100271,glacier
100272,forest
100273,glacier
100274,mountain
100275,glacier
100276,street
100277,street
100278,buildings
100279,sea
100280,street
100281,forest
100282,forest
100283,sea
100284,glacier
100285,sea
100286,sea
100287,mountain
100288,buildings
100289,forest
100290,mountain
100291,glacier
100292,buildings
100293,glacier
100294,street
100295,forest
100296,mountain
100297,buildings
100298,forest
100299,sea
100300,forest
100301,buildings
100302,sea
100303,forest
100304,glacier
100305,glacier
100306,street
100307,mountain
100308,forest
100309,buildings
100310,buildings
100311,glacier
100312,street
100313,forest
100314,glacier
100315,mountain
100316,sea
100317,buildings
100318,mountain
100319,mountain
100320,sea
100321,sea
100322,mountain
100323,glacier
100324,glacier
100325,glacier
100326,forest
100327,buildings
100328,mountain
100329,mountain
100330,mountain
100331,mountain
100332,mountain
100333,mountain
100334,forest
100335,glacier
100336,forest
100337,sea
100338,forest
100339,mountain
100340,buildings
100341,glacier
100342,sea
100343,glacier
100344,forest
100345,forest
100346,street
100347,glacier
100348,mountain
100349,mountain
100350,street
100351,glacier
100352,mountain
100353,street
100354,buildings
100355,glacier
100356,street
100357,forest
100358,street
100359,forest
100360,mountain
100361,buildings
100362,sea
100363,buildings
100364,glacier
100365,sea
100366,sea
100367,glacier
100368,forest
100369,forest
100370,glacier
100371,street
100372,glacier
100373,sea
100374,mountain
100375,glacier
100376,mountain
100377,mountain
100378,sea
100379,glacier
100380,forest
100381,glacier
100382,glacier
100383,sea
100384,sea
100385,street
100386,buildings
100387,street
100388,mountain
100389,street
100390,mountain
100391,buildings
100392,buildings
100393,mountain
100394,mountain
100395,sea
100396,forest
100397,sea
100398,street
100399,sea
100400,forest
100401,street
100402,mountain
100403,mountain
100404,mountain
100405,buildings
100406,forest
100407,buildings
100408,mountain
100409,buildings
100410,sea
100411,street
100412,forest
100413,mountain
100414,buildings
100415,sea
100416,forest
100417,street
100418,buildings
100419,sea
100420,buildings
100421,glacier
100422,sea
100423,street
100424,street
100425,forest
100426,street
100427,sea
100428,buildings
100429,buildings
100430,mountain
100431,mountain
100432,street
100433,mountain
100434,forest
100435,street
100436,mountain
100437,mountain
100438,mountain
100439,buildings
100440,sea
100441,glacier
100442,sea
100443,sea
100444,mountain
100445,street
100446,sea
100447,forest
100448,glacier
100449,glacier
100450,glacier
100451,glacier
100452,mountain
100453,glacier
100454,buildings
100455,forest
100456,mountain
100457,glacier
100458,sea
100459,mountain
100460,street
100461,street
100462,glacier
100463,mountain
100464,forest
100465,glacier
100466,glacier
100467,mountain
100468,forest
100469,glacier
100470,forest
100471,forest
100472,glacier
100473,buildings
100474,glacier
100475,mountain
100476,sea
100477,buildings
100478,street
100479,forest
100480,buildings
100481,forest
100482,forest
100483,forest
100484,glacier
100485,forest
100486,sea
100487,buildings
100488,sea
100489,forest
100490,buildings
100491,mountain
100492,buildings
100493,buildings
100494,forest
100495,mountain
100496,street
100497,forest
100498,glacier
100499,mountain
100500,buildings
100501,mountain
100502,sea
100503,buildings
100504,street
100505,glacier
100506,forest
100507,forest
100508,glacier
100509,buildings
100510,forest
100511,buildings
100512,street
100513,forest
100514,glacier
100515,sea
100516,sea
100517,mountain
100518,sea
100519,sea
100520,glacier
100521,glacier
100522,street
100523,mountain
100524,forest
100525,forest
100526,street
100527,glacier
100528,sea
100529,forest
100530,mountain
100531,forest
100532,mountain
100533,street
100534,mountain
100535,forest
100536,mountain
100537,sea
100538,glacier
100539,glacier
100540,street
100541,mountain
100542,forest
100543,street
100544,buildings
100545,buildings
100546,buildings
100547,buildings
100548,mountain
100549,street
100550,forest
100551,glacier
100552,sea
100553,buildings
100554,street
100555,mountain
100556,forest
100557,mountain
100558,buildings
100559,mountain
100560,street
100561,street
100562,sea
100563,mountain
100564,mountain
100565,mountain
100566,sea
100567,mountain
100568,street
100569,buildings
100570,street
100571,mountain
100572,mountain
100573,mountain
100574,buildings
100575,forest
100576,sea
100577,forest
100578,street
100579,street
100580,mountain
100581,mountain
100582,sea
100583,forest
100584,mountain
100585,forest
100586,street
100587,forest
100588,forest
100589,mountain
100590,street
100591,buildings
100592,sea
100593,buildings
100594,street
100595,sea
100596,mountain
100597,street
100598,street
100599,forest
100600,sea
100601,mountain
100602,glacier
100603,mountain
100604,glacier
100605,forest
100606,mountain
100607,forest
100608,forest
100609,buildings
100610,buildings
100611,sea
100612,forest
100613,street
100614,mountain
100615,forest
100616,forest
100617,sea
100618,mountain
100619,street
100620,forest
100621,buildings
100622,buildings
100623,street
100624,street
100625,forest
100626,sea
100627,street
100628,forest
100629,street
100630,mountain
100631,forest
100632,forest
100633,glacier
100634,glacier
100635,glacier
100636,street
100637,glacier
100638,mountain
100639,mountain
100640,mountain
100641,street
100642,mountain
100643,mountain
100644,mountain
100645,mountain
100646,sea
100647,mountain
100648,sea
100649,forest
100650,buildings
100651,sea
100652,buildings
100653,mountain
100654,mountain
100655,mountain
100656,glacier
100657,buildings
100658,street
100659,glacier
100660,mountain
100661,mountain
100662,sea
100663,sea
100664,sea
100665,glacier
100666,sea
100667,buildings
100668,buildings
100669,buildings
100670,sea
100671,buildings
100672,sea
100673,glacier
100674,buildings
100675,mountain
100676,glacier
100677,glacier
100678,forest
100679,glacier
100680,buildings
100681,buildings
100682,street
100683,mountain
100684,street
100685,glacier
100686,mountain
100687,glacier
100688,sea
100689,street
100690,glacier
100691,forest
100692,mountain
100693,glacier
100694,mountain
100695,buildings
100696,mountain
100697,forest
100698,sea
100699,glacier
100700,sea
100701,glacier
100702,mountain
100703,sea
100704,street
100705,sea
100706,forest
100707,mountain
100708,mountain
100709,street
100710,mountain
100711,street
100712,glacier
100713,street
100714,mountain
100715,sea
100716,glacier
100717,buildings
100718,buildings
100719,sea
100720,street
100721,mountain
100722,buildings
100723,mountain
100724,mountain
100725,street
100726,sea
100727,buildings
100728,forest
100729,sea
100730,street
100731,mountain
100732,buildings
100733,sea
100734,glacier
100735,street
100736,glacier
100737,sea
100738,buildings
100739,mountain
100740,sea
100741,mountain
100742,forest
100743,mountain
100744,buildings
100745,mountain
100746,sea
100747,buildings
100748,forest
100749,sea
100750,glacier
100751,mountain
100752,glacier
100753,forest
100754,forest
100755,buildings
100756,sea
100757,glacier
100758,forest
100759,sea
100760,forest
100761,forest
100762,mountain
100763,street
100764,street
100765,sea
100766,sea
100767,mountain
100768,sea
100769,glacier
100770,forest
100771,sea
100772,buildings
100773,street
100774,glacier
100775,mountain
100776,sea
100777,forest
100778,buildings
100779,sea
100780,mountain
100781,glacier
100782,glacier
100783,sea
100784,sea
100785,buildings
100786,mountain
100787,mountain
100788,buildings
100789,buildings
100790,buildings
100791,mountain
100792,mountain
100793,glacier
100794,forest
100795,forest
100796,sea
100797,street
100798,glacier
100799,mountain
100800,mountain
100801,sea
100802,forest
100803,forest
100804,forest
100805,street
100806,mountain
100807,street
100808,forest
100809,sea
100810,mountain
100811,glacier
100812,mountain
100813,glacier
100814,street
100815,mountain
100816,buildings
100817,sea
100818,sea
100819,sea
100820,buildings
100821,buildings
100822,buildings
100823,glacier
100824,buildings
100825,glacier
100826,street
100827,buildings
100828,street
100829,street
100830,glacier
100831,glacier
100832,glacier
100833,buildings
100834,glacier
100835,street
100836,street
100837,buildings
100838,mountain
100839,street
100840,forest
100841,forest
100842,mountain
100843,mountain
100844,buildings
100845,forest
100846,street
100847,sea
100848,sea
100849,buildings
100850,glacier
100851,buildings
100852,sea
100853,forest
100854,street
100855,street
100856,buildings
100857,glacier
100858,street
100859,buildings
100860,street
100861,sea
100862,sea
100863,forest
100864,buildings
100865,buildings
100866,glacier
100867,glacier
100868,glacier
100869,buildings
100870,mountain
100871,glacier
100872,mountain
100873,mountain
100874,forest
100875,buildings
100876,mountain
100877,street
100878,street
100879,street
100880,forest
100881,mountain
100882,forest
100883,glacier
100884,sea
100885,mountain
100886,mountain
100887,mountain
100888,buildings
100889,buildings
100890,street
100891,forest
100892,glacier
100893,mountain
100894,street
100895,buildings
100896,buildings
100897,mountain
100898,street
100899,mountain
100900,buildings
100901,sea
100902,sea
100903,glacier
100904,street
100905,forest
100906,forest
100907,forest
100908,sea
100909,glacier
100910,street
100911,forest
100912,buildings
100913,street
100914,forest
100915,sea
100916,glacier
100917,buildings
100918,street
100919,mountain
100920,street
100921,buildings
100922,street
100923,buildings
100924,forest
100925,mountain
100926,forest
100927,street
100928,glacier
100929,glacier
100930,forest
100931,mountain
100932,forest
100933,glacier
100934,buildings
100935,mountain
100936,glacier
100937,street
100938,street
100939,forest
100940,mountain
100941,glacier
100942,forest
100943,glacier
100944,forest
100945,street
100946,mountain
100947,sea
100948,buildings
100949,glacier
100950,sea
100951,street
100952,sea
100953,street
100954,mountain
100955,buildings
100956,sea
100957,buildings
100958,glacier
100959,glacier
100960,street
100961,street
100962,forest
100963,sea
100964,sea
100965,buildings
100966,street
100967,street
100968,mountain
100969,buildings
100970,mountain
100971,forest
100972,mountain
100973,street
100974,sea
100975,street
100976,street
100977,forest
100978,glacier
100979,buildings
100980,forest
100981,street
100982,street
100983,forest
100984,street
100985,street
100986,mountain
100987,glacier
100988,street
100989,mountain
100990,mountain
100991,mountain
100992,mountain
100993,sea
100994,forest
100995,sea
100996,sea
100997,mountain
100998,mountain
100999,buildings
101000,forest
101001,forest
101002,forest
101003,glacier
101004,street
101005,street
101006,street
101007,street
101008,street
101009,glacier
101010,mountain
101011,sea
101012,mountain
101013,glacier
101014,mountain
101015,buildings
101016,street
101017,mountain
101018,glacier
101019,buildings
101020,sea
101021,sea
101022,buildings
101023,forest
101024,glacier
101025,glacier
101026,mountain
101027,buildings
101028,mountain
101029,forest
101030,mountain
101031,sea
101032,street
101033,sea
101034,buildings
101035,street
101036,forest
101037,sea
101038,forest
101039,street
101040,mountain
101041,mountain
101042,street
101043,street
101044,street
101045,glacier
101046,forest
101047,mountain
101048,glacier
101049,street
101050,buildings
101051,glacier
101052,sea
101053,sea
101054,glacier
101055,street
101056,buildings
101057,mountain
101058,forest
101059,sea
101060,street
101061,street
101062,street
101063,mountain
101064,mountain
101065,mountain
101066,street
101067,forest
101068,mountain
101069,forest
101070,mountain
101071,street
101072,street
101073,sea
101074,mountain
101075,sea
101076,glacier
101077,sea
101078,sea
101079,street
101080,glacier
101081,buildings
101082,mountain
101083,mountain
101084,mountain
101085,mountain
101086,street
101087,mountain
101088,sea
101089,street
101090,street
101091,mountain
101092,glacier
101093,forest
101094,buildings
101095,forest
101096,buildings
101097,street
101098,mountain
101099,street
101100,street
101101,buildings
101102,forest
101103,buildings
101104,buildings
101105,street
101106,glacier
101107,forest
101108,glacier
101109,mountain
101110,mountain
101111,forest
101112,sea
101113,glacier
101114,glacier
101115,buildings
101116,sea
101117,street
101118,sea
101119,forest
101120,glacier
101121,mountain
101122,sea
101123,mountain
101124,sea
101125,mountain
101126,forest
101127,buildings
101128,buildings
101129,glacier
101130,mountain
101131,sea
101132,buildings
101133,forest
101134,buildings
101135,sea
101136,street
101137,buildings
101138,street
101139,mountain
101140,mountain
101141,sea
101142,mountain
101143,glacier
101144,mountain
101145,mountain
101146,glacier
101147,glacier
101148,glacier
101149,street
101150,glacier
101151,forest
101152,forest
101153,street
101154,glacier
101155,mountain
101156,street
101157,forest
101158,buildings
101159,glacier
101160,glacier
101161,buildings
101162,mountain
101163,glacier
101164,street
101165,forest
101166,street
101167,buildings
101168,forest
101169,sea
101170,forest
101171,forest
101172,buildings
101173,street
101174,mountain
101175,glacier
101176,forest
101177,forest
101178,glacier
101179,street
101180,forest
101181,street
101182,glacier
101183,mountain
101184,buildings
101185,buildings
101186,street
101187,forest
101188,sea
101189,forest
101190,street
101191,forest
101192,buildings
101193,street
101194,forest
101195,buildings
101196,mountain
101197,buildings
101198,street
101199,street
101200,sea
101201,glacier
101202,glacier
101203,glacier
101204,sea
101205,buildings
101206,sea
101207,glacier
101208,sea
101209,forest
101210,forest
101211,mountain
101212,sea
101213,glacier
101214,mountain
101215,glacier
101216,mountain
101217,buildings
101218,forest
101219,street
101220,sea
101221,glacier
101222,forest
101223,buildings
101224,sea
101225,mountain
101226,mountain
101227,forest
101228,sea
101229,mountain
101230,sea
101231,mountain
101232,mountain
101233,mountain
101234,sea
101235,forest
101236,glacier
101237,sea
101238,glacier
101239,forest
101240,mountain
101241,mountain
101242,mountain
101243,mountain
101244,street
101245,street
101246,mountain
101247,forest
101248,mountain
101249,forest
101250,forest
101251,mountain
101252,buildings
101253,buildings
101254,street
101255,street
101256,mountain
101257,sea
101258,mountain
101259,street
101260,sea
101261,sea
101262,street
101263,sea
101264,forest
101265,mountain
101266,mountain
101267,mountain
101268,buildings
101269,forest
101270,street
101271,street
101272,glacier
101273,glacier
101274,buildings
101275,sea
101276,street
101277,forest
101278,forest
101279,glacier
101280,street
101281,sea
101282,forest
101283,forest
101284,buildings
101285,street
101286,buildings
101287,buildings
101288,glacier
101289,street
101290,glacier
101291,sea
101292,street
101293,buildings
101294,street
101295,street
101296,sea
101297,mountain
101298,buildings
101299,mountain
101300,sea
101301,sea
101302,street
101303,buildings
101304,glacier
101305,buildings
101306,buildings
101307,glacier
101308,glacier
101309,street
101310,glacier
101311,mountain
101312,street
101313,mountain
101314,mountain
101315,mountain
101316,glacier
101317,glacier
101318,buildings
101319,glacier
101320,forest
101321,buildings
101322,street
101323,mountain
101324,mountain
101325,buildings
101326,buildings
101327,street
101328,forest
101329,sea
101330,street
101331,sea
101332,street
101333,street
101334,mountain
101335,street
101336,sea
101337,forest
101338,mountain
101339,street
101340,street
101341,mountain
101342,forest
101343,buildings
101344,forest
101345,forest
101346,buildings
101347,street
101348,buildings
101349,mountain
101350,street
101351,buildings
101352,sea
101353,buildings
101354,forest
101355,street
101356,glacier
101357,buildings
101358,glacier
101359,street
101360,buildings
101361,forest
101362,buildings
101363,mountain
101364,mountain
101365,mountain
101366,sea
101367,glacier
101368,buildings
101369,mountain
101370,glacier
101371,forest
101372,forest
101373,buildings
101374,mountain
101375,mountain
101376,street
101377,glacier
101378,buildings
101379,mountain
101380,glacier
101381,forest
101382,forest
101383,buildings
101384,sea
101385,sea
101386,sea
101387,buildings
101388,forest
101389,sea
101390,glacier
101391,mountain
101392,glacier
101393,glacier
101394,mountain
101395,street
101396,forest
101397,street
101398,forest
101399,buildings
101400,street
101401,sea
101402,buildings
101403,street
101404,glacier
101405,forest
101406,sea
101407,street
101408,street
101409,street
101410,buildings
101411,sea
101412,forest
101413,forest
101414,sea
101415,glacier
101416,street
101417,forest
101418,glacier
101419,buildings
101420,glacier
101421,street
101422,mountain
101423,glacier
101424,glacier
101425,forest
101426,street
101427,street
101428,sea
101429,buildings
101430,forest
101431,street
101432,buildings
101433,street
101434,sea
101435,mountain
101436,mountain
101437,street
101438,mountain
101439,forest
101440,buildings
101441,glacier
101442,forest
101443,glacier
101444,buildings
101445,glacier
101446,forest
101447,mountain
101448,mountain
101449,forest
101450,forest
101451,forest
101452,street
101453,glacier
101454,buildings
101455,glacier
101456,street
101457,buildings
101458,sea
101459,sea
101460,sea
101461,forest
101462,mountain
101463,buildings
101464,street
101465,forest
101466,forest
101467,glacier
101468,forest
101469,mountain
101470,forest
101471,forest
101472,buildings
101473,glacier
101474,sea
101475,buildings
101476,glacier
101477,forest
101478,glacier
101479,forest
101480,mountain
101481,street
101482,forest
101483,buildings
101484,forest
101485,buildings
101486,mountain
101487,street
101488,sea
101489,street
101490,mountain
101491,forest
101492,glacier
101493,buildings
101494,forest
101495,street
101496,forest
101497,glacier
101498,forest
101499,sea
101500,glacier
101501,buildings
101502,sea
101503,forest
101504,forest
101505,sea
101506,sea
101507,glacier
101508,street
101509,sea
101510,street
101511,buildings
101512,mountain
101513,buildings
101514,buildings
101515,glacier
101516,forest
101517,street
101518,sea
101519,mountain
101520,forest
101521,buildings
101522,forest
101523,mountain
101524,sea
101525,sea
101526,sea
101527,buildings
101528,glacier
101529,street
101530,buildings
101531,mountain
101532,forest
101533,mountain
101534,glacier
101535,mountain
101536,glacier
101537,forest
101538,forest
101539,sea
101540,forest
101541,street
101542,mountain
101543,mountain
101544,forest
101545,buildings
101546,forest
101547,street
101548,mountain
101549,forest
101550,street
101551,mountain
101552,forest
101553,forest
101554,sea
101555,glacier
101556,glacier
101557,street
101558,glacier
101559,street
101560,street
101561,forest
101562,mountain
101563,forest
101564,forest
101565,street
101566,mountain
101567,glacier
101568,mountain
101569,street
101570,glacier
101571,mountain
101572,buildings
101573,glacier
101574,mountain
101575,street
101576,forest
101577,glacier
101578,street
101579,buildings
101580,street
101581,mountain
101582,glacier
101583,sea
101584,sea
101585,mountain
101586,glacier
101587,mountain
101588,street
101589,street
101590,street
101591,mountain
101592,sea
101593,buildings
101594,sea
101595,buildings
101596,buildings
101597,forest
101598,buildings
101599,glacier
101600,mountain
101601,sea
101602,street
101603,forest
101604,glacier
101605,buildings
101606,mountain
101607,street
101608,mountain
101609,mountain
101610,sea
101611,sea
101612,mountain
101613,sea
101614,street
101615,glacier
101616,buildings
101617,buildings
101618,sea
101619,sea
101620,mountain
101621,street
101622,glacier
101623,glacier
101624,street
101625,buildings
101626,glacier
101627,street
101628,buildings
101629,forest
101630,glacier
101631,forest
101632,sea
101633,buildings
101634,sea
101635,buildings
101636,glacier
101637,mountain
101638,buildings
101639,glacier
101640,mountain
101641,glacier
101642,glacier
101643,forest
101644,mountain
101645,street
101646,street
101647,glacier
101648,glacier
101649,glacier
101650,sea
101651,glacier
101652,street
101653,sea
101654,forest
101655,sea
101656,mountain
101657,mountain
101658,mountain
101659,mountain
101660,buildings
101661,mountain
101662,glacier
101663,forest
101664,buildings
101665,sea
101666,sea
101667,buildings
101668,street
101669,street
101670,glacier
101671,street
101672,street
101673,glacier
101674,sea
101675,sea
101676,street
101677,sea
101678,glacier
101679,glacier
101680,mountain
101681,forest
101682,glacier
101683,street
101684,sea
101685,street
101686,sea
101687,forest
101688,mountain
101689,mountain
101690,mountain
101691,forest
101692,mountain
101693,buildings
101694,sea
101695,mountain
101696,sea
101697,mountain
101698,mountain
101699,sea
101700,sea
101701,forest
101702,forest
101703,glacier
101704,street
101705,mountain
101706,glacier
101707,forest
101708,buildings
101709,mountain
101710,sea
101711,sea
101712,forest
101713,buildings
101714,glacier
101715,glacier
101716,street
101717,mountain
101718,glacier
101719,buildings
101720,glacier
101721,mountain
101722,street
101723,glacier
101724,glacier
101725,mountain
101726,street
101727,mountain
101728,mountain
101729,buildings
101730,buildings
101731,glacier
101732,street
101733,forest
101734,sea
101735,sea
101736,buildings
101737,mountain
101738,sea
101739,sea
101740,sea
101741,sea
101742,buildings
101743,street
101744,glacier
101745,buildings
101746,forest
101747,sea
101748,forest
101749,sea
101750,mountain
101751,forest
101752,sea
101753,street
101754,glacier
101755,glacier
101756,mountain
101757,glacier
101758,buildings
101759,mountain
101760,forest
101761,glacier
101762,buildings
101763,street
101764,street
101765,forest
101766,mountain
101767,glacier
101768,glacier
101769,mountain
101770,buildings
101771,glacier
101772,forest
101773,street
101774,mountain
101775,mountain
101776,forest
101777,sea
101778,street
101779,forest
101780,street
101781,glacier
101782,forest
101783,sea
101784,forest
101785,street
101786,glacier
101787,buildings
101788,mountain
101789,mountain
101790,sea
101791,street
101792,street
101793,mountain
101794,sea
101795,glacier
101796,buildings
101797,mountain
101798,sea
101799,glacier
101800,sea
101801,buildings
101802,street
101803,street
101804,buildings
101805,sea
101806,glacier
101807,glacier
101808,sea
101809,glacier
101810,street
101811,sea
101812,buildings
101813,glacier
101814,glacier
101815,sea
101816,mountain
101817,forest
101818,buildings
101819,buildings
101820,glacier
101821,street
101822,mountain
101823,sea
101824,sea
101825,sea
101826,mountain
101827,sea
101828,sea
101829,mountain
101830,sea
101831,glacier
101832,sea
101833,street
101834,buildings
101835,forest
101836,sea
101837,sea
101838,sea
101839,mountain
101840,glacier
101841,glacier
101842,buildings
101843,buildings
101844,forest
101845,buildings
101846,street
101847,mountain
101848,buildings
101849,buildings
101850,buildings
101851,buildings
101852,buildings
101853,street
101854,buildings
101855,forest
101856,street
101857,forest
101858,mountain
101859,forest
101860,glacier
101861,forest
101862,buildings
101863,mountain
101864,sea
101865,buildings
101866,street
101867,forest
101868,mountain
101869,mountain
101870,buildings
101871,mountain
101872,street
101873,glacier
101874,glacier
101875,mountain
101876,mountain
101877,glacier
101878,glacier
101879,glacier
101880,mountain
101881,sea
101882,street
101883,mountain
101884,forest
101885,mountain
101886,street
101887,glacier
101888,street
101889,street
101890,glacier
101891,sea
101892,forest
101893,forest
101894,street
101895,buildings
101896,glacier
101897,sea
101898,street
101899,forest
101900,mountain
101901,sea
101902,sea
101903,buildings
101904,forest
101905,mountain
101906,forest
101907,forest
101908,forest
101909,mountain
101910,buildings
101911,forest
101912,buildings
101913,sea
101914,buildings
101915,forest
101916,glacier
101917,buildings
101918,street
101919,street
101920,mountain
101921,buildings
101922,glacier
101923,glacier
101924,buildings
101925,mountain
101926,forest
101927,sea
101928,mountain
101929,buildings
101930,buildings
101931,sea
101932,forest
101933,sea
101934,buildings
101935,mountain
101936,sea
101937,street
101938,sea
101939,buildings
101940,glacier
101941,buildings
101942,street
101943,mountain
101944,buildings
101945,mountain
101946,buildings
101947,buildings
101948,buildings
101949,mountain
101950,forest
101951,sea
101952,street
101953,glacier
101954,glacier
101955,buildings
101956,sea
101957,sea
101958,glacier
101959,buildings
101960,street
101961,glacier
101962,mountain
101963,mountain
101964,buildings
101965,glacier
101966,glacier
101967,glacier
101968,glacier
101969,street
101970,buildings
101971,buildings
101972,forest
101973,sea
101974,forest
101975,glacier
101976,forest
101977,sea
101978,street
101979,sea
101980,sea
101981,street
101982,forest
101983,mountain
101984,forest
101985,buildings
101986,mountain
101987,street
101988,forest
101989,glacier
101990,street
101991,glacier
101992,street
101993,sea
101994,sea
101995,buildings
101996,sea
101997,street
101998,glacier
101999,forest
102000,sea
102001,street
102002,mountain
102003,mountain
102004,buildings
102005,glacier
102006,glacier
102007,street
102008,forest
102009,forest
102010,mountain
102011,sea
102012,glacier
102013,forest
102014,buildings
102015,mountain
102016,street
102017,glacier
102018,forest
102019,glacier
102020,forest
102021,street
102022,mountain
102023,forest
102024,street
102025,street
102026,mountain
102027,buildings
102028,mountain
102029,buildings
102030,street
102031,glacier
102032,street
102033,glacier
102034,sea
102035,glacier
102036,street
102037,sea
102038,buildings
102039,mountain
102040,sea
102041,mountain
102042,glacier
102043,forest
102044,sea
102045,mountain
102046,street
102047,forest
102048,forest
102049,glacier
102050,street
102051,glacier
102052,buildings
102053,buildings
102054,mountain
102055,sea
102056,mountain
102057,street
102058,buildings
102059,sea
102060,mountain
102061,mountain
102062,glacier
102063,buildings
102064,sea
102065,buildings
102066,glacier
102067,street
102068,street
102069,forest
102070,buildings
102071,buildings
102072,forest
102073,mountain
102074,street
102075,buildings
102076,buildings
102077,mountain
102078,buildings
102079,forest
102080,sea
102081,buildings
102082,street
102083,street
102084,sea
102085,sea
102086,glacier
102087,street
102088,forest
102089,street
102090,forest
102091,mountain
102092,buildings
102093,street
102094,mountain
102095,glacier
102096,sea
102097,glacier
102098,forest
102099,sea
102100,forest
102101,street
102102,sea
102103,mountain
102104,sea
102105,mountain
102106,forest
102107,glacier
102108,glacier
102109,street
102110,sea
102111,sea
102112,forest
102113,sea
102114,street
102115,mountain
102116,street
102117,mountain
102118,street
102119,forest
102120,sea
102121,forest
102122,forest
102123,forest
102124,sea
102125,sea
102126,sea
102127,forest
102128,street
102129,mountain
102130,mountain
102131,glacier
102132,forest
102133,forest
102134,sea
102135,sea
102136,street
102137,street
102138,mountain
102139,sea
102140,sea
102141,glacier
102142,glacier
102143,mountain
102144,forest
102145,forest
102146,buildings
102147,mountain
102148,glacier
102149,street
102150,buildings
102151,buildings
102152,glacier
102153,street
102154,mountain
102155,glacier
102156,forest
102157,glacier
102158,mountain
102159,street
102160,mountain
102161,sea
102162,glacier
102163,street
102164,forest
102165,street
102166,buildings
102167,mountain
102168,glacier
102169,mountain
102170,sea
102171,forest
102172,sea
102173,sea
102174,street
102175,buildings
102176,street
102177,street
102178,glacier
102179,mountain
102180,sea
102181,sea
102182,buildings
102183,forest
102184,buildings
102185,sea
102186,glacier
102187,forest
102188,street
102189,sea
102190,buildings
102191,forest
102192,buildings
102193,street
102194,street
102195,street
102196,forest
102197,street
102198,mountain
102199,glacier
102200,buildings
102201,buildings
102202,sea
102203,forest
102204,forest
102205,sea
102206,buildings
102207,sea
102208,buildings
102209,street
102210,glacier
102211,glacier
102212,street
102213,glacier
102214,buildings
102215,glacier
102216,sea
102217,glacier
102218,street
102219,sea
102220,mountain
102221,sea
102222,sea
102223,glacier
102224,mountain
102225,glacier
102226,forest
102227,sea
102228,buildings
102229,forest
102230,mountain
102231,street
102232,sea
102233,buildings
102234,street
102235,glacier
102236,street
102237,buildings
102238,buildings
102239,sea
102240,glacier
102241,street
102242,glacier
102243,mountain
102244,street
102245,forest
102246,mountain
102247,forest
102248,glacier
102249,buildings
102250,buildings
102251,glacier
102252,mountain
102253,glacier
102254,forest
102255,mountain
102256,buildings
102257,glacier
102258,sea
102259,street
102260,sea
102261,mountain
102262,glacier
102263,sea
102264,forest
102265,street
102266,forest
102267,forest
102268,sea
102269,buildings
102270,street
102271,buildings
102272,street
102273,sea
102274,street
102275,glacier
102276,sea
102277,buildings
102278,mountain
102279,street
102280,buildings
102281,sea
102282,sea
102283,glacier
102284,street
102285,buildings
102286,buildings
102287,sea
102288,forest
102289,glacier
102290,mountain
102291,street
102292,street
102293,street
102294,street
102295,buildings
102296,mountain
102297,mountain
102298,glacier
102299,glacier
102300,forest
102301,mountain
102302,buildings
102303,buildings
102304,sea
102305,forest
102306,sea
102307,street
102308,mountain
102309,street
102310,buildings
102311,street
102312,glacier
102313,street
102314,street
102315,buildings
102316,sea
102317,glacier
102318,forest
102319,buildings
102320,mountain
102321,buildings
102322,sea
102323,forest
102324,sea
102325,mountain
102326,sea
102327,buildings
102328,street
102329,mountain
102330,sea
102331,sea
102332,sea
102333,mountain
102334,mountain
102335,glacier
102336,glacier
102337,mountain
102338,forest
102339,glacier
102340,forest
102341,sea
102342,forest
102343,forest
102344,sea
102345,buildings
102346,forest
102347,buildings
102348,forest
102349,mountain
102350,street
102351,buildings
102352,glacier
102353,street
102354,buildings
102355,glacier
102356,glacier
102357,sea
102358,sea
102359,sea
102360,mountain
102361,forest
102362,buildings
102363,glacier
102364,mountain
102365,forest
102366,glacier
102367,glacier
102368,street
102369,buildings
102370,forest
102371,glacier
102372,sea
102373,glacier
102374,mountain
102375,glacier
102376,street
102377,mountain
102378,forest
102379,glacier
102380,street
102381,mountain
102382,sea
102383,mountain
102384,buildings
102385,mountain
102386,buildings
102387,forest
102388,sea
102389,mountain
102390,sea
102391,sea
102392,street
102393,buildings
102394,forest
102395,mountain
102396,mountain
102397,sea
102398,forest
102399,sea
102400,street
102401,forest
102402,mountain
102403,glacier
102404,forest
102405,street
102406,mountain
102407,sea
102408,mountain
102409,mountain
102410,mountain
102411,street
102412,forest
102413,forest
102414,sea
102415,forest
102416,glacier
102417,mountain
102418,forest
102419,mountain
102420,glacier
102421,buildings
102422,street
102423,mountain
102424,sea
102425,street
102426,glacier
102427,forest
102428,glacier
102429,glacier
102430,mountain
102431,glacier
102432,sea
102433,buildings
102434,sea
102435,sea
102436,mountain
102437,mountain
102438,street
102439,glacier
102440,forest
102441,glacier
102442,forest
102443,street
102444,street
102445,glacier
102446,glacier
102447,buildings
102448,forest
102449,buildings
102450,mountain
102451,mountain
102452,forest
102453,glacier
102454,buildings
102455,buildings
102456,mountain
102457,glacier
102458,buildings
102459,mountain
102460,street
102461,sea
102462,forest
102463,glacier
102464,forest
102465,street
102466,street
102467,buildings
102468,buildings
102469,sea
102470,glacier
102471,sea
102472,street
102473,mountain
102474,buildings
102475,glacier
102476,forest
102477,forest
102478,buildings
102479,street
102480,sea
102481,mountain
102482,glacier
102483,buildings
102484,mountain
102485,buildings
102486,mountain
102487,mountain
102488,forest
102489,street
102490,sea
102491,sea
102492,sea
102493,buildings
102494,sea
102495,buildings
102496,mountain
102497,forest
102498,mountain
102499,mountain
102500,glacier
102501,glacier
102502,forest
102503,glacier
102504,buildings
102505,buildings
102506,forest
102507,forest
102508,glacier
102509,sea
102510,mountain
102511,glacier
102512,street
102513,sea
102514,mountain
102515,mountain
102516,sea
102517,street
102518,street
102519,street
102520,mountain
102521,forest
102522,mountain
102523,buildings
102524,glacier
102525,sea
102526,sea
102527,glacier
102528,buildings
102529,glacier
102530,buildings
102531,mountain
102532,glacier
102533,sea
102534,street
102535,street
102536,sea
102537,mountain
102538,glacier
102539,sea
102540,mountain
102541,forest
102542,glacier
102543,sea
102544,forest
102545,street
102546,sea
102547,buildings
102548,buildings
102549,sea
102550,mountain
102551,forest
102552,sea
102553,buildings
102554,sea
102555,mountain
102556,mountain
102557,glacier
102558,mountain
102559,buildings
102560,street
102561,forest
102562,mountain
102563,sea
102564,forest
102565,street
102566,buildings
102567,buildings
102568,mountain
102569,glacier
102570,forest
102571,sea
102572,mountain
102573,sea
102574,forest
102575,buildings
102576,sea
102577,mountain
102578,forest
102579,forest
102580,buildings
102581,buildings
102582,street
102583,street
102584,mountain
102585,forest
102586,buildings
102587,mountain
102588,forest
102589,mountain
102590,glacier
102591,glacier
102592,street
102593,forest
102594,buildings
102595,forest
102596,street
102597,forest
102598,sea
102599,mountain
102600,buildings
102601,street
102602,mountain
102603,sea
102604,glacier
102605,forest
102606,glacier
102607,sea
102608,street
102609,forest
102610,street
102611,buildings
102612,street
102613,sea
102614,street
102615,forest
102616,glacier
102617,glacier
102618,street
102619,mountain
102620,sea
102621,glacier
102622,glacier
102623,mountain
102624,sea
102625,mountain
102626,street
102627,glacier
102628,forest
102629,buildings
102630,glacier
102631,street
102632,forest
102633,glacier
102634,buildings
102635,mountain
102636,street
102637,buildings
102638,glacier
102639,street
102640,street
102641,glacier
102642,sea
102643,sea
102644,buildings
102645,street
102646,mountain
102647,glacier
102648,buildings
102649,street
102650,forest
102651,street
102652,mountain
102653,buildings
102654,forest
102655,forest
102656,sea
102657,sea
102658,glacier
102659,street
102660,mountain
102661,mountain
102662,buildings
102663,sea
102664,glacier
102665,street
102666,glacier
102667,street
102668,street
102669,buildings
102670,mountain
102671,street
102672,glacier
102673,buildings
102674,mountain
102675,forest
102676,mountain
102677,street
102678,glacier
102679,mountain
102680,street
102681,glacier
102682,sea
102683,sea
102684,street
102685,street
102686,buildings
102687,forest
102688,street
102689,buildings
102690,glacier
102691,glacier
102692,buildings
102693,sea
102694,buildings
102695,street
102696,street
102697,glacier
102698,glacier
102699,forest
102700,sea
102701,glacier
102702,sea
102703,street
102704,mountain
102705,glacier
102706,glacier
102707,forest
102708,glacier
102709,street
102710,glacier
102711,buildings
102712,sea
102713,sea
102714,mountain
102715,mountain
102716,mountain
102717,buildings
102718,glacier
102719,buildings
102720,buildings
102721,glacier
102722,street
102723,buildings
102724,street
102725,mountain
102726,street
102727,forest
102728,street
102729,buildings
102730,street
102731,street
102732,glacier
102733,glacier
102734,glacier
102735,street
102736,street
102737,buildings
102738,street
102739,mountain
102740,glacier
102741,mountain
102742,street
102743,glacier
102744,sea
102745,forest
102746,mountain
102747,forest
102748,street
102749,street
102750,glacier
102751,mountain
102752,street
102753,glacier
102754,sea
102755,mountain
102756,glacier
102757,buildings
102758,mountain
102759,sea
102760,street
102761,buildings
102762,mountain
102763,buildings
102764,street
102765,buildings
102766,sea
102767,mountain
102768,mountain
102769,mountain
102770,buildings
102771,glacier
102772,sea
102773,glacier
102774,street
102775,street
102776,buildings
102777,mountain
102778,sea
102779,street
102780,glacier
102781,glacier
102782,buildings
102783,sea
102784,sea
102785,sea
102786,street
102787,glacier
102788,glacier
102789,mountain
102790,sea
102791,street
102792,street
102793,mountain
102794,sea
102795,sea
102796,street
102797,buildings
102798,sea
102799,street
102800,street
102801,glacier
102802,mountain
102803,buildings
102804,forest
102805,buildings
102806,street
102807,forest
102808,forest
102809,sea
102810,mountain
102811,buildings
102812,buildings
102813,buildings
102814,sea
102815,buildings
102816,forest
102817,sea
102818,mountain
102819,sea
102820,buildings
102821,mountain
102822,sea
102823,street
102824,buildings
102825,buildings
102826,buildings
102827,buildings
102828,sea
102829,mountain
102830,buildings
102831,glacier
102832,glacier
102833,street
102834,buildings
102835,buildings
102836,street
102837,street
102838,sea
102839,sea
102840,mountain
102841,street
102842,mountain
102843,glacier
102844,forest
102845,street
102846,forest
102847,glacier
102848,forest
102849,mountain
102850,glacier
102851,mountain
102852,street
102853,street
102854,mountain
102855,street
102856,forest
102857,sea
102858,sea
102859,street
102860,glacier
102861,buildings
102862,glacier
102863,street
102864,buildings
102865,sea
102866,glacier
102867,street
102868,glacier
102869,mountain
102870,forest
102871,buildings
102872,mountain
102873,buildings
102874,mountain
102875,sea
102876,street
102877,street
102878,mountain
102879,mountain
102880,buildings
102881,street
102882,glacier
102883,glacier
102884,mountain
102885,sea
102886,street
102887,glacier
102888,forest
102889,glacier
102890,street
102891,buildings
102892,sea
102893,glacier
102894,forest
102895,buildings
102896,glacier
102897,buildings
102898,forest
102899,sea
102900,street
102901,sea
102902,buildings
102903,buildings
102904,buildings
102905,buildings
102906,forest
102907,sea
102908,forest
102909,mountain
102910,sea
102911,glacier
102912,mountain
102913,street
102914,sea
102915,glacier
102916,sea
102917,forest
102918,forest
102919,glacier
102920,street
102921,forest
102922,street
102923,forest
102924,glacier
102925,mountain
102926,street
102927,street
102928,forest
102929,glacier
102930,mountain
102931,glacier
102932,forest
102933,forest
102934,forest
102935,glacier
102936,sea
102937,mountain
102938,mountain
102939,sea
102940,sea
102941,sea
102942,street
102943,forest
102944,mountain
102945,mountain
102946,mountain
102947,mountain
102948,mountain
102949,street
102950,mountain
102951,buildings
102952,street
102953,buildings
102954,mountain
102955,mountain
102956,mountain
102957,street
102958,sea
102959,mountain
102960,sea
102961,sea
102962,mountain
102963,forest
102964,mountain
102965,mountain
102966,buildings
102967,street
102968,sea
102969,sea
102970,mountain
102971,sea
102972,street
102973,mountain
102974,sea
102975,glacier
102976,street
102977,glacier
102978,buildings
102979,buildings
102980,street
102981,mountain
102982,sea
102983,buildings
102984,glacier
102985,street
102986,glacier
102987,street
102988,buildings
102989,sea
102990,glacier
102991,mountain
102992,sea
102993,mountain
102994,buildings
102995,street
102996,glacier
102997,glacier
102998,sea
102999,mountain
103000,forest
103001,mountain
103002,buildings
103003,glacier
103004,mountain
103005,mountain
103006,mountain
103007,mountain
103008,street
103009,mountain
103010,buildings
103011,mountain
103012,glacier
103013,forest
103014,sea
103015,mountain
103016,sea
103017,forest
103018,buildings
103019,mountain
103020,mountain
103021,forest
103022,glacier
103023,sea
103024,glacier
103025,mountain
103026,street
103027,buildings
103028,sea
103029,street
103030,buildings
103031,buildings
103032,buildings
103033,glacier
103034,street
103035,mountain
103036,buildings
103037,glacier
103038,street
103039,glacier
103040,sea
103041,street
103042,forest
103043,mountain
103044,mountain
103045,street
103046,sea
103047,street
103048,street
103049,street
103050,sea
103051,mountain
103052,forest
103053,forest
103054,buildings
103055,mountain
103056,buildings
103057,glacier
103058,forest
103059,glacier
103060,mountain
103061,glacier
103062,sea
103063,mountain
103064,mountain
103065,sea
103066,street
103067,street
103068,sea
103069,forest
103070,buildings
103071,mountain
103072,mountain
103073,forest
103074,street
103075,forest
103076,glacier
103077,buildings
103078,glacier
103079,forest
103080,sea
103081,mountain
103082,mountain
103083,glacier
103084,mountain
103085,mountain
103086,buildings
103087,glacier
103088,mountain
103089,sea
103090,mountain
103091,street
103092,street
103093,mountain
103094,sea
103095,glacier
103096,forest
103097,buildings
103098,forest
103099,sea
103100,buildings
103101,street
103102,mountain
103103,sea
103104,street
103105,buildings
103106,mountain
103107,street
103108,glacier
103109,forest
103110,street
103111,sea
103112,glacier
103113,buildings
103114,street
103115,glacier
103116,street
103117,glacier
103118,forest
103119,street
103120,mountain
103121,glacier
103122,mountain
103123,buildings
103124,mountain
103125,mountain
103126,street
103127,mountain
103128,street
103129,mountain
103130,mountain
103131,sea
103132,glacier
103133,forest
103134,buildings
103135,forest
103136,glacier
103137,street
103138,street
103139,forest
103140,mountain
103141,glacier
103142,buildings
103143,forest
103144,glacier
103145,street
103146,mountain
103147,street
103148,mountain
103149,street
103150,buildings
103151,buildings
103152,forest
103153,glacier
103154,sea
103155,forest
103156,forest
103157,mountain
103158,mountain
103159,street
103160,mountain
103161,forest
103162,sea
103163,glacier
103164,glacier
103165,glacier
103166,street
103167,glacier
103168,street
103169,street
103170,buildings
103171,sea
103172,mountain
103173,mountain
103174,buildings
103175,sea
103176,forest
103177,glacier
103178,sea
103179,buildings
103180,mountain
103181,sea
103182,street
103183,glacier
103184,street
103185,buildings
103186,buildings
103187,street
103188,buildings
103189,street
103190,street
103191,forest
103192,street
103193,sea
103194,forest
103195,street
103196,sea
103197,sea
103198,street
103199,street
103200,forest
103201,glacier
103202,forest
103203,forest
103204,forest
103205,buildings
103206,sea
103207,glacier
103208,forest
103209,sea
103210,sea
103211,sea
103212,glacier
103213,street
103214,forest
103215,buildings
103216,buildings
103217,glacier
103218,glacier
103219,street
103220,forest
103221,glacier
103222,glacier
103223,glacier
103224,mountain
103225,street
103226,street
103227,mountain
103228,sea
103229,buildings
103230,glacier
103231,glacier
103232,sea
103233,sea
103234,sea
103235,mountain
103236,glacier
103237,glacier
103238,forest
103239,street
103240,street
103241,mountain
103242,forest
103243,sea
103244,forest
103245,forest
103246,buildings
103247,forest
103248,mountain
103249,sea
103250,mountain
103251,buildings
103252,sea
103253,buildings
103254,forest
103255,street
103256,sea
103257,glacier
103258,street
103259,sea
103260,forest
103261,forest
103262,mountain
103263,street
103264,mountain
103265,street
103266,buildings
103267,forest
103268,mountain
103269,glacier
103270,sea
103271,glacier
103272,glacier
103273,street
103274,buildings
103275,forest
103276,mountain
103277,forest
103278,sea
103279,buildings
103280,buildings
103281,forest
103282,sea
103283,glacier
103284,mountain
103285,mountain
103286,glacier
103287,glacier
103288,forest
103289,buildings
103290,glacier
103291,forest
103292,mountain
103293,street
103294,sea
103295,forest
103296,mountain
103297,glacier
103298,sea
103299,mountain
103300,sea
103301,glacier
103302,street
103303,mountain
103304,street
103305,street
103306,mountain
103307,sea
103308,glacier
103309,buildings
103310,forest
103311,glacier
103312,street
103313,mountain
103314,forest
103315,forest
103316,street
103317,buildings
103318,mountain
103319,glacier
103320,street
103321,sea
103322,forest
103323,glacier
103324,mountain
103325,sea
103326,mountain
103327,sea
103328,glacier
103329,mountain
103330,sea
103331,street
103332,sea
103333,glacier
103334,glacier
103335,forest
103336,glacier
103337,mountain
103338,sea
103339,sea
103340,forest
103341,buildings
103342,sea
103343,mountain
103344,forest
103345,sea
103346,forest
103347,buildings
103348,buildings
103349,glacier
103350,forest
103351,street
103352,glacier
103353,sea
103354,street
103355,sea
103356,forest
103357,glacier
103358,forest
103359,sea
103360,forest
103361,forest
103362,sea
103363,glacier
103364,mountain
103365,glacier
103366,street
103367,sea
103368,glacier
103369,glacier
103370,street
103371,buildings
103372,glacier
103373,mountain
103374,street
103375,buildings
103376,street
103377,street
103378,forest
103379,forest
103380,mountain
103381,mountain
103382,glacier
103383,buildings
103384,buildings
103385,glacier
103386,glacier
103387,street
103388,sea
103389,forest
103390,mountain
103391,glacier
103392,forest
103393,mountain
103394,buildings
103395,forest
103396,mountain
103397,mountain
103398,street
103399,glacier
103400,street
103401,sea
103402,mountain
103403,buildings
103404,street
103405,mountain
103406,street
103407,buildings
103408,buildings
103409,forest
103410,mountain
103411,street
103412,forest
103413,sea
103414,mountain
103415,glacier
103416,sea
103417,mountain
103418,buildings
103419,buildings
103420,buildings
103421,buildings
103422,sea
103423,sea
103424,street
103425,buildings
103426,street
103427,glacier
103428,mountain
103429,sea
103430,sea
103431,buildings
103432,street
103433,mountain
103434,glacier
103435,buildings
103436,buildings
103437,street
103438,forest
103439,mountain
103440,sea
103441,sea
103442,street
103443,mountain
103444,glacier
103445,sea
103446,sea
103447,buildings
103448,buildings
103449,forest
103450,sea
103451,sea
103452,forest
103453,street
103454,mountain
103455,street
103456,mountain
103457,buildings
103458,street
103459,mountain
103460,buildings
103461,buildings
103462,buildings
103463,forest
103464,sea
103465,sea
103466,street
103467,mountain
103468,mountain
103469,buildings
103470,mountain
103471,mountain
103472,buildings
103473,sea
103474,glacier
103475,glacier
103476,glacier
103477,glacier
103478,sea
103479,forest
103480,mountain
103481,sea
103482,mountain
103483,sea
103484,glacier
103485,glacier
103486,street
103487,glacier
103488,glacier
103489,sea
103490,buildings
103491,sea
103492,mountain
103493,forest
103494,buildings
103495,buildings
103496,sea
103497,glacier
103498,street
103499,glacier
103500,buildings
103501,buildings
103502,sea
103503,street
103504,sea
103505,sea
103506,forest
103507,street
103508,buildings
103509,sea
103510,forest
103511,buildings
103512,street
103513,sea
103514,buildings
103515,buildings
103516,forest
103517,street
103518,sea
103519,street
103520,glacier
103521,street
103522,forest
103523,mountain
103524,sea
103525,mountain
103526,forest
103527,mountain
103528,sea
103529,buildings
103530,street
103531,mountain
103532,buildings
103533,street
103534,street
103535,sea
103536,sea
103537,glacier
103538,sea
103539,glacier
103540,buildings
103541,sea
103542,forest
103543,glacier
103544,mountain
103545,mountain
103546,street
103547,forest
103548,street
103549,sea
103550,mountain
103551,mountain
103552,sea
103553,buildings
103554,glacier
103555,street
103556,sea
103557,forest
103558,street
103559,mountain
103560,mountain
103561,glacier
103562,forest
103563,sea
103564,sea
103565,forest
103566,mountain
103567,glacier
103568,sea
103569,sea
103570,mountain
103571,glacier
103572,forest
103573,mountain
103574,glacier
103575,buildings
103576,mountain
103577,mountain
103578,glacier
103579,mountain
103580,street
103581,glacier
103582,street
103583,mountain
103584,buildings
103585,mountain
103586,street
103587,mountain
103588,street
103589,mountain
103590,street
103591,forest
103592,buildings
103593,mountain
103594,sea
103595,glacier
103596,forest
103597,mountain
103598,street
103599,mountain
103600,buildings
103601,glacier
103602,buildings
103603,glacier
103604,street
103605,sea
103606,glacier
103607,sea
103608,mountain
103609,forest
103610,forest
103611,mountain
103612,street
103613,glacier
103614,mountain
103615,buildings
103616,buildings
103617,glacier
103618,glacier
103619,sea
103620,glacier
103621,forest
103622,buildings
103623,street
103624,mountain
103625,mountain
103626,mountain
103627,sea
103628,mountain
103629,glacier
103630,sea
103631,sea
103632,street
103633,sea
103634,buildings
103635,buildings
103636,buildings
103637,sea
103638,mountain
103639,mountain
103640,forest
103641,buildings
103642,forest
103643,buildings
103644,sea
103645,mountain
103646,street
103647,forest
103648,forest
103649,forest
103650,mountain
103651,glacier
103652,street
103653,street
103654,street
103655,forest
103656,buildings
103657,glacier
103658,buildings
103659,sea
103660,forest
103661,buildings
103662,street
103663,sea
103664,buildings
103665,street
103666,street
103667,street
103668,sea
103669,mountain
103670,mountain
103671,forest
103672,mountain
103673,glacier
103674,street
103675,street
103676,sea
103677,mountain
103678,forest
103679,glacier
103680,forest
103681,street
103682,street
103683,street
103684,street
103685,forest
103686,street
103687,mountain
103688,forest
103689,glacier
103690,sea
103691,buildings
103692,street
103693,mountain
103694,buildings
103695,street
103696,sea
103697,buildings
103698,forest
103699,sea
103700,street
103701,forest
103702,street
103703,forest
103704,mountain
103705,glacier
103706,buildings
103707,glacier
103708,forest
103709,glacier
103710,forest
103711,street
103712,buildings
103713,forest
103714,buildings
103715,mountain
103716,mountain
103717,glacier
103718,forest
103719,forest
103720,forest
103721,buildings
103722,glacier
103723,glacier
103724,mountain
103725,street
103726,street
103727,street
103728,glacier
103729,mountain
103730,buildings
103731,mountain
103732,street
103733,sea
103734,mountain
103735,mountain
103736,mountain
103737,mountain
103738,buildings
103739,sea
103740,sea
103741,glacier
103742,street
103743,forest
103744,street
103745,sea
103746,buildings
103747,sea
103748,glacier
103749,street
103750,forest
103751,mountain
103752,mountain
103753,mountain
103754,glacier
103755,sea
103756,sea
103757,street
103758,street
103759,glacier
103760,mountain
103761,mountain
103762,sea
103763,forest
103764,buildings
103765,street
103766,glacier
103767,mountain
103768,mountain
103769,buildings
103770,glacier
103771,buildings
103772,buildings
103773,mountain
103774,mountain
103775,forest
103776,mountain
103777,forest
103778,glacier
103779,buildings
103780,sea
103781,mountain
103782,buildings
103783,forest
103784,mountain
103785,sea
103786,forest
103787,street
103788,forest
103789,glacier
103790,glacier
103791,buildings
103792,glacier
103793,buildings
103794,mountain
103795,forest
103796,forest
103797,buildings
103798,mountain
103799,glacier
103800,forest
103801,mountain
103802,glacier
103803,buildings
103804,forest
103805,buildings
103806,buildings
103807,forest
103808,sea
103809,sea
103810,buildings
103811,sea
103812,sea
103813,buildings
103814,sea
103815,street
103816,sea
103817,sea
103818,buildings
103819,glacier
103820,mountain
103821,mountain
103822,glacier
103823,buildings
103824,sea
103825,street
103826,glacier
103827,forest
103828,glacier
103829,forest
103830,forest
103831,street
103832,glacier
103833,forest
103834,glacier
103835,glacier
103836,street
103837,buildings
103838,glacier
103839,sea
103840,mountain
103841,mountain
103842,glacier
103843,street
103844,street
103845,glacier
103846,buildings
103847,buildings
103848,glacier
103849,sea
103850,glacier
103851,mountain
103852,sea
103853,sea
103854,forest
103855,buildings
103856,buildings
103857,mountain
103858,street
103859,forest
103860,street
103861,glacier
103862,buildings
103863,glacier
103864,mountain
103865,mountain
103866,street
103867,glacier
103868,buildings
103869,buildings
103870,street
103871,forest
103872,glacier
103873,mountain
103874,street
103875,street
103876,mountain
103877,glacier
103878,sea
103879,glacier
103880,glacier
103881,street
103882,forest
103883,street
103884,street
103885,mountain
103886,buildings
103887,sea
103888,mountain
103889,glacier
103890,glacier
103891,forest
103892,mountain
103893,buildings
103894,buildings
103895,mountain
103896,mountain
103897,street
103898,sea
103899,mountain
103900,forest
103901,sea
103902,street
103903,mountain
103904,sea
103905,mountain
103906,forest
103907,forest
103908,mountain
103909,street
103910,street
103911,sea
103912,forest
103913,sea
103914,glacier
103915,forest
103916,street
103917,street
103918,sea
103919,sea
103920,forest
103921,mountain
103922,sea
103923,mountain
103924,street
103925,street
103926,street
103927,street
103928,mountain
103929,glacier
103930,glacier
103931,glacier
103932,glacier
103933,forest
103934,forest
103935,sea
103936,mountain
103937,glacier
103938,buildings
103939,mountain
103940,forest
103941,buildings
103942,buildings
103943,sea
103944,forest
103945,street
103946,mountain
103947,sea
103948,forest
103949,forest
103950,mountain
103951,glacier
103952,mountain
103953,street
103954,street
103955,street
103956,mountain
103957,buildings
103958,forest
103959,street
103960,forest
103961,buildings
103962,mountain
103963,sea
103964,glacier
103965,forest
103966,forest
103967,sea
103968,street
103969,mountain
103970,sea
103971,buildings
103972,sea
103973,glacier
103974,sea
103975,buildings
103976,street
103977,sea
103978,forest
103979,glacier
103980,street
103981,forest
103982,forest
103983,street
103984,forest
103985,mountain
103986,sea
103987,buildings
103988,mountain
103989,glacier
103990,glacier
103991,sea
103992,street
103993,forest
103994,street
103995,glacier
103996,street
103997,street
103998,street
103999,forest
104000,glacier
104001,street
104002,forest
104003,forest
104004,forest
104005,buildings
104006,forest
104007,buildings
104008,street
104009,street
104010,buildings
104011,mountain
104012,street
104013,sea
104014,buildings
104015,buildings
104016,mountain
104017,buildings
104018,buildings
104019,sea
104020,buildings
104021,glacier
104022,mountain
104023,forest
104024,sea
104025,glacier
104026,street
104027,buildings
104028,glacier
104029,street
104030,glacier
104031,buildings
104032,mountain
104033,glacier
104034,buildings
104035,buildings
104036,sea
104037,street
104038,glacier
104039,buildings
104040,forest
104041,mountain
104042,buildings
104043,mountain
104044,mountain
104045,street
104046,street
104047,forest
104048,sea
104049,mountain
104050,sea
104051,street
104052,buildings
104053,sea
104054,buildings
104055,street
104056,forest
104057,forest
104058,mountain
104059,street
104060,forest
104061,glacier
104062,glacier
104063,sea
104064,street
104065,forest
104066,street
104067,buildings
104068,street
104069,street
104070,buildings
104071,glacier
104072,forest
104073,forest
104074,street
104075,sea
104076,mountain
104077,sea
104078,sea
104079,mountain
104080,forest
104081,buildings
104082,mountain
104083,glacier
104084,glacier
104085,buildings
104086,mountain
104087,forest
104088,sea
104089,mountain
104090,glacier
104091,forest
104092,glacier
104093,forest
104094,mountain
104095,glacier
104096,buildings
104097,street
104098,glacier
104099,sea
104100,street
104101,buildings
104102,forest
104103,sea
104104,mountain
104105,sea
104106,mountain
104107,sea
104108,street
104109,mountain
104110,glacier
104111,mountain
104112,buildings
104113,glacier
104114,forest
104115,buildings
104116,glacier
104117,forest
104118,mountain
104119,buildings
104120,forest
104121,sea
104122,buildings
104123,buildings
104124,mountain
104125,sea
104126,mountain
104127,glacier
104128,sea
104129,buildings
104130,glacier
104131,buildings
104132,forest
104133,mountain
104134,forest
104135,glacier
104136,sea
104137,forest
104138,buildings
104139,street
104140,glacier
104141,forest
104142,mountain
104143,forest
104144,glacier
104145,buildings
104146,mountain
104147,forest
104148,buildings
104149,buildings
104150,glacier
104151,forest
104152,forest
104153,buildings
104154,sea
104155,mountain
104156,buildings
104157,sea
104158,forest
104159,sea
104160,forest
104161,mountain
104162,street
104163,street
104164,mountain
104165,street
104166,buildings
104167,street
104168,mountain
104169,forest
104170,forest
104171,buildings
104172,buildings
104173,glacier
104174,street
104175,buildings
104176,glacier
104177,street
104178,buildings
104179,mountain
104180,street
104181,glacier
104182,street
104183,mountain
104184,glacier
104185,mountain
104186,buildings
104187,sea
104188,mountain
104189,glacier
104190,glacier
104191,forest
104192,forest
104193,glacier
104194,buildings
104195,forest
104196,glacier
104197,glacier
104198,forest
104199,street
104200,glacier
104201,sea
104202,sea
104203,forest
104204,forest
104205,glacier
104206,sea
104207,glacier
104208,street
104209,street
104210,glacier
104211,forest
104212,street
104213,sea
104214,sea
104215,buildings
104216,mountain
104217,forest
104218,mountain
104219,glacier
104220,buildings
104221,buildings
104222,mountain
104223,sea
104224,forest
104225,glacier
104226,mountain
104227,street
104228,forest
104229,buildings
104230,street
104231,glacier
104232,glacier
104233,street
104234,glacier
104235,buildings
104236,buildings
104237,mountain
104238,buildings
104239,street
104240,glacier
104241,street
104242,mountain
104243,glacier
104244,glacier
104245,street
104246,glacier
104247,forest
104248,buildings
104249,mountain
104250,street
104251,street
104252,buildings
104253,sea
104254,street
104255,sea
104256,glacier
104257,sea
104258,mountain
104259,forest
104260,mountain
104261,glacier
104262,buildings
104263,sea
104264,forest
104265,mountain
104266,sea
104267,glacier
104268,street
104269,sea
104270,mountain
104271,glacier
104272,buildings
104273,mountain
104274,mountain
104275,glacier
104276,mountain
104277,glacier
104278,street
104279,buildings
104280,sea
104281,mountain
104282,forest
104283,mountain
104284,buildings
104285,street
104286,glacier
104287,mountain
104288,sea
104289,sea
104290,sea
104291,glacier
104292,forest
104293,forest
104294,glacier
104295,sea
104296,mountain
104297,street
104298,mountain
104299,mountain
104300,street
104301,buildings
104302,glacier
104303,glacier
104304,sea
104305,forest
104306,street
104307,forest
104308,street
104309,forest
104310,buildings
104311,buildings
104312,forest
104313,buildings
104314,sea
104315,forest
104316,sea
104317,sea
104318,forest
104319,street
104320,glacier
104321,forest
104322,buildings
104323,buildings
104324,buildings
104325,sea
104326,forest
104327,mountain
104328,forest
104329,glacier
104330,sea
104331,street
104332,buildings
104333,forest
104334,buildings
104335,forest
104336,sea
104337,sea
104338,mountain
104339,sea
104340,sea
104341,forest
104342,street
104343,street
104344,mountain
104345,mountain
104346,mountain
104347,mountain
104348,street
104349,forest
104350,glacier
104351,sea
104352,street
104353,street
104354,forest
104355,buildings
104356,glacier
104357,mountain
104358,mountain
104359,glacier
104360,forest
104361,forest
104362,sea
104363,sea
104364,forest
104365,forest
104366,forest
104367,forest
104368,glacier
104369,forest
104370,mountain
104371,mountain
104372,glacier
104373,glacier
104374,street
104375,buildings
104376,buildings
104377,glacier
104378,glacier
104379,mountain
104380,mountain
104381,mountain
104382,glacier
104383,mountain
104384,glacier
104385,forest
104386,sea
104387,glacier
104388,street
104389,forest
104390,street
104391,glacier
104392,mountain
104393,mountain
104394,buildings
104395,forest
104396,sea
104397,sea
104398,glacier
104399,street
104400,street
104401,glacier
104402,buildings
104403,sea
104404,street
104405,mountain
104406,sea
104407,mountain
104408,glacier
104409,mountain
104410,mountain
104411,sea
104412,sea
104413,sea
104414,buildings
104415,buildings
104416,street
104417,buildings
104418,buildings
104419,sea
104420,forest
104421,street
104422,street
104423,mountain
104424,buildings
104425,forest
104426,forest
104427,buildings
104428,glacier
104429,sea
104430,mountain
104431,glacier
104432,buildings
104433,glacier
104434,buildings
104435,sea
104436,glacier
104437,mountain
104438,sea
104439,mountain
104440,forest
104441,buildings
104442,forest
104443,forest
104444,glacier
104445,forest
104446,forest
104447,forest
104448,glacier
104449,street
104450,mountain
104451,forest
104452,buildings
104453,buildings
104454,mountain
104455,forest
104456,glacier
104457,sea
104458,buildings
104459,mountain
104460,mountain
104461,forest
104462,buildings
104463,glacier
104464,forest
104465,buildings
104466,street
104467,street
104468,glacier
104469,glacier
104470,mountain
104471,forest
104472,forest
104473,mountain
104474,forest
104475,sea
104476,street
104477,forest
104478,street
104479,mountain
104480,buildings
104481,sea
104482,forest
104483,sea
104484,buildings
104485,sea
104486,glacier
104487,forest
104488,sea
104489,glacier
104490,forest
104491,sea
104492,sea
104493,glacier
104494,forest
104495,sea
104496,buildings
104497,buildings
104498,mountain
104499,glacier
104500,glacier
104501,mountain
104502,sea
104503,sea
104504,mountain
104505,mountain
104506,mountain
104507,street
104508,glacier
104509,buildings
104510,buildings
104511,buildings
104512,mountain
104513,buildings
104514,buildings
104515,street
104516,glacier
104517,street
104518,forest
104519,street
104520,street
104521,mountain
104522,mountain
104523,forest
104524,buildings
104525,street
104526,mountain
104527,sea
104528,sea
104529,buildings
104530,mountain
104531,mountain
104532,glacier
104533,street
104534,street
104535,buildings
104536,buildings
104537,mountain
104538,buildings
104539,mountain
104540,street
104541,buildings
104542,street
104543,buildings
104544,buildings
104545,sea
104546,glacier
104547,forest
104548,sea
104549,mountain
104550,buildings
104551,forest
104552,mountain
104553,buildings
104554,street
104555,buildings
104556,forest
104557,street
104558,forest
104559,street
104560,buildings
104561,forest
104562,glacier
104563,forest
104564,glacier
104565,forest
104566,buildings
104567,sea
104568,street
104569,buildings
104570,forest
104571,street
104572,forest
104573,mountain
104574,street
104575,buildings
104576,forest
104577,mountain
104578,buildings
104579,forest
104580,forest
104581,mountain
104582,mountain
104583,mountain
104584,forest
104585,mountain
104586,mountain
104587,sea
104588,glacier
104589,sea
104590,glacier
104591,buildings
104592,street
104593,street
104594,street
104595,mountain
104596,sea
104597,glacier
104598,forest
104599,mountain
104600,glacier
104601,forest
104602,glacier
104603,sea
104604,forest
104605,glacier
104606,sea
104607,mountain
104608,mountain
104609,sea
104610,mountain
104611,sea
104612,buildings
104613,buildings
104614,forest
104615,buildings
104616,street
104617,street
104618,mountain
104619,buildings
104620,buildings
104621,mountain
104622,buildings
104623,street
104624,glacier
104625,sea
104626,glacier
104627,forest
104628,glacier
104629,street
104630,forest
104631,sea
104632,glacier
104633,street
104634,street
104635,buildings
104636,sea
104637,glacier
104638,glacier
104639,street
104640,buildings
104641,buildings
104642,mountain
104643,buildings
104644,street
104645,street
104646,sea
104647,street
104648,glacier
104649,glacier
104650,forest
104651,forest
104652,sea
104653,glacier
104654,mountain
104655,buildings
104656,forest
104657,glacier
104658,buildings
104659,mountain
104660,sea
104661,glacier
104662,buildings
104663,glacier
104664,mountain
104665,street
104666,buildings
104667,mountain
104668,sea
104669,forest
104670,sea
104671,glacier
104672,forest
104673,sea
104674,buildings
104675,sea
104676,glacier
104677,mountain
104678,buildings
104679,sea
104680,glacier
104681,mountain
104682,forest
104683,buildings
104684,buildings
104685,mountain
104686,glacier
104687,glacier
104688,forest
104689,sea
104690,mountain
104691,street
104692,street
104693,mountain
104694,glacier
104695,mountain
104696,glacier
104697,sea
104698,buildings
104699,glacier
104700,sea
104701,glacier
104702,glacier
104703,buildings
104704,street
104705,sea
104706,glacier
104707,sea
104708,street
104709,buildings
104710,street
104711,forest
104712,mountain
104713,sea
104714,sea
104715,forest
104716,glacier
104717,buildings
104718,buildings
104719,mountain
104720,mountain
104721,sea
104722,sea
104723,mountain
104724,forest
104725,mountain
104726,mountain
104727,forest
104728,forest
104729,glacier
104730,sea
104731,mountain
104732,forest
104733,sea
104734,forest
104735,street
104736,street
104737,buildings
104738,sea
104739,street
104740,buildings
104741,forest
104742,street
104743,forest
104744,forest
104745,forest
104746,forest
104747,street
104748,glacier
104749,forest
104750,forest
104751,mountain
104752,glacier
104753,glacier
104754,buildings
104755,sea
104756,mountain
104757,buildings
104758,glacier
104759,buildings
104760,sea
104761,mountain
104762,forest
104763,sea
104764,street
104765,buildings
104766,street
104767,glacier
104768,buildings
104769,sea
104770,buildings
104771,sea
104772,mountain
104773,street
104774,sea
104775,forest
104776,mountain
104777,forest
104778,street
104779,glacier
104780,street
104781,buildings
104782,buildings
104783,street
104784,sea
104785,buildings
104786,street
104787,sea
104788,glacier
104789,sea
104790,mountain
104791,sea
104792,street
104793,glacier
104794,buildings
104795,glacier
104796,forest
104797,street
104798,glacier
104799,forest
104800,mountain
104801,glacier
104802,mountain
104803,glacier
104804,glacier
104805,mountain
104806,forest
104807,buildings
104808,glacier
104809,forest
104810,buildings
104811,buildings
104812,sea
104813,sea
104814,glacier
104815,street
104816,sea
104817,glacier
104818,sea
104819,glacier
104820,forest
104821,forest
104822,sea
104823,sea
104824,sea
104825,sea
104826,street
104827,buildings
104828,sea
104829,forest
104830,mountain
104831,buildings
104832,buildings
104833,glacier
104834,street
104835,buildings
104836,street
104837,forest
104838,street
104839,buildings
104840,forest
104841,sea
104842,street
104843,forest
104844,street
104845,mountain
104846,buildings
104847,buildings
104848,street
104849,mountain
104850,street
104851,street
104852,glacier
104853,buildings
104854,buildings
104855,street
104856,street
104857,glacier
104858,buildings
104859,street
104860,street
104861,forest
104862,buildings
104863,street
104864,mountain
104865,street
104866,sea
104867,forest
104868,sea
104869,buildings
104870,glacier
104871,glacier
104872,glacier
104873,sea
104874,sea
104875,forest
104876,forest
104877,forest
104878,sea
104879,street
104880,buildings
104881,street
104882,sea
104883,street
104884,forest
104885,street
104886,forest
104887,sea
104888,buildings
104889,street
104890,buildings
104891,buildings
104892,mountain
104893,street
104894,street
104895,forest
104896,mountain
104897,mountain
104898,forest
104899,buildings
104900,street
104901,glacier
104902,mountain
104903,forest
104904,mountain
104905,glacier
104906,sea
104907,sea
104908,street
104909,glacier
104910,forest
104911,glacier
104912,sea
104913,street
104914,mountain
104915,glacier
104916,sea
104917,forest
104918,mountain
104919,mountain
104920,mountain
104921,street
104922,mountain
104923,street
104924,glacier
104925,forest
104926,buildings
104927,mountain
104928,buildings
104929,glacier
104930,buildings
104931,forest
104932,sea
104933,forest
104934,street
104935,buildings
104936,buildings
104937,glacier
104938,buildings
104939,street
104940,buildings
104941,street
104942,mountain
104943,glacier
104944,mountain
104945,forest
104946,buildings
104947,glacier
104948,street
104949,street
104950,glacier
104951,buildings
104952,buildings
104953,glacier
104954,street
104955,buildings
104956,sea
104957,glacier
104958,forest
104959,forest
104960,buildings
104961,forest
104962,mountain
104963,glacier
104964,mountain
104965,mountain
104966,street
104967,glacier
104968,sea
104969,street
104970,buildings
104971,street
104972,forest
104973,sea
104974,street
104975,glacier
104976,mountain
104977,forest
104978,buildings
104979,mountain
104980,sea
104981,glacier
104982,glacier
104983,forest
104984,street
104985,glacier
104986,forest
104987,street
104988,buildings
104989,forest
104990,buildings
104991,mountain
104992,street
104993,glacier
104994,mountain
104995,glacier
104996,glacier
104997,forest
104998,sea
104999,buildings
105000,forest
105001,street
105002,mountain
105003,street
105004,glacier
105005,street
105006,glacier
105007,sea
105008,glacier
105009,glacier
105010,forest
105011,buildings
105012,sea
105013,forest
105014,street
105015,street
105016,buildings
105017,forest
105018,mountain
105019,glacier
105020,forest
105021,street
105022,forest
105023,buildings
105024,forest
105025,sea
105026,sea
105027,street
105028,street
105029,street
105030,forest
105031,glacier
105032,glacier
105033,glacier
105034,sea
105035,buildings
105036,mountain
105037,glacier
105038,mountain
105039,forest
105040,mountain
105041,mountain
105042,street
105043,glacier
105044,glacier
105045,mountain
105046,sea
105047,sea
105048,sea
105049,mountain
105050,mountain
105051,forest
105052,street
105053,glacier
105054,street
105055,glacier
105056,buildings
105057,forest
105058,street
105059,street
105060,mountain
105061,buildings
105062,buildings
105063,mountain
105064,glacier
105065,glacier
105066,buildings
105067,street
105068,street
105069,mountain
105070,forest
105071,buildings
105072,street
105073,buildings
105074,mountain
105075,street
105076,buildings
105077,glacier
105078,sea
105079,forest
105080,buildings
105081,sea
105082,mountain
105083,mountain
105084,sea
105085,buildings
105086,forest
105087,buildings
105088,glacier
105089,forest
105090,street
105091,street
105092,glacier
105093,mountain
105094,buildings
105095,buildings
105096,buildings
105097,forest
105098,glacier
105099,buildings
105100,sea
105101,sea
105102,street
105103,glacier
105104,glacier
105105,sea
105106,buildings
105107,glacier
105108,street
105109,street
105110,glacier
105111,glacier
105112,mountain
105113,glacier
105114,forest
105115,buildings
105116,buildings
105117,glacier
105118,sea
105119,glacier
105120,sea
105121,glacier
105122,sea
105123,mountain
105124,mountain
105125,street
105126,forest
105127,mountain
105128,forest
105129,sea
105130,sea
105131,mountain
105132,forest
105133,sea
105134,mountain
105135,glacier
105136,mountain
105137,street
105138,street
105139,forest
105140,sea
105141,sea
105142,buildings
105143,glacier
105144,glacier
105145,forest
105146,glacier
105147,street
105148,sea
105149,forest
105150,mountain
105151,street
105152,glacier
105153,sea
105154,mountain
105155,sea
105156,street
105157,street
105158,glacier
105159,sea
105160,forest
105161,street
105162,buildings
105163,street
105164,street
105165,mountain
105166,glacier
105167,mountain
105168,forest
105169,sea
105170,sea
105171,mountain
105172,buildings
105173,sea
105174,sea
105175,street
105176,mountain
105177,glacier
105178,street
105179,buildings
105180,sea
105181,forest
105182,glacier
105183,buildings
105184,mountain
105185,glacier
105186,glacier
105187,glacier
105188,glacier
105189,street
105190,street
105191,mountain
105192,buildings
105193,forest
105194,glacier
105195,street
105196,buildings
105197,mountain
105198,buildings
105199,street
105200,forest
105201,forest
105202,glacier
105203,buildings
105204,forest
105205,street
105206,forest
105207,street
105208,buildings
105209,buildings
105210,street
105211,glacier
105212,glacier
105213,street
105214,forest
105215,street
105216,glacier
105217,mountain
105218,street
105219,glacier
105220,sea
105221,buildings
105222,street
105223,mountain
105224,glacier
105225,street
105226,mountain
105227,forest
105228,mountain
105229,street
105230,glacier
105231,buildings
105232,buildings
105233,forest
105234,mountain
105235,street
105236,street
105237,street
105238,glacier
105239,mountain
105240,street
105241,buildings
105242,buildings
105243,sea
105244,sea
105245,forest
105246,glacier
105247,street
105248,glacier
105249,street
105250,mountain
105251,street
105252,glacier
105253,buildings
105254,mountain
105255,forest
105256,mountain
105257,buildings
105258,buildings
105259,sea
105260,mountain
105261,mountain
105262,street
105263,mountain
105264,glacier
105265,glacier
105266,mountain
105267,glacier
105268,forest
105269,mountain
105270,forest
105271,buildings
105272,mountain
105273,buildings
105274,mountain
105275,street
105276,street
105277,sea
105278,forest
105279,sea
105280,street
105281,mountain
105282,buildings
105283,glacier
105284,sea
105285,glacier
105286,street
105287,forest
105288,sea
105289,sea
105290,forest
105291,sea
105292,buildings
105293,street
105294,buildings
105295,street
105296,sea
105297,sea
105298,mountain
105299,forest
105300,mountain
105301,sea
105302,forest
105303,street
105304,mountain
105305,street
105306,glacier
105307,glacier
105308,mountain
105309,street
105310,street
105311,sea
105312,street
105313,forest
105314,sea
105315,sea
105316,forest
105317,mountain
105318,street
105319,buildings
105320,glacier
105321,sea
105322,mountain
105323,mountain
105324,forest
105325,street
105326,forest
105327,mountain
105328,sea
105329,glacier
105330,buildings
105331,glacier
105332,mountain
105333,street
105334,mountain
105335,sea
105336,street
105337,street
105338,forest
105339,mountain
105340,mountain
105341,sea
105342,mountain
105343,sea
105344,forest
105345,forest
105346,forest
105347,forest
105348,sea
105349,mountain
105350,forest
105351,forest
105352,glacier
105353,sea
105354,glacier
105355,glacier
105356,sea
105357,sea
105358,glacier
105359,buildings
105360,glacier
105361,glacier
105362,mountain
105363,sea
105364,sea
105365,buildings
105366,street
105367,sea
105368,buildings
105369,mountain
105370,glacier
105371,mountain
105372,street
105373,buildings
105374,buildings
105375,mountain
105376,street
105377,street
105378,forest
105379,street
105380,forest
105381,sea
105382,sea
105383,forest
105384,forest
105385,mountain
105386,buildings
105387,street
105388,forest
105389,forest
105390,mountain
105391,sea
105392,glacier
105393,mountain
105394,sea
105395,street
105396,forest
105397,glacier
105398,buildings
105399,forest
105400,forest
105401,buildings
105402,buildings
105403,street
105404,street
105405,forest
105406,sea
105407,sea
105408,mountain
105409,buildings
105410,forest
105411,street
105412,forest
105413,street
105414,forest
105415,street
105416,forest
105417,buildings
105418,glacier
105419,street
105420,mountain
105421,glacier
105422,mountain
105423,forest
105424,buildings
105425,glacier
105426,forest
105427,mountain
105428,glacier
105429,sea
105430,mountain
105431,glacier
105432,sea
105433,buildings
105434,sea
105435,sea
105436,buildings
105437,street
105438,buildings
105439,glacier
105440,buildings
105441,buildings
105442,sea
105443,street
105444,buildings
105445,street
105446,mountain
105447,street
105448,sea
105449,glacier
105450,street
105451,forest
105452,mountain
105453,mountain
105454,buildings
105455,glacier
105456,glacier
105457,sea
105458,sea
105459,street
105460,glacier
105461,buildings
105462,mountain
105463,street
105464,street
105465,mountain
105466,glacier
105467,buildings
105468,buildings
105469,mountain
105470,sea
105471,glacier
105472,forest
105473,sea
105474,buildings
105475,mountain
105476,mountain
105477,buildings
105478,street
105479,forest
105480,sea
105481,buildings
105482,buildings
105483,forest
105484,glacier
105485,buildings
105486,street
105487,buildings
105488,mountain
105489,mountain
105490,sea
105491,buildings
105492,glacier
105493,street
105494,buildings
105495,forest
105496,buildings
105497,forest
105498,glacier
105499,glacier
105500,forest
105501,mountain
105502,forest
105503,forest
105504,sea
105505,forest
105506,buildings
105507,sea
105508,buildings
105509,buildings
105510,forest
105511,mountain
105512,buildings
105513,mountain
105514,forest
105515,sea
105516,glacier
105517,glacier
105518,buildings
105519,buildings
105520,sea
105521,buildings
105522,sea
105523,buildings
105524,street
105525,sea
105526,glacier
105527,sea
105528,forest
105529,forest
105530,forest
105531,mountain
105532,buildings
105533,glacier
105534,sea
105535,glacier
105536,street
105537,mountain
105538,mountain
105539,sea
105540,sea
105541,forest
105542,mountain
105543,sea
105544,sea
105545,street
105546,buildings
105547,street
105548,glacier
105549,buildings
105550,forest
105551,glacier
105552,mountain
105553,forest
105554,mountain
105555,glacier
105556,buildings
105557,mountain
105558,glacier
105559,forest
105560,forest
105561,sea
105562,buildings
105563,street
105564,mountain
105565,buildings
105566,mountain
105567,forest
105568,buildings
105569,buildings
105570,mountain
105571,buildings
105572,sea
105573,buildings
105574,glacier
105575,street
105576,forest
105577,buildings
105578,mountain
105579,glacier
105580,mountain
105581,mountain
105582,mountain
105583,forest
105584,sea
105585,forest
105586,street
105587,sea
105588,forest
105589,glacier
105590,street
105591,buildings
105592,mountain
105593,glacier
105594,forest
105595,street
105596,sea
105597,sea
105598,street
105599,glacier
105600,sea
105601,sea
105602,glacier
105603,sea
105604,sea
105605,glacier
105606,buildings
105607,sea
105608,buildings
105609,buildings
105610,mountain
105611,mountain
105612,forest
105613,sea
105614,sea
105615,street
105616,mountain
105617,forest
105618,sea
105619,forest
105620,forest
105621,mountain
105622,buildings
105623,mountain
105624,glacier
105625,forest
105626,glacier
105627,buildings
105628,forest
105629,forest
105630,street
105631,forest
105632,buildings
105633,sea
105634,forest
105635,glacier
105636,mountain
105637,mountain
105638,forest
105639,forest
105640,forest
105641,mountain
105642,buildings
105643,mountain
105644,glacier
105645,glacier
105646,mountain
105647,forest
105648,forest
105649,mountain
105650,forest
105651,mountain
105652,street
105653,forest
105654,buildings
105655,street
105656,glacier
105657,street
105658,sea
105659,street
105660,forest
105661,forest
105662,buildings
105663,mountain
105664,forest
105665,glacier
105666,forest
105667,glacier
105668,forest
105669,forest
105670,glacier
105671,sea
105672,street
105673,street
105674,street
105675,forest
105676,forest
105677,street
105678,forest
105679,mountain
105680,glacier
105681,glacier
105682,street
105683,forest
105684,street
105685,mountain
105686,street
105687,buildings
105688,sea
105689,mountain
105690,glacier
105691,glacier
105692,buildings
105693,mountain
105694,glacier
105695,buildings
105696,mountain
105697,street
105698,street
105699,sea
105700,buildings
105701,glacier
105702,sea
105703,buildings
105704,glacier
105705,glacier
105706,glacier
105707,sea
105708,buildings
105709,street
105710,street
105711,mountain
105712,glacier
105713,mountain
105714,sea
105715,glacier
105716,sea
105717,glacier
105718,glacier
105719,forest
105720,glacier
105721,sea
105722,street
105723,sea
105724,forest
105725,glacier
105726,mountain
105727,mountain
105728,sea
105729,street
105730,mountain
105731,mountain
105732,sea
105733,mountain
105734,buildings
105735,sea
105736,street
105737,buildings
105738,street
105739,street
105740,glacier
105741,sea
105742,forest
105743,forest
105744,glacier
105745,buildings
105746,glacier
105747,mountain
105748,buildings
105749,forest
105750,mountain
105751,street
105752,street
105753,mountain
105754,glacier
105755,sea
105756,sea
105757,mountain
105758,sea
105759,street
105760,glacier
105761,sea
105762,glacier
105763,sea
105764,forest
105765,glacier
105766,street
105767,mountain
105768,buildings
105769,sea
105770,mountain
105771,forest
105772,sea
105773,street
105774,mountain
105775,mountain
105776,forest
105777,mountain
105778,street
105779,street
105780,forest
105781,buildings
105782,glacier
105783,forest
105784,mountain
105785,street
105786,glacier
105787,glacier
105788,glacier
105789,glacier
105790,glacier
105791,forest
105792,forest
105793,mountain
105794,mountain
105795,sea
105796,sea
105797,glacier
105798,glacier
105799,street
105800,mountain
105801,buildings
105802,buildings
105803,buildings
105804,street
105805,forest
105806,sea
105807,mountain
105808,forest
105809,mountain
105810,mountain
105811,street
105812,buildings
105813,forest
105814,street
105815,street
105816,forest
105817,sea
105818,glacier
105819,sea
105820,buildings
105821,street
105822,street
105823,mountain
105824,mountain
105825,buildings
105826,sea
105827,mountain
105828,mountain
105829,buildings
105830,sea
105831,buildings
105832,forest
105833,buildings
105834,street
105835,street
105836,buildings
105837,buildings
105838,sea
105839,glacier
105840,sea
105841,glacier
105842,mountain
105843,forest
105844,forest
105845,glacier
105846,forest
105847,glacier
105848,forest
105849,buildings
105850,mountain
105851,mountain
105852,forest
105853,street
105854,sea
105855,forest
105856,mountain
105857,mountain
105858,forest
105859,forest
105860,glacier
105861,forest
105862,buildings
105863,forest
105864,forest
105865,buildings
105866,sea
105867,mountain
105868,glacier
105869,mountain
105870,glacier
105871,sea
105872,forest
105873,glacier
105874,forest
105875,street
105876,street
105877,glacier
105878,street
105879,buildings
105880,glacier
105881,glacier
105882,mountain
105883,sea
105884,street
105885,mountain
105886,buildings
105887,glacier
105888,glacier
105889,mountain
105890,forest
105891,buildings
105892,glacier
105893,sea
105894,glacier
105895,sea
105896,sea
105897,sea
105898,street
105899,buildings
105900,street
105901,mountain
105902,sea
105903,forest
105904,glacier
105905,street
105906,street
105907,forest
105908,forest
105909,buildings
105910,street
105911,forest
105912,mountain
105913,forest
105914,street
105915,mountain
105916,sea
105917,sea
105918,sea
105919,sea
105920,sea
105921,forest
105922,buildings
105923,forest
105924,glacier
105925,street
105926,forest
105927,forest
105928,buildings
105929,sea
105930,glacier
105931,sea
105932,sea
105933,buildings
105934,mountain
105935,glacier
105936,forest
105937,sea
105938,buildings
105939,glacier
105940,street
105941,forest
105942,forest
105943,mountain
105944,street
105945,sea
105946,glacier
105947,buildings
105948,glacier
105949,buildings
105950,sea
105951,forest
105952,mountain
105953,sea
105954,street
105955,forest
105956,mountain
105957,sea
105958,glacier
105959,buildings
105960,forest
105961,forest
105962,sea
105963,mountain
105964,sea
105965,buildings
105966,glacier
105967,street
105968,glacier
105969,street
105970,street
105971,mountain
105972,sea
105973,buildings
105974,buildings
105975,forest
105976,street
105977,street
105978,forest
105979,sea
105980,street
105981,street
105982,sea
105983,forest
105984,forest
105985,buildings
105986,buildings
105987,glacier
105988,sea
105989,sea
105990,mountain
105991,mountain
105992,sea
105993,street
105994,street
105995,street
105996,street
105997,street
105998,forest
105999,forest
106000,sea
106001,buildings
106002,street
106003,sea
106004,street
106005,street
106006,glacier
106007,buildings
106008,buildings
106009,forest
106010,buildings
106011,street
106012,sea
106013,glacier
106014,buildings
106015,glacier
106016,forest
106017,mountain
106018,forest
106019,sea
106020,mountain
106021,sea
106022,mountain
106023,sea
106024,buildings
106025,sea
106026,glacier
106027,sea
106028,glacier
106029,sea
106030,sea
106031,buildings
106032,mountain
106033,street
106034,forest
106035,buildings
106036,street
106037,mountain
106038,forest
106039,buildings
106040,buildings
106041,forest
106042,mountain
106043,buildings
106044,street
106045,forest
106046,glacier
106047,street
106048,street
106049,mountain
106050,glacier
106051,sea
106052,street
106053,forest
106054,forest
106055,mountain
106056,sea
106057,buildings
106058,sea
106059,buildings
106060,buildings
106061,buildings
106062,forest
106063,sea
106064,sea
106065,buildings
106066,sea
106067,buildings
106068,forest
106069,sea
106070,glacier
106071,buildings
106072,buildings
106073,glacier
106074,buildings
106075,street
106076,mountain
106077,street
106078,glacier
106079,glacier
106080,buildings
106081,sea
106082,mountain
106083,glacier
106084,buildings
106085,street
106086,mountain
106087,forest
106088,street
106089,mountain
106090,forest
106091,forest
106092,street
106093,street
106094,glacier
106095,sea
106096,street
106097,mountain
106098,mountain
106099,buildings
106100,sea
106101,forest
106102,forest
106103,glacier
106104,mountain
106105,mountain
106106,mountain
106107,street
106108,buildings
106109,mountain
106110,buildings
106111,mountain
106112,sea
106113,buildings
106114,buildings
106115,forest
106116,forest
106117,glacier
106118,street
106119,sea
106120,buildings
106121,buildings
106122,buildings
106123,sea
106124,street
106125,glacier
106126,forest
106127,street
106128,glacier
106129,sea
106130,glacier
106131,buildings
106132,buildings
106133,buildings
106134,buildings
106135,buildings
106136,forest
106137,mountain
106138,sea
106139,forest
106140,street
106141,mountain
106142,buildings
106143,buildings
106144,mountain
106145,mountain
106146,buildings
106147,sea
106148,buildings
106149,mountain
106150,forest
106151,glacier
106152,sea
106153,forest
106154,mountain
106155,forest
106156,sea
106157,sea
106158,forest
106159,mountain
106160,glacier
106161,buildings
106162,mountain
106163,street
106164,buildings
106165,street
106166,mountain
106167,glacier
106168,buildings
106169,forest
106170,forest
106171,glacier
106172,glacier
106173,forest
106174,forest
106175,buildings
106176,glacier
106177,buildings
106178,glacier
106179,glacier
106180,mountain
106181,street
106182,buildings
106183,buildings
106184,glacier
106185,street
106186,glacier
106187,sea
106188,glacier
106189,forest
106190,street
106191,mountain
106192,buildings
106193,street
106194,sea
106195,street
106196,mountain
106197,sea
106198,buildings
106199,glacier
106200,sea
106201,mountain
106202,glacier
106203,sea
106204,mountain
106205,sea
106206,buildings
106207,mountain
106208,sea
106209,glacier
106210,sea
106211,mountain
106212,mountain
106213,mountain
106214,forest
106215,sea
106216,glacier
106217,glacier
106218,street
106219,sea
106220,sea
106221,buildings
106222,sea
106223,forest
106224,buildings
106225,forest
106226,buildings
106227,street
106228,street
106229,mountain
106230,sea
106231,forest
106232,street
106233,glacier
106234,buildings
106235,forest
106236,forest
106237,buildings
106238,glacier
106239,sea
106240,street
106241,glacier
106242,buildings
106243,street
106244,street
106245,sea
106246,forest
106247,mountain
106248,buildings
106249,sea
106250,mountain
106251,street
106252,glacier
106253,sea
106254,mountain
106255,mountain
106256,forest
106257,buildings
106258,street
106259,forest
106260,buildings
106261,mountain
106262,buildings
106263,buildings
106264,glacier
106265,forest
106266,sea
106267,street
106268,street
106269,sea
106270,street
106271,mountain
106272,street
106273,glacier
106274,street
106275,street
106276,sea
106277,sea
106278,street
106279,forest
106280,forest
106281,forest
106282,glacier
106283,street
106284,sea
106285,mountain
106286,forest
106287,street
106288,street
106289,forest
106290,buildings
106291,mountain
106292,sea
106293,forest
106294,forest
106295,forest
106296,glacier
106297,sea
106298,buildings
106299,street
106300,forest
106301,mountain
106302,glacier
106303,buildings
106304,buildings
106305,forest
106306,glacier
106307,mountain
106308,buildings
106309,glacier
106310,glacier
106311,buildings
106312,street
106313,mountain
106314,sea
106315,buildings
106316,glacier
106317,street
106318,street
106319,buildings
106320,buildings
106321,buildings
106322,buildings
106323,mountain
106324,sea
106325,buildings
106326,glacier
106327,glacier
106328,sea
106329,sea
106330,glacier
106331,mountain
106332,buildings
106333,street
106334,forest
106335,glacier
106336,buildings
106337,sea
106338,glacier
106339,buildings
106340,forest
106341,sea
106342,forest
106343,buildings
106344,buildings
106345,buildings
106346,mountain
106347,mountain
106348,mountain
106349,glacier
106350,mountain
106351,forest
106352,street
106353,buildings
106354,sea
106355,mountain
106356,mountain
106357,glacier
106358,glacier
106359,glacier
106360,forest
106361,sea
106362,forest
106363,forest
106364,glacier
106365,mountain
106366,mountain
106367,forest
106368,glacier
106369,sea
106370,buildings
106371,glacier
106372,sea
106373,mountain
106374,sea
106375,glacier
106376,glacier
106377,glacier
106378,sea
106379,buildings
106380,street
106381,buildings
106382,street
106383,glacier
106384,buildings
106385,glacier
106386,glacier
106387,mountain
106388,street
106389,glacier
106390,buildings
106391,mountain
106392,glacier
106393,street
106394,buildings
106395,buildings
106396,street
106397,mountain
106398,glacier
106399,buildings
106400,glacier
106401,forest
106402,street
106403,buildings
106404,sea
106405,buildings
106406,street
106407,street
106408,buildings
106409,buildings
106410,sea
106411,mountain
106412,glacier
106413,forest
106414,sea
106415,street
106416,glacier
106417,mountain
106418,forest
106419,sea
106420,mountain
106421,glacier
106422,glacier
106423,sea
106424,buildings
106425,glacier
106426,sea
106427,sea
106428,street
106429,forest
106430,sea
106431,glacier
106432,street
106433,buildings
106434,sea
106435,forest
106436,forest
106437,mountain
106438,glacier
106439,glacier
106440,forest
106441,mountain
106442,sea
106443,street
106444,sea
106445,buildings
106446,glacier
106447,forest
106448,forest
106449,glacier
106450,forest
106451,forest
106452,sea
106453,buildings
106454,mountain
106455,street
106456,mountain
106457,buildings
106458,mountain
106459,forest
106460,street
106461,glacier
106462,sea
106463,buildings
106464,forest
106465,street
106466,mountain
106467,glacier
106468,sea
106469,forest
106470,street
106471,forest
106472,street
106473,sea
106474,mountain
106475,glacier
106476,sea
106477,mountain
106478,buildings
106479,sea
106480,sea
106481,sea
106482,buildings
106483,buildings
106484,glacier
106485,street
106486,forest
106487,glacier
106488,buildings
106489,street
106490,glacier
106491,forest
106492,glacier
106493,forest
106494,mountain
106495,glacier
106496,sea
106497,buildings
106498,forest
106499,mountain
106500,forest
106501,sea
106502,sea
106503,street
106504,glacier
106505,glacier
106506,mountain
106507,buildings
106508,sea
106509,street
106510,sea
106511,buildings
106512,glacier
106513,street
106514,sea
106515,glacier
106516,buildings
106517,street
106518,mountain
106519,buildings
106520,street
106521,sea
106522,mountain
106523,buildings
106524,buildings
106525,mountain
106526,glacier
106527,buildings
106528,forest
106529,buildings
106530,buildings
106531,sea
106532,forest
106533,buildings
106534,glacier
106535,glacier
106536,sea
106537,glacier
106538,street
106539,glacier
106540,buildings
106541,glacier
106542,forest
106543,street
106544,mountain
106545,buildings
106546,glacier
106547,street
106548,glacier
106549,forest
106550,glacier
106551,street
106552,mountain
106553,buildings
106554,buildings
106555,street
106556,forest
106557,glacier
106558,forest
106559,forest
106560,forest
106561,glacier
106562,glacier
106563,forest
106564,forest
106565,mountain
106566,mountain
106567,buildings
106568,glacier
106569,street
106570,forest
106571,buildings
106572,mountain
106573,mountain
106574,mountain
106575,glacier
106576,forest
106577,sea
106578,mountain
106579,mountain
106580,glacier
106581,street
106582,mountain
106583,street
106584,forest
106585,buildings
106586,street
106587,glacier
106588,forest
106589,buildings
106590,forest
106591,mountain
106592,forest
106593,glacier
106594,glacier
106595,street
106596,mountain
106597,street
106598,street
106599,mountain
106600,glacier
106601,mountain
106602,glacier
106603,mountain
106604,mountain
106605,glacier
106606,forest
106607,glacier
106608,sea
106609,sea
106610,street
106611,glacier
106612,glacier
106613,street
106614,street
106615,street
106616,sea
106617,buildings
106618,glacier
106619,forest
106620,glacier
106621,buildings
106622,street
106623,forest
106624,mountain
106625,buildings
106626,sea
106627,forest
106628,street
106629,glacier
106630,forest
106631,street
106632,forest
106633,mountain
106634,mountain
106635,forest
106636,mountain
106637,glacier
106638,glacier
106639,forest
106640,forest
106641,sea
106642,mountain
106643,mountain
106644,street
106645,mountain
106646,forest
106647,mountain
106648,forest
106649,sea
106650,buildings
106651,street
106652,glacier
106653,mountain
106654,buildings
106655,sea
106656,buildings
106657,sea
106658,sea
106659,mountain
106660,forest
106661,forest
106662,sea
106663,glacier
106664,buildings
106665,street
106666,forest
106667,sea
106668,street
106669,sea
106670,street
106671,forest
106672,sea
106673,forest
106674,forest
106675,glacier
106676,forest
106677,mountain
106678,forest
106679,glacier
106680,mountain
106681,forest
106682,buildings
106683,mountain
106684,forest
106685,buildings
106686,forest
106687,glacier
106688,sea
106689,street
106690,buildings
106691,sea
106692,forest
106693,sea
106694,forest
106695,sea
106696,forest
106697,forest
106698,mountain
106699,buildings
106700,mountain
106701,sea
106702,forest
106703,mountain
106704,forest
106705,mountain
106706,glacier
106707,mountain
106708,street
106709,sea
106710,forest
106711,mountain
106712,street
106713,buildings
106714,forest
106715,glacier
106716,glacier
106717,forest
106718,forest
106719,street
106720,forest
106721,buildings
106722,street
106723,buildings
106724,mountain
106725,street
106726,glacier
106727,street
106728,street
106729,sea
106730,buildings
106731,street
106732,buildings
106733,sea
106734,buildings
106735,glacier
106736,glacier
106737,mountain
106738,forest
106739,street
106740,glacier
106741,glacier
106742,mountain
106743,glacier
106744,mountain
106745,buildings
106746,glacier
106747,street
106748,forest
106749,mountain
106750,street
106751,forest
106752,mountain
106753,buildings
106754,glacier
106755,forest
106756,sea
106757,sea
106758,glacier
106759,street
106760,street
106761,sea
106762,glacier
106763,glacier
106764,mountain
106765,glacier
106766,sea
106767,sea
106768,mountain
106769,glacier
106770,street
106771,street
106772,mountain
106773,sea
106774,street
106775,glacier
106776,street
106777,glacier
106778,glacier
106779,glacier
106780,street
106781,forest
106782,sea
106783,sea
106784,sea
106785,buildings
106786,sea
106787,sea
106788,glacier
106789,buildings
106790,forest
106791,street
106792,forest
106793,forest
106794,forest
106795,sea
106796,sea
106797,buildings
106798,glacier
106799,glacier
106800,sea
106801,mountain
106802,mountain
106803,street
106804,street
106805,forest
106806,buildings
106807,street
106808,buildings
106809,glacier
106810,street
106811,forest
106812,sea
106813,forest
106814,sea
106815,forest
106816,sea
106817,mountain
106818,sea
106819,mountain
106820,sea
106821,buildings
106822,street
106823,forest
106824,forest
106825,sea
106826,forest
106827,mountain
106828,street
106829,street
106830,forest
106831,street
106832,buildings
106833,street
106834,buildings
106835,buildings
106836,street
106837,forest
106838,forest
106839,glacier
106840,sea
106841,street
106842,glacier
106843,mountain
106844,forest
106845,mountain
106846,street
106847,glacier
106848,street
106849,street
106850,mountain
106851,sea
106852,glacier
106853,sea
106854,glacier
106855,glacier
106856,buildings
106857,forest
106858,glacier
106859,glacier
106860,glacier
106861,glacier
106862,street
106863,glacier
106864,forest
106865,mountain
106866,mountain
106867,mountain
106868,mountain
106869,glacier
106870,street
106871,glacier
106872,glacier
106873,glacier
106874,mountain
106875,street
106876,buildings
106877,forest
106878,sea
106879,buildings
106880,sea
106881,forest
106882,buildings
106883,mountain
106884,sea
106885,mountain
106886,buildings
106887,buildings
106888,buildings
106889,forest
106890,forest
106891,forest
106892,street
106893,forest
106894,buildings
106895,street
106896,buildings
106897,glacier
106898,sea
106899,glacier
106900,sea
106901,buildings
106902,forest
106903,forest
106904,street
106905,sea
106906,mountain
106907,sea
106908,sea
106909,forest
106910,sea
106911,street
106912,buildings
106913,buildings
106914,forest
106915,street
106916,street
106917,street
106918,mountain
106919,glacier
106920,street
106921,glacier
106922,forest
106923,forest
106924,street
106925,street
106926,mountain
106927,street
106928,forest
106929,mountain
106930,glacier
106931,forest
106932,mountain
106933,glacier
106934,buildings
106935,street
106936,glacier
106937,glacier
106938,sea
106939,sea
106940,sea
106941,buildings
106942,street
106943,mountain
106944,street
106945,glacier
106946,glacier
106947,buildings
106948,street
106949,buildings
106950,sea
106951,street
106952,mountain
106953,forest
106954,forest
106955,buildings
106956,sea
106957,street
106958,buildings
106959,street
106960,mountain
106961,mountain
106962,buildings
106963,glacier
106964,buildings
106965,forest
106966,street
106967,forest
106968,forest
106969,glacier
106970,street
106971,forest
106972,buildings
106973,mountain
106974,street
106975,forest
106976,glacier
106977,street
106978,forest
106979,forest
106980,buildings
106981,sea
106982,mountain
106983,street
106984,mountain
106985,sea
106986,sea
106987,mountain
106988,mountain
106989,forest
106990,street
106991,forest
106992,glacier
106993,forest
106994,street
106995,sea
106996,forest
106997,street
106998,sea
106999,forest
107000,buildings
107001,glacier
107002,forest
107003,glacier
107004,sea
107005,glacier
107006,sea
107007,buildings
107008,street
107009,street
107010,forest
107011,sea
107012,sea
107013,buildings
107014,mountain
107015,forest
107016,glacier
107017,street
107018,sea
107019,buildings
107020,sea
107021,forest
107022,sea
107023,buildings
107024,forest
107025,glacier
107026,glacier
107027,mountain
107028,sea
107029,glacier
107030,buildings
107031,mountain
107032,street
107033,glacier
107034,street
107035,sea
107036,glacier
107037,glacier
107038,forest
107039,forest
107040,street
107041,mountain
107042,glacier
107043,mountain
107044,street
107045,glacier
107046,mountain
107047,mountain
107048,street
107049,mountain
107050,street
107051,buildings
107052,sea
107053,buildings
107054,sea
107055,mountain
107056,glacier
107057,forest
107058,mountain
107059,glacier
107060,sea
107061,glacier
107062,forest
107063,sea
107064,sea
107065,mountain
107066,buildings
107067,sea
107068,glacier
107069,street
107070,forest
107071,forest
107072,street
107073,glacier
107074,street
107075,buildings
107076,glacier
107077,sea
107078,sea
107079,street
107080,forest
107081,forest
107082,mountain
107083,mountain
107084,buildings
107085,forest
107086,mountain
107087,buildings
107088,glacier
107089,mountain
107090,street
107091,sea
107092,glacier
107093,glacier
107094,street
107095,street
107096,sea
107097,mountain
107098,sea
107099,sea
107100,glacier
107101,street
107102,street
107103,street
107104,buildings
107105,glacier
107106,mountain
107107,sea
107108,buildings
107109,buildings
107110,buildings
107111,buildings
107112,forest
107113,sea
107114,sea
107115,mountain
107116,buildings
107117,mountain
107118,forest
107119,forest
107120,glacier
107121,glacier
107122,forest
107123,sea
107124,sea
107125,glacier
107126,buildings
107127,forest
107128,sea
107129,glacier
107130,street
107131,buildings
107132,forest
107133,mountain
107134,glacier
107135,mountain
107136,street
107137,glacier
107138,mountain
107139,glacier
107140,mountain
107141,street
107142,forest
107143,street
107144,mountain
107145,sea
107146,street
107147,mountain
107148,street
107149,buildings
107150,mountain
107151,mountain
107152,sea
107153,buildings
107154,forest
107155,mountain
107156,forest
107157,forest
107158,sea
107159,mountain
107160,glacier
107161,street
107162,street
107163,forest
107164,forest
107165,buildings
107166,glacier
107167,mountain
107168,forest
107169,street
107170,sea
107171,glacier
107172,forest
107173,forest
107174,forest
107175,sea
107176,glacier
107177,sea
107178,mountain
107179,mountain
107180,sea
107181,glacier
107182,forest
107183,sea
107184,sea
107185,glacier
107186,glacier
107187,sea
107188,street
107189,mountain
107190,glacier
107191,glacier
107192,sea
107193,glacier
107194,buildings
107195,buildings
107196,sea
107197,buildings
107198,buildings
107199,mountain
107200,street
107201,sea
107202,sea
107203,street
107204,street
107205,street
107206,sea
107207,mountain
107208,buildings
107209,buildings
107210,mountain
107211,glacier
107212,buildings
107213,buildings
107214,sea
107215,street
107216,buildings
107217,mountain
107218,mountain
107219,glacier
107220,glacier
107221,street
107222,forest
107223,glacier
107224,buildings
107225,sea
107226,glacier
107227,glacier
107228,buildings
107229,sea
107230,forest
107231,forest
107232,forest
107233,street
107234,glacier
107235,street
107236,buildings
107237,forest
107238,sea
107239,mountain
107240,buildings
107241,glacier
107242,forest
107243,forest
107244,sea
107245,mountain
107246,mountain
107247,street
107248,street
107249,mountain
107250,glacier
107251,buildings
107252,mountain
107253,mountain
107254,buildings
107255,street
107256,mountain
107257,sea
107258,forest
107259,mountain
107260,mountain
107261,sea
107262,forest
107263,forest
107264,street
107265,mountain
107266,glacier
107267,mountain
107268,buildings
107269,mountain
107270,buildings
107271,sea
107272,mountain
107273,glacier
107274,mountain
107275,street
107276,mountain
107277,buildings
107278,sea
107279,mountain
107280,forest
107281,sea
107282,forest
107283,buildings
107284,glacier
107285,forest
107286,glacier
107287,glacier
107288,forest
107289,street
107290,sea
107291,buildings
107292,street
107293,sea
107294,mountain
107295,mountain
107296,buildings
107297,buildings
107298,buildings
107299,mountain
107300,glacier
107301,mountain
107302,sea
107303,sea
107304,street
107305,street
107306,mountain
107307,sea
107308,buildings
107309,forest
107310,mountain
107311,street
107312,glacier
107313,sea
107314,forest
107315,street
107316,buildings
107317,forest
107318,mountain
107319,mountain
107320,forest
107321,street
107322,mountain
107323,glacier
107324,glacier
107325,glacier
107326,buildings
107327,mountain
107328,sea
107329,glacier
107330,buildings
107331,sea
107332,glacier
107333,street
107334,forest
107335,buildings
107336,forest
107337,glacier
107338,mountain
107339,mountain
107340,forest
107341,mountain
107342,mountain
107343,forest
107344,forest
107345,sea
107346,sea
107347,forest
107348,street
107349,forest
107350,forest
107351,street
107352,mountain
107353,mountain
107354,glacier
107355,glacier
107356,forest
107357,forest
107358,glacier
107359,buildings
107360,sea
107361,forest
107362,forest
107363,forest
107364,buildings
107365,mountain
107366,buildings
107367,mountain
107368,glacier
107369,mountain
107370,forest
107371,buildings
107372,mountain
107373,buildings
107374,glacier
107375,glacier
107376,mountain
107377,glacier
107378,forest
107379,forest
107380,glacier
107381,mountain
107382,glacier
107383,glacier
107384,sea
107385,forest
107386,glacier
107387,street
107388,glacier
107389,glacier
107390,glacier
107391,buildings
107392,street
107393,forest
107394,street
107395,buildings
107396,mountain
107397,forest
107398,street
107399,street
107400,sea
107401,street
107402,mountain
107403,mountain
107404,street
107405,buildings
107406,sea
107407,sea
107408,sea
107409,sea
107410,sea
107411,mountain
107412,buildings
107413,forest
107414,forest
107415,buildings
107416,glacier
107417,forest
107418,buildings
107419,buildings
107420,buildings
107421,sea
107422,buildings
107423,sea
107424,mountain
107425,mountain
107426,street
107427,buildings
107428,mountain
107429,street
107430,glacier
107431,forest
107432,glacier
107433,sea
107434,street
107435,buildings
107436,forest
107437,glacier
107438,glacier
107439,street
107440,forest
107441,buildings
107442,glacier
107443,street
107444,street
107445,mountain
107446,street
107447,street
107448,glacier
107449,sea
107450,buildings
107451,glacier
107452,glacier
107453,glacier
107454,buildings
107455,buildings
107456,sea
107457,buildings
107458,mountain
107459,glacier
107460,buildings
107461,forest
107462,glacier
107463,glacier
107464,sea
107465,street
107466,sea
107467,mountain
107468,street
107469,mountain
107470,forest
107471,sea
107472,sea
107473,street
107474,mountain
107475,glacier
107476,street
107477,street
107478,mountain
107479,forest
107480,buildings
107481,sea
107482,mountain
107483,mountain
107484,glacier
107485,buildings
107486,street
107487,sea
107488,mountain
107489,sea
107490,mountain
107491,glacier
107492,mountain
107493,street
107494,buildings
107495,street
107496,street
107497,street
107498,street
107499,sea
107500,street
107501,buildings
107502,sea
107503,street
107504,glacier
107505,sea
107506,forest
107507,glacier
107508,buildings
107509,sea
107510,buildings
107511,street
107512,street
107513,forest
107514,sea
107515,glacier
107516,mountain
107517,forest
107518,forest
107519,street
107520,mountain
107521,buildings
107522,forest
107523,buildings
107524,glacier
107525,glacier
107526,street
107527,glacier
107528,street
107529,forest
107530,street
107531,mountain
107532,sea
107533,street
107534,street
107535,mountain
107536,street
107537,forest
107538,buildings
107539,sea
107540,sea
107541,sea
107542,sea
107543,glacier
107544,mountain
107545,forest
107546,mountain
107547,street
107548,sea
107549,sea
107550,glacier
107551,forest
107552,street
107553,sea
107554,sea
107555,mountain
107556,sea
107557,forest
107558,glacier
107559,forest
107560,mountain
107561,buildings
107562,sea
107563,forest
107564,sea
107565,mountain
107566,mountain
107567,street
107568,street
107569,buildings
107570,buildings
107571,buildings
107572,glacier
107573,sea
107574,street
107575,forest
107576,buildings
107577,street
107578,sea
107579,forest
107580,street
107581,mountain
107582,forest
107583,street
107584,sea
107585,street
107586,sea
107587,forest
107588,forest
107589,buildings
107590,forest
107591,glacier
107592,mountain
107593,mountain
107594,street
107595,buildings
107596,buildings
107597,sea
107598,street
107599,glacier
107600,sea
107601,mountain
107602,street
107603,street
107604,street
107605,mountain
107606,buildings
107607,buildings
107608,street
107609,forest
107610,street
107611,street
107612,street
107613,glacier
107614,glacier
107615,street
107616,forest
107617,buildings
107618,street
107619,buildings
107620,sea
107621,sea
107622,sea
107623,mountain
107624,sea
107625,forest
107626,buildings
107627,glacier
107628,mountain
107629,glacier
107630,buildings
107631,glacier
107632,glacier
107633,forest
107634,glacier
107635,buildings
107636,sea
107637,sea
107638,street
107639,street
107640,street
107641,forest
107642,street
107643,sea
107644,street
107645,sea
107646,forest
107647,forest
107648,forest
107649,sea
107650,glacier
107651,glacier
107652,forest
107653,buildings
107654,sea
107655,sea
107656,sea
107657,mountain
107658,buildings
107659,street
107660,glacier
107661,street
107662,buildings
107663,glacier
107664,sea
107665,buildings
107666,sea
107667,street
107668,glacier
107669,buildings
107670,mountain
107671,street
107672,mountain
107673,buildings
107674,glacier
107675,mountain
107676,mountain
107677,street
107678,mountain
107679,street
107680,forest
107681,sea
107682,mountain
107683,glacier
107684,forest
107685,buildings
107686,sea
107687,mountain
107688,buildings
107689,glacier
107690,glacier
107691,forest
107692,sea
107693,sea
107694,forest
107695,forest
107696,mountain
107697,street
107698,street
107699,buildings
107700,street
107701,glacier
107702,street
107703,glacier
107704,mountain
107705,forest
107706,sea
107707,sea
107708,buildings
107709,buildings
107710,street
107711,forest
107712,street
107713,glacier
107714,mountain
107715,buildings
107716,glacier
107717,sea
107718,forest
107719,sea
107720,street
107721,mountain
107722,street
107723,street
107724,street
107725,buildings
107726,mountain
107727,glacier
107728,sea
107729,forest
107730,forest
107731,buildings
107732,mountain
107733,forest
107734,glacier
107735,buildings
107736,mountain
107737,street
107738,street
107739,buildings
107740,forest
107741,buildings
107742,buildings
107743,forest
107744,glacier
107745,mountain
107746,street
107747,buildings
107748,buildings
107749,mountain
107750,street
107751,glacier
107752,sea
107753,forest
107754,street
107755,mountain
107756,glacier
107757,buildings
107758,buildings
107759,mountain
107760,glacier
107761,forest
107762,street
107763,street
107764,glacier
107765,mountain
107766,sea
107767,buildings
107768,street
107769,mountain
107770,buildings
107771,forest
107772,street
107773,glacier
107774,glacier
107775,buildings
107776,mountain
107777,mountain
107778,mountain
107779,sea
107780,glacier
107781,sea
107782,sea
107783,mountain
107784,sea
107785,sea
107786,mountain
107787,forest
107788,forest
107789,glacier
107790,sea
107791,forest
107792,sea
107793,sea
107794,mountain
107795,buildings
107796,glacier
107797,street
107798,sea
107799,mountain
107800,glacier
107801,street
107802,buildings
107803,mountain
107804,glacier
107805,sea
107806,mountain
107807,mountain
107808,mountain
107809,street
107810,glacier
107811,street
107812,mountain
107813,glacier
107814,forest
107815,buildings
107816,forest
107817,street
107818,street
107819,sea
107820,buildings
107821,mountain
107822,buildings
107823,mountain
107824,mountain
107825,mountain
107826,street
107827,sea
107828,sea
107829,glacier
107830,buildings
107831,buildings
107832,buildings
107833,glacier
107834,mountain
107835,sea
107836,sea
107837,sea
107838,buildings
107839,mountain
107840,forest
107841,buildings
107842,buildings
107843,buildings
107844,glacier
107845,sea
107846,glacier
107847,mountain
107848,forest
107849,glacier
107850,sea
107851,forest
107852,glacier
107853,glacier
107854,mountain
107855,glacier
107856,glacier
107857,buildings
107858,mountain
107859,mountain
107860,buildings
107861,sea
107862,forest
107863,street
107864,forest
107865,mountain
107866,street
107867,sea
107868,sea
107869,glacier
107870,street
107871,buildings
107872,glacier
107873,mountain
107874,forest
107875,mountain
107876,forest
107877,street
107878,mountain
107879,mountain
107880,buildings
107881,mountain
107882,sea
107883,glacier
107884,street
107885,mountain
107886,street
107887,street
107888,glacier
107889,buildings
107890,sea
107891,forest
107892,glacier
107893,sea
107894,street
107895,glacier
107896,glacier
107897,forest
107898,forest
107899,mountain
107900,forest
107901,street
107902,forest
107903,sea
107904,forest
107905,mountain
107906,mountain
107907,sea
107908,forest
107909,sea
107910,glacier
107911,forest
107912,forest
107913,street
107914,sea
107915,street
107916,glacier
107917,buildings
107918,sea
107919,mountain
107920,forest
107921,sea
107922,glacier
107923,mountain
107924,glacier
107925,street
107926,glacier
107927,sea
107928,glacier
107929,buildings
107930,mountain
107931,sea
107932,mountain
107933,glacier
107934,mountain
107935,sea
107936,sea
107937,street
107938,street
107939,mountain
107940,street
107941,mountain
107942,street
107943,buildings
107944,forest
107945,forest
107946,street
107947,street
107948,street
107949,mountain
107950,forest
107951,sea
107952,street
107953,mountain
107954,buildings
107955,forest
107956,glacier
107957,buildings
107958,glacier
107959,street
107960,mountain
107961,buildings
107962,sea
107963,glacier
107964,buildings
107965,glacier
107966,sea
107967,forest
107968,glacier
107969,forest
107970,mountain
107971,mountain
107972,glacier
107973,sea
107974,street
107975,buildings
107976,street
107977,street
107978,mountain
107979,buildings
107980,mountain
107981,mountain
107982,sea
107983,forest
107984,glacier
107985,buildings
107986,mountain
107987,sea
107988,buildings
107989,buildings
107990,glacier
107991,glacier
107992,mountain
107993,forest
107994,sea
107995,street
107996,sea
107997,mountain
107998,street
107999,forest
108000,forest
108001,glacier
108002,street
108003,sea
108004,sea
108005,glacier
108006,buildings
108007,buildings
108008,buildings
108009,forest
108010,buildings
108011,sea
108012,sea
108013,street
108014,sea
108015,sea
108016,street
108017,sea
108018,buildings
108019,street
108020,glacier
108021,street
108022,sea
108023,buildings
108024,forest
108025,glacier
108026,forest
108027,forest
108028,forest
108029,glacier
108030,sea
108031,glacier
108032,street
108033,forest
108034,glacier
108035,forest
108036,buildings
108037,forest
108038,sea
108039,street
108040,mountain
108041,glacier
108042,buildings
108043,glacier
108044,street
108045,sea
108046,street
108047,street
108048,forest
108049,street
108050,glacier
108051,street
108052,mountain
108053,street
108054,sea
108055,forest
108056,forest
108057,glacier
108058,glacier
108059,buildings
108060,forest
108061,forest
108062,forest
108063,buildings
108064,glacier
108065,sea
108066,street
108067,mountain
108068,street
108069,buildings
108070,buildings
108071,street
108072,mountain
108073,street
108074,glacier
108075,glacier
108076,mountain
108077,street
108078,forest
108079,glacier
108080,forest
108081,mountain
108082,sea
108083,street
108084,glacier
108085,buildings
108086,forest
108087,glacier
108088,forest
108089,street
108090,glacier
108091,street
108092,glacier
108093,forest
108094,mountain
108095,street
108096,sea
108097,mountain
108098,mountain
108099,forest
108100,forest
108101,glacier
108102,buildings
108103,buildings
108104,mountain
108105,street
108106,street
108107,glacier
108108,street
108109,glacier
108110,mountain
108111,glacier
108112,glacier
108113,mountain
108114,street
108115,buildings
108116,sea
108117,buildings
108118,street
108119,sea
108120,forest
108121,glacier
108122,street
108123,street
108124,forest
108125,buildings
108126,buildings
108127,sea
108128,glacier
108129,mountain
108130,street
108131,forest
108132,sea
108133,glacier
108134,buildings
108135,forest
108136,mountain
108137,street
108138,buildings
108139,glacier
108140,forest
108141,street
108142,glacier
108143,glacier
108144,street
108145,sea
108146,sea
108147,mountain
108148,street
108149,mountain
108150,buildings
108151,buildings
108152,sea
108153,forest
108154,buildings
108155,glacier
108156,forest
108157,glacier
108158,buildings
108159,buildings
108160,street
108161,forest
108162,glacier
108163,buildings
108164,buildings
108165,sea
108166,buildings
108167,street
108168,street
108169,buildings
108170,mountain
108171,forest
108172,street
108173,forest
108174,glacier
108175,forest
108176,buildings
108177,buildings
108178,forest
108179,glacier
108180,street
108181,glacier
108182,buildings
108183,glacier
108184,street
108185,buildings
108186,street
108187,mountain
108188,forest
108189,mountain
108190,sea
108191,sea
108192,mountain
108193,forest
108194,buildings
108195,sea
108196,street
108197,buildings
108198,forest
108199,mountain
108200,street
108201,forest
108202,buildings
108203,buildings
108204,mountain
108205,street
108206,forest
108207,forest
108208,street
108209,street
108210,glacier
108211,sea
108212,buildings
108213,forest
108214,sea
108215,mountain
108216,sea
108217,mountain
108218,glacier
108219,street
108220,glacier
108221,mountain
108222,glacier
108223,forest
108224,mountain
108225,street
108226,forest
108227,mountain
108228,sea
108229,buildings
108230,sea
108231,sea
108232,forest
108233,glacier
108234,buildings
108235,forest
108236,buildings
108237,sea
108238,street
108239,street
108240,sea
108241,forest
108242,mountain
108243,street
108244,mountain
108245,street
108246,buildings
108247,glacier
108248,forest
108249,forest
108250,street
108251,forest
108252,sea
108253,forest
108254,glacier
108255,forest
108256,forest
108257,mountain
108258,buildings
108259,street
108260,forest
108261,sea
108262,glacier
108263,forest
108264,forest
108265,glacier
108266,sea
108267,sea
108268,forest
108269,sea
108270,buildings
108271,street
108272,glacier
108273,sea
108274,sea
108275,glacier
108276,mountain
108277,mountain
108278,buildings
108279,mountain
108280,glacier
108281,glacier
108282,forest
108283,buildings
108284,sea
108285,glacier
108286,forest
108287,sea
108288,glacier
108289,sea
108290,glacier
108291,sea
108292,buildings
108293,forest
108294,mountain
108295,street
108296,glacier
108297,sea
108298,mountain
108299,street
108300,forest
108301,mountain
108302,glacier
108303,mountain
108304,street
108305,glacier
108306,sea
108307,buildings
108308,buildings
108309,forest
108310,buildings
108311,buildings
108312,street
108313,street
108314,forest
108315,forest
108316,glacier
108317,glacier
108318,street
108319,forest
108320,forest
108321,mountain
108322,buildings
108323,sea
108324,buildings
108325,sea
108326,street
108327,sea
108328,sea
108329,buildings
108330,street
108331,sea
108332,street
108333,mountain
108334,forest
108335,forest
108336,buildings
108337,buildings
108338,mountain
108339,forest
108340,sea
108341,mountain
108342,glacier
108343,mountain
108344,sea
108345,glacier
108346,sea
108347,sea
108348,glacier
108349,glacier
108350,forest
108351,sea
108352,forest
108353,buildings
108354,buildings
108355,glacier
108356,mountain
108357,glacier
108358,forest
108359,forest
108360,sea
108361,glacier
108362,glacier
108363,sea
108364,mountain
108365,mountain
108366,street
108367,glacier
108368,mountain
108369,glacier
108370,forest
108371,forest
108372,street
108373,buildings
108374,glacier
108375,buildings
108376,glacier
108377,mountain
108378,glacier
108379,glacier
108380,forest
108381,glacier
108382,mountain
108383,sea
108384,street
108385,mountain
108386,forest
108387,buildings
108388,forest
108389,buildings
108390,glacier
108391,buildings
108392,forest
108393,street
108394,street
108395,sea
108396,forest
108397,sea
108398,street
108399,forest
108400,street
108401,street
108402,mountain
108403,forest
108404,forest
108405,sea
108406,mountain
108407,forest
108408,street
108409,buildings
108410,forest
108411,buildings
108412,street
108413,mountain
108414,street
108415,sea
108416,glacier
108417,glacier
108418,street
108419,forest
108420,mountain
108421,sea
108422,forest
108423,sea
108424,glacier
108425,mountain
108426,forest
108427,forest
108428,forest
108429,sea
108430,forest
108431,glacier
108432,glacier
108433,buildings
108434,street
108435,street
108436,buildings
108437,buildings
108438,glacier
108439,mountain
108440,buildings
108441,mountain
108442,forest
108443,glacier
108444,glacier
108445,mountain
108446,buildings
108447,mountain
108448,mountain
108449,street
108450,buildings
108451,forest
108452,mountain
108453,glacier
108454,mountain
108455,sea
108456,street
108457,sea
108458,mountain
108459,glacier
108460,street
108461,mountain
108462,buildings
108463,mountain
108464,street
108465,buildings
108466,sea
108467,street
108468,forest
108469,glacier
108470,forest
108471,forest
108472,forest
108473,mountain
108474,forest
108475,sea
108476,forest
108477,sea
108478,mountain
108479,street
108480,forest
108481,sea
108482,street
108483,glacier
108484,glacier
108485,mountain
108486,sea
108487,street
108488,glacier
108489,glacier
108490,buildings
108491,sea
108492,sea
108493,mountain
108494,buildings
108495,sea
108496,street
108497,glacier
108498,glacier
108499,forest
108500,forest
108501,glacier
108502,sea
108503,forest
108504,sea
108505,mountain
108506,buildings
108507,mountain
108508,street
108509,glacier
108510,forest
108511,mountain
108512,glacier
108513,mountain
108514,forest
108515,forest
108516,street
108517,buildings
108518,glacier
108519,glacier
108520,mountain
108521,buildings
108522,mountain
108523,mountain
108524,glacier
108525,forest
108526,forest
108527,mountain
108528,glacier
108529,street
108530,sea
108531,street
108532,street
108533,glacier
108534,glacier
108535,glacier
108536,buildings
108537,street
108538,sea
108539,sea
108540,sea
108541,mountain
108542,glacier
108543,glacier
108544,glacier
108545,street
108546,buildings
108547,street
108548,buildings
108549,street
108550,glacier
108551,street
108552,forest
108553,forest
108554,mountain
108555,mountain
108556,sea
108557,forest
108558,glacier
108559,mountain
108560,mountain
108561,buildings
108562,mountain
108563,street
108564,forest
108565,buildings
108566,sea
108567,mountain
108568,glacier
108569,glacier
108570,mountain
108571,street
108572,glacier
108573,mountain
108574,forest
108575,street
108576,buildings
108577,street
108578,mountain
108579,street
108580,buildings
108581,street
108582,sea
108583,forest
108584,buildings
108585,glacier
108586,glacier
108587,sea
108588,forest
108589,buildings
108590,forest
108591,sea
108592,sea
108593,buildings
108594,sea
108595,glacier
108596,mountain
108597,glacier
108598,forest
108599,mountain
108600,street
108601,forest
108602,mountain
108603,street
108604,forest
108605,street
108606,glacier
108607,sea
108608,sea
108609,forest
108610,street
108611,mountain
108612,street
108613,street
108614,glacier
108615,sea
108616,glacier
108617,sea
108618,glacier
108619,street
108620,sea
108621,buildings
108622,sea
108623,buildings
108624,buildings
108625,forest
108626,forest
108627,glacier
108628,glacier
108629,buildings
108630,forest
108631,mountain
108632,forest
108633,sea
108634,street
108635,sea
108636,sea
108637,street
108638,mountain
108639,forest
108640,mountain
108641,street
108642,glacier
108643,mountain
108644,mountain
108645,mountain
108646,buildings
108647,buildings
108648,mountain
108649,sea
108650,buildings
108651,sea
108652,buildings
108653,mountain
108654,mountain
108655,buildings
108656,forest
108657,mountain
108658,mountain
108659,mountain
108660,forest
108661,buildings
108662,buildings
108663,buildings
108664,glacier
108665,glacier
108666,forest
108667,street
108668,sea
108669,sea
108670,forest
108671,sea
108672,sea
108673,street
108674,forest
108675,sea
108676,sea
108677,forest
108678,mountain
108679,mountain
108680,street
108681,forest
108682,street
108683,glacier
108684,sea
108685,sea
108686,street
108687,forest
108688,forest
108689,sea
108690,sea
108691,forest
108692,buildings
108693,mountain
108694,forest
108695,forest
108696,buildings
108697,buildings
108698,forest
108699,buildings
108700,sea
108701,forest
108702,forest
108703,sea
108704,mountain
108705,mountain
108706,buildings
108707,glacier
108708,glacier
108709,forest
108710,mountain
108711,street
108712,street
108713,forest
108714,forest
108715,forest
108716,glacier
108717,mountain
108718,buildings
108719,sea
108720,forest
108721,mountain
108722,forest
108723,mountain
108724,sea
108725,mountain
108726,mountain
108727,glacier
108728,sea
108729,glacier
108730,mountain
108731,forest
108732,glacier
108733,forest
108734,mountain
108735,street
108736,glacier
108737,street
108738,street
108739,sea
108740,forest
108741,sea
108742,mountain
108743,buildings
108744,glacier
108745,mountain
108746,buildings
108747,mountain
108748,mountain
108749,street
108750,glacier
108751,mountain
108752,sea
108753,buildings
108754,forest
108755,sea
108756,sea
108757,street
108758,forest
108759,mountain
108760,street
108761,buildings
108762,sea
108763,street
108764,forest
108765,forest
108766,street
108767,mountain
108768,forest
108769,street
108770,forest
108771,forest
108772,buildings
108773,mountain
108774,glacier
108775,glacier
108776,buildings
108777,mountain
108778,mountain
108779,street
108780,forest
108781,glacier
108782,forest
108783,glacier
108784,sea
108785,sea
108786,sea
108787,sea
108788,buildings
108789,street
108790,glacier
108791,buildings
108792,mountain
108793,buildings
108794,street
108795,buildings
108796,forest
108797,sea
108798,sea
108799,glacier
108800,street
108801,forest
108802,buildings
108803,mountain
108804,sea
108805,glacier
108806,mountain
108807,mountain
108808,mountain
108809,sea
108810,street
108811,glacier
108812,street
108813,mountain
108814,street
108815,street
108816,sea
108817,buildings
108818,sea
108819,mountain
108820,glacier
108821,glacier
108822,street
108823,glacier
108824,glacier
108825,mountain
108826,mountain
108827,glacier
108828,street
108829,street
108830,glacier
108831,buildings
108832,sea
108833,buildings
108834,glacier
108835,glacier
108836,sea
108837,forest
108838,buildings
108839,forest
108840,buildings
108841,glacier
108842,buildings
108843,mountain
108844,buildings
108845,forest
108846,buildings
108847,forest
108848,street
108849,forest
108850,forest
108851,forest
108852,forest
108853,mountain
108854,glacier
108855,forest
108856,sea
108857,street
108858,glacier
108859,buildings
108860,mountain
108861,glacier
108862,buildings
108863,buildings
108864,buildings
108865,street
108866,buildings
108867,glacier
108868,glacier
108869,forest
108870,glacier
108871,glacier
108872,forest
108873,forest
108874,sea
108875,forest
108876,mountain
108877,buildings
108878,glacier
108879,street
108880,street
108881,sea
108882,buildings
108883,glacier
108884,glacier
108885,buildings
108886,sea
108887,glacier
108888,buildings
108889,street
108890,street
108891,street
108892,mountain
108893,buildings
108894,street
108895,buildings
108896,sea
108897,mountain
108898,street
108899,street
108900,glacier
108901,street
108902,sea
108903,forest
108904,buildings
108905,forest
108906,forest
108907,mountain
108908,street
108909,buildings
108910,buildings
108911,glacier
108912,mountain
108913,buildings
108914,forest
108915,buildings
108916,mountain
108917,mountain
108918,forest
108919,buildings
108920,mountain
108921,street
108922,street
108923,buildings
108924,sea
108925,mountain
108926,mountain
108927,forest
108928,buildings
108929,buildings
108930,mountain
108931,glacier
108932,forest
108933,glacier
108934,buildings
108935,mountain
108936,mountain
108937,street
108938,mountain
108939,glacier
108940,mountain
108941,buildings
108942,glacier
108943,mountain
108944,forest
108945,sea
108946,buildings
108947,street
108948,glacier
108949,street
108950,forest
108951,sea
108952,mountain
108953,glacier
108954,buildings
108955,buildings
108956,sea
108957,street
108958,forest
108959,glacier
108960,sea
108961,sea
108962,glacier
108963,forest
108964,forest
108965,street
108966,sea
108967,mountain
108968,mountain
108969,sea
108970,glacier
108971,sea
108972,mountain
108973,buildings
108974,mountain
108975,sea
108976,forest
108977,mountain
108978,glacier
108979,buildings
108980,glacier
108981,street
108982,street
108983,buildings
108984,sea
108985,forest
108986,buildings
108987,street
108988,mountain
108989,glacier
108990,buildings
108991,forest
108992,street
108993,street
108994,forest
108995,glacier
108996,mountain
108997,buildings
108998,street
108999,buildings
109000,mountain
109001,street
109002,sea
109003,buildings
109004,forest
109005,sea
109006,mountain
109007,forest
109008,forest
109009,street
109010,glacier
109011,street
109012,sea
109013,forest
109014,forest
109015,buildings
109016,buildings
109017,glacier
109018,sea
109019,sea
109020,glacier
109021,buildings
109022,sea
109023,mountain
109024,sea
109025,street
109026,mountain
109027,street
109028,mountain
109029,street
109030,buildings
109031,sea
109032,sea
109033,sea
109034,buildings
109035,sea
109036,street
109037,glacier
109038,sea
109039,sea
109040,forest
109041,buildings
109042,buildings
109043,forest
109044,street
109045,buildings
109046,buildings
109047,street
109048,buildings
109049,mountain
109050,glacier
109051,mountain
109052,glacier
109053,mountain
109054,glacier
109055,buildings
109056,glacier
109057,mountain
109058,sea
109059,forest
109060,buildings
109061,glacier
109062,sea
109063,sea
109064,forest
109065,forest
109066,street
109067,mountain
109068,glacier
109069,mountain
109070,glacier
109071,forest
109072,street
109073,mountain
109074,glacier
109075,street
109076,glacier
109077,glacier
109078,sea
109079,street
109080,street
109081,mountain
109082,glacier
109083,street
109084,buildings
109085,street
109086,forest
109087,forest
109088,street
109089,street
109090,mountain
109091,street
109092,buildings
109093,street
109094,buildings
109095,mountain
109096,forest
109097,mountain
109098,mountain
109099,sea
109100,buildings
109101,buildings
109102,sea
109103,buildings
109104,sea
109105,mountain
109106,mountain
109107,forest
109108,sea
109109,sea
109110,forest
109111,forest
109112,forest
109113,street
109114,sea
109115,forest
109116,mountain
109117,forest
109118,street
109119,mountain
109120,glacier
109121,mountain
109122,mountain
109123,glacier
109124,glacier
109125,glacier
109126,street
109127,forest
109128,buildings
109129,street
109130,mountain
109131,street
109132,mountain
109133,street
109134,mountain
109135,street
109136,buildings
109137,glacier
109138,glacier
109139,mountain
109140,sea
109141,mountain
109142,glacier
109143,sea
109144,buildings
109145,mountain
109146,mountain
109147,buildings
109148,street
109149,street
109150,buildings
109151,buildings
109152,sea
109153,buildings
109154,glacier
109155,mountain
109156,mountain
109157,mountain
109158,mountain
109159,street
109160,mountain
109161,street
109162,forest
109163,glacier
109164,glacier
109165,mountain
109166,street
109167,mountain
109168,buildings
109169,street
109170,street
109171,street
109172,sea
109173,mountain
109174,sea
109175,forest
109176,sea
109177,mountain
109178,mountain
109179,forest
109180,buildings
109181,sea
109182,mountain
109183,sea
109184,glacier
109185,glacier
109186,mountain
109187,forest
109188,mountain
109189,sea
109190,mountain
109191,mountain
109192,glacier
109193,forest
109194,mountain
109195,sea
109196,glacier
109197,forest
109198,sea
109199,sea
109200,mountain
109201,glacier
109202,buildings
109203,mountain
109204,mountain
109205,buildings
109206,street
109207,glacier
109208,glacier
109209,forest
109210,sea
109211,mountain
109212,glacier
109213,buildings
109214,forest
109215,street
109216,buildings
109217,buildings
109218,forest
109219,mountain
109220,mountain
109221,glacier
109222,forest
109223,sea
109224,glacier
109225,street
109226,sea
109227,forest
109228,mountain
109229,street
109230,buildings
109231,forest
109232,mountain
109233,glacier
109234,glacier
109235,sea
109236,street
109237,street
109238,buildings
109239,buildings
109240,buildings
109241,mountain
109242,sea
109243,glacier
109244,glacier
109245,buildings
109246,forest
109247,buildings
109248,buildings
109249,street
109250,sea
109251,glacier
109252,sea
109253,forest
109254,forest
109255,sea
109256,street
109257,mountain
109258,sea
109259,forest
109260,street
109261,buildings
109262,buildings
109263,buildings
109264,buildings
109265,forest
109266,glacier
109267,mountain
109268,forest
109269,mountain
109270,mountain
109271,street
109272,forest
109273,sea
109274,glacier
109275,glacier
109276,forest
109277,mountain
109278,sea
109279,forest
109280,forest
109281,mountain
109282,buildings
109283,sea
109284,sea
109285,buildings
109286,mountain
109287,buildings
109288,glacier
109289,forest
109290,forest
109291,sea
109292,sea
109293,sea
109294,sea
109295,street
109296,street
109297,forest
109298,mountain
109299,forest
109300,mountain
109301,street
109302,glacier
109303,mountain
109304,sea
109305,buildings
109306,buildings
109307,buildings
109308,sea
109309,buildings
109310,buildings
109311,mountain
109312,forest
109313,glacier
109314,buildings
109315,glacier
109316,sea
109317,forest
109318,mountain
109319,sea
109320,street
109321,buildings
109322,forest
109323,sea
109324,buildings
109325,mountain
109326,forest
109327,forest
109328,glacier
109329,street
109330,glacier
109331,forest
109332,street
109333,street
109334,mountain
109335,mountain
109336,mountain
109337,glacier
109338,glacier
109339,street
109340,buildings
109341,forest
109342,glacier
109343,mountain
109344,street
109345,buildings
109346,street
109347,glacier
109348,glacier
109349,forest
109350,forest
109351,buildings
109352,buildings
109353,street
109354,sea
109355,street
109356,sea
109357,street
109358,sea
109359,mountain
109360,street
109361,buildings
109362,glacier
109363,mountain
109364,mountain
109365,sea
109366,sea
109367,mountain
109368,buildings
109369,street
109370,mountain
109371,forest
109372,sea
109373,forest
109374,glacier
109375,sea
109376,buildings
109377,buildings
109378,sea
109379,forest
109380,glacier
109381,street
109382,buildings
109383,forest
109384,street
109385,forest
109386,sea
109387,mountain
109388,glacier
109389,glacier
109390,forest
109391,forest
109392,forest
109393,buildings
109394,glacier
109395,sea
109396,sea
109397,glacier
109398,buildings
109399,sea
109400,forest
109401,street
109402,street
109403,sea
109404,mountain
109405,sea
109406,mountain
109407,glacier
109408,forest
109409,glacier
109410,glacier
109411,mountain
109412,glacier
109413,forest
109414,street
109415,street
109416,street
109417,glacier
109418,sea
109419,mountain
109420,sea
109421,buildings
109422,mountain
109423,sea
109424,street
109425,forest
109426,mountain
109427,street
109428,glacier
109429,sea
109430,street
109431,mountain
109432,mountain
109433,forest
109434,glacier
109435,street
109436,sea
109437,buildings
109438,glacier
109439,glacier
109440,glacier
109441,forest
109442,street
109443,sea
109444,buildings
109445,sea
109446,sea
109447,glacier
109448,buildings
109449,street
109450,mountain
109451,forest
109452,forest
109453,glacier
109454,sea
109455,glacier
109456,street
109457,glacier
109458,glacier
109459,buildings
109460,mountain
109461,street
109462,street
109463,glacier
109464,street
109465,glacier
109466,mountain
109467,buildings
109468,buildings
109469,glacier
109470,mountain
109471,glacier
109472,mountain
109473,forest
109474,street
109475,sea
109476,glacier
109477,glacier
109478,mountain
109479,glacier
109480,glacier
109481,sea
109482,forest
109483,sea
109484,sea
109485,street
109486,mountain
109487,buildings
109488,sea
109489,street
109490,glacier
109491,forest
109492,forest
109493,forest
109494,street
109495,forest
109496,mountain
109497,forest
109498,sea
109499,street
109500,buildings
109501,street
109502,street
109503,forest
109504,forest
109505,glacier
109506,glacier
109507,street
109508,street
109509,forest
109510,mountain
109511,street
109512,sea
109513,street
109514,buildings
109515,buildings
109516,glacier
109517,mountain
109518,mountain
109519,sea
109520,glacier
109521,street
109522,glacier
109523,sea
109524,street
109525,buildings
109526,forest
109527,sea
109528,forest
109529,forest
109530,sea
109531,street
109532,mountain
109533,street
109534,street
109535,glacier
109536,mountain
109537,glacier
109538,buildings
109539,sea
109540,sea
109541,sea
109542,street
109543,mountain
109544,mountain
109545,glacier
109546,sea
109547,street
109548,forest
109549,buildings
109550,glacier
109551,forest
109552,glacier
109553,street
109554,sea
109555,forest
109556,forest
109557,buildings
109558,mountain
109559,sea
109560,glacier
109561,glacier
109562,glacier
109563,buildings
109564,sea
109565,sea
109566,mountain
109567,buildings
109568,forest
109569,glacier
109570,street
109571,buildings
109572,glacier
109573,forest
109574,glacier
109575,glacier
109576,forest
109577,sea
109578,mountain
109579,mountain
109580,mountain
109581,sea
109582,forest
109583,glacier
109584,glacier
109585,street
109586,street
109587,street
109588,mountain
109589,buildings
109590,street
109591,sea
109592,mountain
109593,forest
109594,forest
109595,street
109596,buildings
109597,mountain
109598,sea
109599,street
109600,mountain
109601,mountain
109602,glacier
109603,glacier
109604,street
109605,glacier
109606,street
109607,glacier
109608,street
109609,buildings
109610,street
109611,forest
109612,forest
109613,forest
109614,mountain
109615,buildings
109616,mountain
109617,sea
109618,street
109619,forest
109620,forest
109621,forest
109622,forest
109623,sea
109624,buildings
109625,forest
109626,mountain
109627,mountain
109628,mountain
109629,mountain
109630,buildings
109631,glacier
109632,street
109633,street
109634,mountain
109635,forest
109636,street
109637,mountain
109638,mountain
109639,glacier
109640,street
109641,glacier
109642,sea
109643,mountain
109644,street
109645,glacier
109646,mountain
109647,street
109648,sea
109649,sea
109650,forest
109651,buildings
109652,mountain
109653,forest
109654,forest
109655,street
109656,street
109657,street
109658,forest
109659,buildings
109660,sea
109661,forest
109662,glacier
109663,glacier
109664,street
109665,forest
109666,glacier
109667,street
109668,buildings
109669,sea
109670,mountain
109671,mountain
109672,street
109673,glacier
109674,buildings
109675,street
109676,buildings
109677,sea
109678,forest
109679,sea
109680,buildings
109681,buildings
109682,street
109683,mountain
109684,sea
109685,buildings
109686,mountain
109687,buildings
109688,glacier
109689,street
109690,forest
109691,mountain
109692,mountain
109693,mountain
109694,sea
109695,buildings
109696,buildings
109697,street
109698,glacier
109699,glacier
109700,forest
109701,street
109702,mountain
109703,glacier
109704,forest
109705,forest
109706,glacier
109707,buildings
109708,buildings
109709,street
109710,mountain
109711,forest
109712,street
109713,buildings
109714,sea
109715,glacier
109716,sea
109717,mountain
109718,sea
109719,forest
109720,glacier
109721,forest
109722,glacier
109723,sea
109724,buildings
109725,forest
109726,street
109727,buildings
109728,street
109729,buildings
109730,buildings
109731,mountain
109732,street
109733,forest
109734,sea
109735,mountain
109736,buildings
109737,street
109738,mountain
109739,glacier
109740,glacier
109741,mountain
109742,glacier
109743,sea
109744,mountain
109745,street
109746,glacier
109747,buildings
109748,buildings
109749,buildings
109750,forest
109751,glacier
109752,buildings
109753,street
109754,forest
109755,street
109756,buildings
109757,mountain
109758,glacier
109759,buildings
109760,forest
109761,glacier
109762,glacier
109763,street
109764,buildings
109765,street
109766,forest
109767,street
109768,buildings
109769,mountain
109770,forest
109771,street
109772,forest
109773,street
109774,mountain
109775,glacier
109776,sea
109777,buildings
109778,forest
109779,sea
109780,glacier
109781,sea
109782,glacier
109783,forest
109784,sea
109785,street
109786,glacier
109787,mountain
109788,street
109789,street
109790,mountain
109791,mountain
109792,sea
109793,forest
109794,glacier
109795,sea
109796,street
109797,buildings
109798,sea
109799,sea
109800,glacier
109801,street
109802,glacier
109803,mountain
109804,buildings
109805,forest
109806,sea
109807,forest
109808,street
109809,buildings
109810,sea
109811,forest
109812,street
109813,buildings
109814,forest
109815,sea
109816,sea
109817,mountain
109818,sea
109819,buildings
109820,forest
109821,street
109822,street
109823,buildings
109824,buildings
109825,mountain
109826,forest
109827,glacier
109828,sea
109829,mountain
109830,street
109831,mountain
109832,forest
109833,sea
109834,mountain
109835,street
109836,buildings
109837,sea
109838,glacier
109839,glacier
109840,street
109841,forest
109842,street
109843,forest
109844,street
109845,street
109846,street
109847,forest
109848,street
109849,sea
109850,forest
109851,forest
109852,forest
109853,buildings
109854,street
109855,forest
109856,sea
109857,glacier
109858,street
109859,mountain
109860,buildings
109861,glacier
109862,sea
109863,street
109864,street
109865,sea
109866,buildings
109867,forest
109868,forest
109869,sea
109870,sea
109871,mountain
109872,sea
109873,glacier
109874,mountain
109875,mountain
109876,mountain
109877,glacier
109878,sea
109879,street
109880,sea
109881,street
109882,mountain
109883,sea
109884,sea
109885,sea
109886,street
109887,street
109888,buildings
109889,buildings
109890,sea
109891,mountain
109892,glacier
109893,mountain
109894,street
109895,sea
109896,buildings
109897,forest
109898,mountain
109899,glacier
109900,street
109901,forest
109902,forest
109903,glacier
109904,forest
109905,mountain
109906,sea
109907,buildings
109908,sea
109909,glacier
109910,mountain
109911,sea
109912,forest
109913,sea
109914,mountain
109915,buildings
109916,sea
109917,sea
109918,buildings
109919,buildings
109920,mountain
109921,forest
109922,buildings
109923,buildings
109924,buildings
109925,forest
109926,sea
109927,sea
109928,buildings
109929,glacier
109930,sea
109931,forest
109932,street
109933,forest
109934,buildings
109935,buildings
109936,street
109937,sea
109938,street
109939,sea
109940,buildings
109941,forest
109942,mountain
109943,mountain
109944,mountain
109945,street
109946,buildings
109947,forest
109948,street
109949,glacier
109950,buildings
109951,mountain
109952,glacier
109953,glacier
109954,street
109955,sea
109956,street
109957,glacier
109958,street
109959,buildings
109960,sea
109961,glacier
109962,forest
109963,buildings
109964,street
109965,forest
109966,mountain
109967,glacier
109968,street
109969,forest
109970,glacier
109971,mountain
109972,buildings
109973,glacier
109974,glacier
109975,sea
109976,sea
109977,forest
109978,buildings
109979,street
109980,buildings
109981,sea
109982,sea
109983,forest
109984,buildings
109985,forest
109986,forest
109987,mountain
109988,glacier
109989,glacier
109990,sea
109991,glacier
109992,forest
109993,glacier
109994,forest
109995,buildings
109996,street
109997,sea
109998,mountain
109999,street
110000,buildings
110001,glacier
110002,buildings
110003,street
110004,buildings
110005,sea
110006,street
110007,sea
110008,glacier
110009,glacier
110010,mountain
110011,street
110012,buildings
110013,sea
110014,glacier
110015,forest
110016,sea
110017,mountain
110018,street
110019,forest
110020,mountain
110021,forest
110022,buildings
110023,street
110024,glacier
110025,buildings
110026,sea
110027,sea
110028,glacier
110029,mountain
110030,street
110031,buildings
110032,glacier
110033,sea
110034,forest
110035,forest
110036,sea
110037,forest
110038,mountain
110039,sea
110040,glacier
110041,mountain
110042,sea
110043,glacier
110044,mountain
110045,glacier
110046,forest
110047,sea
110048,buildings
110049,street
110050,mountain
110051,buildings
110052,sea
110053,glacier
110054,glacier
110055,mountain
110056,street
110057,glacier
110058,sea
110059,mountain
110060,forest
110061,sea
110062,buildings
110063,mountain
110064,sea
110065,street
110066,mountain
110067,sea
110068,forest
110069,glacier
110070,glacier
110071,street
110072,street
110073,street
110074,mountain
110075,mountain
110076,buildings
110077,forest
110078,forest
110079,street
110080,glacier
110081,mountain
110082,street
110083,forest
110084,buildings
110085,buildings
110086,street
110087,mountain
110088,forest
110089,street
110090,sea
110091,buildings
110092,forest
110093,forest
110094,glacier
110095,forest
110096,mountain
110097,sea
110098,buildings
110099,glacier
110100,mountain
110101,mountain
110102,mountain
110103,buildings
110104,sea
110105,forest
110106,buildings
110107,mountain
110108,forest
110109,mountain
110110,glacier
110111,buildings
110112,buildings
110113,forest
110114,buildings
110115,sea
110116,forest
110117,forest
110118,mountain
110119,mountain
110120,glacier
110121,mountain
110122,forest
110123,buildings
110124,street
110125,street
110126,buildings
110127,street
110128,sea
110129,buildings
110130,street
110131,sea
110132,street
110133,buildings
110134,mountain
110135,street
110136,forest
110137,buildings
110138,forest
110139,street
110140,glacier
110141,buildings
110142,street
110143,glacier
110144,glacier
110145,mountain
110146,forest
110147,forest
110148,mountain
110149,sea
110150,glacier
110151,buildings
110152,glacier
110153,forest
110154,sea
110155,street
110156,street
110157,street
110158,sea
110159,street
110160,sea
110161,mountain
110162,glacier
110163,street
110164,glacier
110165,street
110166,buildings
110167,forest
110168,street
110169,buildings
110170,street
110171,sea
110172,buildings
110173,sea
110174,mountain
110175,forest
110176,sea
110177,glacier
110178,mountain
110179,mountain
110180,glacier
110181,buildings
110182,glacier
110183,sea
110184,buildings
110185,mountain
110186,street
110187,sea
110188,mountain
110189,forest
110190,buildings
110191,glacier
110192,sea
110193,sea
110194,buildings
110195,glacier
110196,glacier
110197,street
110198,street
110199,sea
110200,sea
110201,forest
110202,glacier
110203,buildings
110204,street
110205,street
110206,sea
110207,sea
110208,street
110209,street
110210,buildings
110211,glacier
110212,street
110213,sea
110214,sea
110215,mountain
110216,street
110217,street
110218,street
110219,buildings
110220,sea
110221,street
110222,buildings
110223,sea
110224,mountain
110225,sea
110226,street
110227,forest
110228,forest
110229,street
110230,mountain
110231,forest
110232,street
110233,buildings
110234,mountain
110235,street
110236,buildings
110237,street
110238,buildings
110239,glacier
110240,forest
110241,sea
110242,street
110243,glacier
110244,buildings
110245,buildings
110246,buildings
110247,glacier
110248,forest
110249,street
110250,mountain
110251,street
110252,mountain
110253,buildings
110254,glacier
110255,street
110256,street
110257,mountain
110258,mountain
110259,street
110260,street
110261,sea
110262,buildings
110263,mountain
110264,forest
110265,buildings
110266,buildings
110267,street
110268,street
110269,street
110270,glacier
110271,sea
110272,glacier
110273,buildings
110274,forest
110275,glacier
110276,buildings
110277,street
110278,glacier
110279,buildings
110280,glacier
110281,forest
110282,glacier
110283,sea
110284,forest
110285,mountain
110286,buildings
110287,mountain
110288,mountain
110289,street
110290,buildings
110291,street
110292,street
110293,sea
110294,buildings
110295,buildings
110296,buildings
110297,glacier
110298,mountain
110299,mountain
110300,buildings
110301,street
110302,mountain
110303,glacier
110304,glacier
110305,glacier
110306,forest
110307,mountain
110308,street
110309,mountain
110310,forest
110311,glacier
110312,mountain
110313,buildings
110314,street
110315,mountain
110316,buildings
110317,buildings
110318,sea
110319,glacier
110320,mountain
110321,street
110322,street
110323,street
110324,mountain
110325,glacier
110326,buildings
110327,buildings
110328,street
110329,glacier
110330,glacier
110331,sea
110332,forest
110333,sea
110334,forest
110335,street
110336,glacier
110337,sea
110338,street
110339,forest
110340,forest
110341,buildings
110342,buildings
110343,street
110344,buildings
110345,glacier
110346,forest
110347,buildings
110348,mountain
110349,forest
110350,sea
110351,glacier
110352,glacier
110353,glacier
110354,forest
110355,mountain
110356,sea
110357,glacier
110358,mountain
110359,glacier
110360,mountain
110361,buildings
110362,forest
110363,forest
110364,forest
110365,sea
110366,forest
110367,mountain
110368,sea
110369,sea
110370,glacier
110371,sea
110372,forest
110373,forest
110374,sea
110375,mountain
110376,buildings
110377,glacier
110378,forest
110379,street
110380,buildings
110381,glacier
110382,sea
110383,buildings
110384,street
110385,forest
110386,mountain
110387,mountain
110388,buildings
110389,mountain
110390,glacier
110391,mountain
110392,forest
110393,street
110394,street
110395,buildings
110396,sea
110397,mountain
110398,street
110399,mountain
110400,mountain
110401,forest
110402,glacier
110403,street
110404,street
110405,glacier
110406,buildings
110407,glacier
110408,street
110409,buildings
110410,mountain
110411,sea
110412,forest
110413,mountain
110414,street
110415,sea
110416,street
110417,sea
110418,mountain
110419,street
110420,mountain
110421,glacier
110422,forest
110423,street
110424,street
110425,buildings
110426,glacier
110427,street
110428,sea
110429,mountain
110430,glacier
110431,forest
110432,forest
110433,glacier
110434,street
110435,forest
110436,mountain
110437,forest
110438,mountain
110439,sea
110440,street
110441,street
110442,mountain
110443,glacier
110444,street
110445,forest
110446,street
110447,glacier
110448,glacier
110449,mountain
110450,forest
110451,street
110452,forest
110453,buildings
110454,street
110455,street
110456,buildings
110457,glacier
110458,street
110459,street
110460,street
110461,sea
110462,sea
110463,forest
110464,sea
110465,street
110466,street
110467,street
110468,buildings
110469,sea
110470,glacier
110471,street
110472,street
110473,sea
110474,glacier
110475,sea
110476,mountain
110477,mountain
110478,forest
110479,buildings
110480,mountain
110481,street
110482,glacier
110483,glacier
110484,forest
110485,sea
110486,buildings
110487,street
110488,buildings
110489,glacier
110490,forest
110491,forest
110492,buildings
110493,glacier
110494,mountain
110495,sea
110496,mountain
110497,street
110498,sea
110499,buildings
110500,glacier
110501,mountain
110502,sea
110503,forest
110504,forest
110505,sea
110506,street
110507,forest
110508,mountain
110509,mountain
110510,mountain
110511,glacier
110512,forest
110513,street
110514,street
110515,mountain
110516,forest
110517,forest
110518,street
110519,sea
110520,buildings
110521,buildings
110522,buildings
110523,glacier
110524,buildings
110525,glacier
110526,mountain
110527,street
110528,buildings
110529,mountain
110530,glacier
110531,sea
110532,street
110533,forest
110534,street
110535,glacier
110536,glacier
110537,glacier
110538,forest
110539,buildings
110540,buildings
110541,street
110542,glacier
110543,buildings
110544,mountain
110545,buildings
110546,glacier
110547,forest
110548,street
110549,sea
110550,sea
110551,glacier
110552,glacier
110553,mountain
110554,sea
110555,street
110556,sea
110557,mountain
110558,mountain
110559,mountain
110560,street
110561,forest
110562,sea
110563,buildings
110564,buildings
110565,mountain
110566,glacier
110567,street
110568,sea
110569,mountain
110570,buildings
110571,sea
110572,street
110573,glacier
110574,sea
110575,buildings
110576,buildings
110577,sea
110578,street
110579,mountain
110580,sea
110581,buildings
110582,mountain
110583,glacier
110584,mountain
110585,mountain
110586,street
110587,sea
110588,mountain
110589,sea
110590,mountain
110591,buildings
110592,glacier
110593,street
110594,forest
110595,forest
110596,forest
110597,sea
110598,sea
110599,forest
110600,sea
110601,glacier
110602,street
110603,glacier
110604,mountain
110605,forest
110606,mountain
110607,buildings
110608,street
110609,forest
110610,mountain
110611,sea
110612,forest
110613,mountain
110614,buildings
110615,glacier
110616,glacier
110617,glacier
110618,glacier
110619,glacier
110620,forest
110621,sea
110622,mountain
110623,sea
110624,glacier
110625,sea
110626,street
110627,forest
110628,street
110629,mountain
110630,forest
110631,street
110632,sea
110633,glacier
110634,forest
110635,sea
110636,street
110637,glacier
110638,mountain
110639,glacier
110640,street
110641,sea
110642,glacier
110643,glacier
110644,buildings
110645,glacier
110646,forest
110647,buildings
110648,mountain
110649,forest
110650,sea
110651,sea
110652,mountain
110653,sea
110654,street
110655,forest
110656,glacier
110657,sea
110658,sea
110659,sea
110660,mountain
110661,glacier
110662,mountain
110663,forest
110664,buildings
110665,street
110666,mountain
110667,street
110668,glacier
110669,forest
110670,forest
110671,forest
110672,glacier
110673,forest
110674,mountain
110675,street
110676,forest
110677,mountain
110678,buildings
110679,glacier
110680,street
110681,street
110682,buildings
110683,street
110684,glacier
110685,street
110686,sea
110687,street
110688,street
110689,glacier
110690,buildings
110691,sea
110692,buildings
110693,glacier
110694,mountain
110695,mountain
110696,street
110697,mountain
110698,mountain
110699,forest
110700,buildings
110701,street
110702,street
110703,forest
110704,glacier
110705,mountain
110706,street
110707,buildings
110708,buildings
110709,buildings
110710,glacier
110711,street
110712,glacier
110713,street
110714,sea
110715,glacier
110716,sea
110717,forest
110718,buildings
110719,sea
110720,forest
110721,glacier
110722,sea
110723,buildings
110724,street
110725,sea
110726,forest
110727,street
110728,glacier
110729,mountain
110730,glacier
110731,forest
110732,mountain
110733,street
110734,glacier
110735,sea
110736,buildings
110737,glacier
110738,glacier
110739,sea
110740,sea
110741,sea
110742,glacier
110743,street
110744,forest
110745,mountain
110746,buildings
110747,buildings
110748,glacier
110749,mountain
110750,buildings
110751,forest
110752,glacier
110753,glacier
110754,street
110755,glacier
110756,mountain
110757,forest
110758,sea
110759,forest
110760,glacier
110761,buildings
110762,glacier
110763,forest
110764,sea
110765,street
110766,sea
110767,glacier
110768,street
110769,buildings
110770,mountain
110771,street
110772,glacier
110773,buildings
110774,buildings
110775,forest
110776,mountain
110777,mountain
110778,forest
110779,forest
110780,buildings
110781,street
110782,sea
110783,mountain
110784,sea
110785,sea
110786,mountain
110787,street
110788,buildings
110789,forest
110790,buildings
110791,sea
110792,street
110793,mountain
110794,mountain
110795,street
110796,glacier
110797,glacier
110798,street
110799,sea
110800,street
110801,sea
110802,street
110803,sea
110804,forest
110805,forest
110806,mountain
110807,mountain
110808,glacier
110809,glacier
110810,sea
110811,glacier
110812,forest
110813,glacier
110814,street
110815,mountain
110816,sea
110817,forest
110818,sea
110819,forest
110820,mountain
110821,buildings
110822,street
110823,forest
110824,mountain
110825,mountain
110826,buildings
110827,glacier
110828,mountain
110829,glacier
110830,mountain
110831,buildings
110832,buildings
110833,glacier
110834,street
110835,mountain
110836,buildings
110837,buildings
110838,mountain
110839,sea
110840,street
110841,sea
110842,sea
110843,street
110844,buildings
110845,street
110846,mountain
110847,mountain
110848,forest
110849,buildings
110850,forest
110851,street
110852,forest
110853,sea
110854,sea
110855,glacier
110856,buildings
110857,buildings
110858,buildings
110859,buildings
110860,street
110861,buildings
110862,sea
110863,sea
110864,forest
110865,mountain
110866,mountain
110867,forest
110868,forest
110869,glacier
110870,forest
110871,mountain
110872,mountain
110873,street
110874,street
110875,forest
110876,glacier
110877,sea
110878,mountain
110879,mountain
110880,forest
110881,mountain
110882,glacier
110883,forest
110884,glacier
110885,forest
110886,forest
110887,glacier
110888,glacier
110889,sea
110890,sea
110891,mountain
110892,street
110893,buildings
110894,forest
110895,forest
110896,mountain
110897,buildings
110898,glacier
110899,glacier
110900,glacier
110901,forest
110902,glacier
110903,street
110904,buildings
110905,mountain
110906,mountain
110907,mountain
110908,glacier
110909,sea
110910,street
110911,glacier
110912,sea
110913,mountain
110914,mountain
110915,glacier
110916,glacier
110917,glacier
110918,mountain
110919,forest
110920,street
110921,forest
110922,sea
110923,forest
110924,mountain
110925,buildings
110926,forest
110927,street
110928,street
110929,glacier
110930,glacier
110931,forest
110932,mountain
110933,forest
110934,mountain
110935,street
110936,forest
110937,buildings
110938,buildings
110939,sea
110940,sea
110941,glacier
110942,forest
110943,buildings
110944,forest
110945,mountain
110946,buildings
110947,glacier
110948,mountain
110949,buildings
110950,sea
110951,sea
110952,forest
110953,forest
110954,street
110955,glacier
110956,forest
110957,mountain
110958,mountain
110959,sea
110960,glacier
110961,mountain
110962,buildings
110963,mountain
110964,forest
110965,glacier
110966,forest
110967,forest
110968,street
110969,mountain
110970,forest
110971,glacier
110972,glacier
110973,street
110974,glacier
110975,glacier
110976,glacier
110977,mountain
110978,glacier
110979,street
110980,glacier
110981,buildings
110982,mountain
110983,mountain
110984,mountain
110985,sea
110986,forest
110987,sea
110988,street
110989,street
110990,glacier
110991,glacier
110992,glacier
110993,forest
110994,street
110995,sea
110996,street
110997,glacier
110998,forest
110999,glacier
111000,sea
111001,sea
111002,glacier
111003,sea
111004,forest
111005,glacier
111006,mountain
111007,forest
111008,buildings
111009,street
111010,street
111011,forest
111012,mountain
111013,glacier
111014,buildings
111015,forest
111016,sea
111017,sea
111018,sea
111019,mountain
111020,buildings
111021,sea
111022,buildings
111023,buildings
111024,forest
111025,forest
111026,buildings
111027,sea
111028,street
111029,sea
111030,buildings
111031,buildings
111032,forest
111033,glacier
111034,forest
111035,glacier
111036,mountain
111037,forest
111038,forest
111039,glacier
111040,mountain
111041,mountain
111042,street
111043,sea
111044,mountain
111045,street
111046,buildings
111047,buildings
111048,forest
111049,buildings
111050,mountain
111051,glacier
111052,mountain
111053,forest
111054,buildings
111055,glacier
111056,sea
111057,buildings
111058,street
111059,sea
111060,buildings
111061,glacier
111062,glacier
111063,mountain
111064,glacier
111065,glacier
111066,mountain
111067,street
111068,street
111069,forest
111070,forest
111071,glacier
111072,street
111073,buildings
111074,mountain
111075,buildings
111076,buildings
111077,mountain
111078,buildings
111079,sea
111080,mountain
111081,sea
111082,buildings
111083,sea
111084,forest
111085,buildings
111086,forest
111087,glacier
111088,buildings
111089,glacier
111090,sea
111091,mountain
111092,mountain
111093,buildings
111094,mountain
111095,street
111096,glacier
111097,mountain
111098,buildings
111099,mountain
111100,buildings
111101,mountain
111102,mountain
111103,street
111104,mountain
111105,street
111106,forest
111107,buildings
111108,street
111109,mountain
111110,street
111111,street
111112,forest
111113,mountain
111114,sea
111115,forest
111116,sea
111117,mountain
111118,buildings
111119,buildings
111120,mountain
111121,buildings
111122,street
111123,mountain
111124,sea
111125,sea
111126,street
111127,sea
111128,forest
111129,forest
111130,sea
111131,mountain
111132,mountain
111133,street
111134,glacier
111135,glacier
111136,sea
111137,street
111138,forest
111139,mountain
111140,buildings
111141,forest
111142,forest
111143,sea
111144,glacier
111145,sea
111146,sea
111147,buildings
111148,glacier
111149,mountain
111150,glacier
111151,sea
111152,glacier
111153,mountain
111154,buildings
111155,sea
111156,buildings
111157,street
111158,glacier
111159,sea
111160,forest
111161,buildings
111162,sea
111163,street
111164,glacier
111165,street
111166,street
111167,mountain
111168,forest
111169,street
111170,street
111171,buildings
111172,forest
111173,glacier
111174,sea
111175,forest
111176,forest
111177,buildings
111178,sea
111179,glacier
111180,buildings
111181,street
111182,mountain
111183,street
111184,glacier
111185,sea
111186,sea
111187,forest
111188,street
111189,street
111190,mountain
111191,glacier
111192,glacier
111193,buildings
111194,forest
111195,forest
111196,sea
111197,mountain
111198,sea
111199,glacier
111200,buildings
111201,forest
111202,glacier
111203,street
111204,street
111205,forest
111206,mountain
111207,mountain
111208,mountain
111209,sea
111210,mountain
111211,glacier
111212,glacier
111213,buildings
111214,sea
111215,mountain
111216,glacier
111217,buildings
111218,buildings
111219,street
111220,forest
111221,mountain
111222,glacier
111223,buildings
111224,forest
111225,glacier
111226,street
111227,buildings
111228,mountain
111229,street
111230,street
111231,sea
111232,buildings
111233,buildings
111234,street
111235,glacier
111236,street
111237,glacier
111238,forest
111239,sea
111240,mountain
111241,mountain
111242,sea
111243,glacier
111244,forest
111245,street
111246,buildings
111247,forest
111248,sea
111249,street
111250,mountain
111251,glacier
111252,glacier
111253,buildings
111254,buildings
111255,street
111256,sea
111257,street
111258,mountain
111259,sea
111260,buildings
111261,forest
111262,street
111263,sea
111264,sea
111265,buildings
111266,forest
111267,forest
111268,mountain
111269,forest
111270,street
111271,forest
111272,street
111273,mountain
111274,forest
111275,sea
111276,mountain
111277,glacier
111278,buildings
111279,street
111280,buildings
111281,glacier
111282,street
111283,street
111284,street
111285,glacier
111286,mountain
111287,sea
111288,sea
111289,street
111290,glacier
111291,glacier
111292,mountain
111293,glacier
111294,mountain
111295,sea
111296,mountain
111297,forest
111298,glacier
111299,glacier
111300,forest
111301,glacier
111302,street
111303,glacier
111304,forest
111305,street
111306,mountain
111307,street
111308,forest
111309,sea
111310,sea
111311,sea
111312,street
111313,mountain
111314,glacier
111315,mountain
111316,mountain
111317,forest
111318,glacier
111319,glacier
111320,mountain
111321,mountain
111322,sea
111323,street
111324,street
111325,forest
111326,mountain
111327,forest
111328,street
111329,mountain
111330,sea
111331,street
111332,glacier
111333,forest
111334,sea
111335,glacier
111336,forest
111337,glacier
111338,street
111339,mountain
111340,buildings
111341,forest
111342,buildings
111343,sea
111344,buildings
111345,forest
111346,sea
111347,forest
111348,street
111349,street
111350,sea
111351,mountain
111352,forest
111353,mountain
111354,street
111355,street
111356,street
111357,sea
111358,sea
111359,sea
111360,forest
111361,mountain
111362,sea
111363,street
111364,sea
111365,sea
111366,glacier
111367,sea
111368,glacier
111369,buildings
111370,sea
111371,glacier
111372,glacier
111373,buildings
111374,mountain
111375,glacier
111376,mountain
111377,mountain
111378,mountain
111379,mountain
111380,mountain
111381,street
111382,sea
111383,glacier
111384,sea
111385,glacier
111386,street
111387,glacier
111388,sea
111389,glacier
111390,street
111391,mountain
111392,street
111393,forest
111394,mountain
111395,mountain
111396,mountain
111397,street
111398,forest
111399,buildings
111400,street
111401,street
111402,mountain
111403,glacier
111404,mountain
111405,street
111406,forest
111407,forest
111408,glacier
111409,mountain
111410,glacier
111411,glacier
111412,glacier
111413,street
111414,buildings
111415,buildings
111416,sea
111417,sea
111418,street
111419,glacier
111420,mountain
111421,mountain
111422,mountain
111423,glacier
111424,street
111425,street
111426,street
111427,glacier
111428,forest
111429,mountain
111430,mountain
111431,buildings
111432,glacier
111433,buildings
111434,glacier
111435,glacier
111436,street
111437,street
111438,forest
111439,mountain
111440,buildings
111441,buildings
111442,mountain
111443,street
111444,mountain
111445,sea
111446,sea
111447,sea
111448,mountain
111449,glacier
111450,street
111451,buildings
111452,glacier
111453,sea
111454,street
111455,forest
111456,street
111457,mountain
111458,glacier
111459,buildings
111460,buildings
111461,mountain
111462,glacier
111463,mountain
111464,mountain
111465,mountain
111466,mountain
111467,forest
111468,forest
111469,glacier
111470,sea
111471,glacier
111472,forest
111473,forest
111474,glacier
111475,sea
111476,glacier
111477,glacier
111478,buildings
111479,buildings
111480,forest
111481,street
111482,mountain
111483,forest
111484,buildings
111485,mountain
111486,forest
111487,glacier
111488,buildings
111489,sea
111490,mountain
111491,street
111492,buildings
111493,street
111494,glacier
111495,glacier
111496,glacier
111497,forest
111498,street
111499,street
111500,forest
111501,mountain
111502,street
111503,glacier
111504,mountain
111505,forest
111506,buildings
111507,sea
111508,buildings
111509,street
111510,glacier
111511,street
111512,sea
111513,street
111514,mountain
111515,street
111516,sea
111517,glacier
111518,street
111519,sea
111520,mountain
111521,buildings
111522,sea
111523,street
111524,street
111525,mountain
111526,forest
111527,sea
111528,forest
111529,sea
111530,sea
111531,street
111532,street
111533,buildings
111534,buildings
111535,mountain
111536,glacier
111537,sea
111538,sea
111539,sea
111540,forest
111541,forest
111542,sea
111543,sea
111544,forest
111545,street
111546,mountain
111547,street
111548,mountain
111549,sea
111550,street
111551,street
111552,buildings
111553,glacier
111554,street
111555,sea
111556,forest
111557,forest
111558,buildings
111559,glacier
111560,mountain
111561,glacier
111562,forest
111563,glacier
111564,forest
111565,street
111566,street
111567,forest
111568,mountain
111569,buildings
111570,buildings
111571,street
111572,mountain
111573,buildings
111574,forest
111575,sea
111576,sea
111577,mountain
111578,buildings
111579,glacier
111580,mountain
111581,sea
111582,mountain
111583,mountain
111584,street
111585,sea
111586,glacier
111587,buildings
111588,buildings
111589,sea
111590,glacier
111591,street
111592,mountain
111593,mountain
111594,street
111595,street
111596,buildings
111597,buildings
111598,sea
111599,buildings
111600,street
111601,street
111602,glacier
111603,mountain
111604,mountain
111605,street
111606,street
111607,mountain
111608,street
111609,forest
111610,forest
111611,street
111612,street
111613,mountain
111614,glacier
111615,forest
111616,sea
111617,sea
111618,forest
111619,glacier
111620,glacier
111621,mountain
111622,mountain
111623,buildings
111624,glacier
111625,sea
111626,glacier
111627,sea
111628,buildings
111629,mountain
111630,forest
111631,mountain
111632,street
111633,street
111634,buildings
111635,forest
111636,mountain
111637,street
111638,glacier
111639,sea
111640,forest
111641,mountain
111642,sea
111643,forest
111644,forest
111645,buildings
111646,street
111647,glacier
111648,mountain
111649,mountain
111650,forest
111651,buildings
111652,street
111653,forest
111654,glacier
111655,sea
111656,glacier
111657,glacier
111658,glacier
111659,mountain
111660,forest
111661,sea
111662,buildings
111663,mountain
111664,glacier
111665,glacier
111666,mountain
111667,sea
111668,forest
111669,sea
111670,buildings
111671,mountain
111672,glacier
111673,glacier
111674,glacier
111675,sea
111676,forest
111677,buildings
111678,street
111679,buildings
111680,street
111681,sea
111682,sea
111683,forest
111684,street
111685,street
111686,sea
111687,mountain
111688,glacier
111689,glacier
111690,sea
111691,sea
111692,street
111693,buildings
111694,street
111695,glacier
111696,mountain
111697,street
111698,glacier
111699,street
111700,mountain
111701,glacier
111702,mountain
111703,sea
111704,forest
111705,mountain
111706,sea
111707,street
111708,glacier
111709,glacier
111710,sea
111711,glacier
111712,buildings
111713,street
111714,glacier
111715,glacier
111716,mountain
111717,forest
111718,sea
111719,street
111720,street
111721,mountain
111722,buildings
111723,forest
111724,mountain
111725,street
111726,mountain
111727,sea
111728,mountain
111729,forest
111730,glacier
111731,glacier
111732,mountain
111733,glacier
111734,mountain
111735,glacier
111736,buildings
111737,glacier
111738,glacier
111739,sea
111740,buildings
111741,glacier
111742,glacier
111743,forest
111744,sea
111745,buildings
111746,forest
111747,mountain
111748,mountain
111749,glacier
111750,mountain
111751,glacier
111752,glacier
111753,buildings
111754,forest
111755,buildings
111756,forest
111757,glacier
111758,buildings
111759,mountain
111760,street
111761,buildings
111762,forest
111763,forest
111764,sea
111765,mountain
111766,sea
111767,street
111768,sea
111769,street
111770,sea
111771,street
111772,mountain
111773,street
111774,buildings
111775,buildings
111776,glacier
111777,sea
111778,buildings
111779,street
111780,sea
111781,forest
111782,glacier
111783,buildings
111784,glacier
111785,buildings
111786,forest
111787,glacier
111788,glacier
111789,sea
111790,buildings
111791,mountain
111792,glacier
111793,street
111794,mountain
111795,mountain
111796,street
111797,mountain
111798,mountain
111799,buildings
111800,glacier
111801,mountain
111802,street
111803,sea
111804,sea
111805,forest
111806,glacier
111807,mountain
111808,forest
111809,glacier
111810,sea
111811,buildings
111812,mountain
111813,glacier
111814,forest
111815,street
111816,forest
111817,sea
111818,mountain
111819,sea
111820,buildings
111821,mountain
111822,sea
111823,mountain
111824,street
111825,buildings
111826,mountain
111827,sea
111828,street
111829,street
111830,forest
111831,buildings
111832,buildings
111833,glacier
111834,forest
111835,street
111836,buildings
111837,mountain
111838,mountain
111839,street
111840,mountain
111841,forest
111842,forest
111843,street
111844,buildings
111845,buildings
111846,buildings
111847,sea
111848,mountain
111849,mountain
111850,sea
111851,forest
111852,sea
111853,mountain
111854,street
111855,buildings
111856,forest
111857,forest
111858,glacier
111859,sea
111860,street
111861,buildings
111862,glacier
111863,buildings
111864,forest
111865,glacier
111866,buildings
111867,glacier
111868,forest
111869,street
111870,mountain
111871,glacier
111872,buildings
111873,street
111874,buildings
111875,glacier
111876,mountain
111877,forest
111878,buildings
111879,mountain
111880,street
111881,mountain
111882,mountain
111883,glacier
111884,forest
111885,buildings
111886,glacier
111887,buildings
111888,mountain
111889,street
111890,street
111891,mountain
111892,glacier
111893,mountain
111894,sea
111895,buildings
111896,forest
111897,street
111898,sea
111899,forest
111900,forest
111901,glacier
111902,mountain
111903,mountain
111904,glacier
111905,street
111906,street
111907,mountain
111908,mountain
111909,sea
111910,glacier
111911,forest
111912,mountain
111913,glacier
111914,forest
111915,mountain
111916,forest
111917,mountain
111918,glacier
111919,sea
111920,mountain
111921,forest
111922,street
111923,sea
111924,glacier
111925,glacier
111926,street
111927,mountain
111928,street
111929,forest
111930,sea
111931,sea
111932,forest
111933,forest
111934,forest
111935,glacier
111936,sea
111937,buildings
111938,sea
111939,glacier
111940,street
111941,buildings
111942,mountain
111943,mountain
111944,street
111945,buildings
111946,glacier
111947,buildings
111948,forest
111949,forest
111950,forest
111951,forest
111952,mountain
111953,glacier
111954,forest
111955,forest
111956,glacier
111957,glacier
111958,buildings
111959,street
111960,mountain
111961,mountain
111962,sea
111963,sea
111964,buildings
111965,mountain
111966,sea
111967,street
111968,street
111969,buildings
111970,glacier
111971,sea
111972,glacier
111973,street
111974,glacier
111975,buildings
111976,sea
111977,street
111978,buildings
111979,glacier
111980,sea
111981,sea
111982,street
111983,glacier
111984,glacier
111985,forest
111986,sea
111987,sea
111988,buildings
111989,glacier
111990,forest
111991,sea
111992,sea
111993,street
111994,forest
111995,glacier
111996,glacier
111997,sea
111998,mountain
111999,buildings
112000,glacier
112001,buildings
112002,glacier
112003,sea
112004,sea
112005,buildings
112006,sea
112007,sea
112008,glacier
112009,glacier
112010,glacier
112011,street
112012,glacier
112013,glacier
112014,forest
112015,sea
112016,mountain
112017,mountain
112018,mountain
112019,street
112020,sea
112021,forest
112022,buildings
112023,forest
112024,sea
112025,mountain
112026,buildings
112027,street
112028,glacier
112029,buildings
112030,street
112031,buildings
112032,street
112033,mountain
112034,mountain
112035,sea
112036,glacier
112037,forest
112038,sea
112039,mountain
112040,mountain
112041,street
112042,mountain
112043,sea
112044,mountain
112045,glacier
112046,mountain
112047,sea
112048,sea
112049,street
112050,sea
112051,buildings
112052,glacier
112053,glacier
112054,buildings
112055,buildings
112056,mountain
112057,mountain
112058,street
112059,buildings
112060,mountain
112061,glacier
112062,buildings
112063,sea
112064,glacier
112065,glacier
112066,sea
112067,street
112068,mountain
112069,buildings
112070,mountain
112071,forest
112072,glacier
112073,street
112074,glacier
112075,sea
112076,sea
112077,sea
112078,mountain
112079,sea
112080,mountain
112081,sea
112082,mountain
112083,mountain
112084,mountain
112085,sea
112086,forest
112087,buildings
112088,sea
112089,street
112090,sea
112091,forest
112092,forest
112093,forest
112094,forest
112095,street
112096,forest
112097,forest
112098,sea
112099,street
112100,glacier
112101,glacier
112102,forest
112103,mountain
112104,mountain
112105,buildings
112106,sea
112107,mountain
112108,buildings
112109,forest
112110,glacier
112111,street
112112,glacier
112113,glacier
112114,street
112115,buildings
112116,mountain
112117,glacier
112118,sea
112119,mountain
112120,street
112121,buildings
112122,mountain
112123,buildings
112124,glacier
112125,sea
112126,mountain
112127,sea
112128,forest
112129,glacier
112130,buildings
112131,glacier
112132,buildings
112133,glacier
112134,glacier
112135,sea
112136,sea
112137,glacier
112138,sea
112139,mountain
112140,street
112141,glacier
112142,buildings
112143,street
112144,buildings
112145,mountain
112146,buildings
112147,glacier
112148,buildings
112149,glacier
112150,sea
112151,mountain
112152,mountain
112153,street
112154,sea
112155,mountain
112156,glacier
112157,buildings
112158,forest
112159,mountain
112160,mountain
112161,buildings
112162,buildings
112163,glacier
112164,glacier
112165,forest
112166,forest
112167,forest
112168,glacier
112169,forest
112170,buildings
112171,buildings
112172,sea
112173,glacier
112174,forest
112175,buildings
112176,glacier
112177,sea
112178,mountain
112179,mountain
112180,sea
112181,sea
112182,sea
112183,glacier
112184,buildings
112185,street
112186,glacier
112187,buildings
112188,mountain
112189,forest
112190,glacier
112191,glacier
112192,street
112193,street
112194,mountain
112195,mountain
112196,sea
112197,mountain
112198,forest
112199,buildings
112200,sea
112201,buildings
112202,sea
112203,street
112204,forest
112205,buildings
112206,buildings
112207,sea
112208,mountain
112209,street
112210,street
112211,glacier
112212,glacier
112213,forest
112214,glacier
112215,street
112216,mountain
112217,glacier
112218,forest
112219,mountain
112220,buildings
112221,buildings
112222,sea
112223,street
112224,forest
112225,buildings
112226,glacier
112227,sea
112228,mountain
112229,forest
112230,forest
112231,buildings
112232,glacier
112233,glacier
112234,glacier
112235,sea
112236,glacier
112237,forest
112238,street
112239,forest
112240,sea
112241,sea
112242,street
112243,buildings
112244,mountain
112245,sea
112246,sea
112247,sea
112248,sea
112249,mountain
112250,mountain
112251,forest
112252,sea
112253,street
112254,buildings
112255,glacier
112256,mountain
112257,glacier
112258,buildings
112259,forest
112260,mountain
112261,sea
112262,forest
112263,forest
112264,mountain
112265,sea
112266,street
112267,glacier
112268,glacier
112269,street
112270,street
112271,buildings
112272,street
112273,mountain
112274,sea
112275,glacier
112276,street
112277,buildings
112278,sea
112279,glacier
112280,mountain
112281,mountain
112282,sea
112283,buildings
112284,mountain
112285,buildings
112286,glacier
112287,street
112288,street
112289,buildings
112290,mountain
112291,street
112292,buildings
112293,street
112294,buildings
112295,mountain
112296,sea
112297,forest
112298,glacier
112299,forest
112300,sea
112301,street
112302,mountain
112303,glacier
112304,buildings
112305,street
112306,glacier
112307,glacier
112308,mountain
112309,glacier
112310,glacier
112311,forest
112312,mountain
112313,mountain
112314,forest
112315,street
112316,mountain
112317,sea
112318,street
112319,street
112320,sea
112321,buildings
112322,mountain
112323,sea
112324,mountain
112325,street
112326,glacier
112327,mountain
112328,sea
112329,glacier
112330,glacier
112331,street
112332,mountain
112333,street
112334,sea
112335,sea
112336,glacier
112337,buildings
112338,buildings
112339,forest
112340,sea
112341,glacier
112342,buildings
112343,buildings
112344,mountain
112345,street
112346,mountain
112347,buildings
112348,sea
112349,mountain
112350,glacier
112351,mountain
112352,buildings
112353,buildings
112354,sea
112355,mountain
112356,street
112357,mountain
112358,sea
112359,street
112360,buildings
112361,sea
112362,forest
112363,mountain
112364,mountain
112365,buildings
112366,sea
112367,mountain
112368,glacier
112369,mountain
112370,mountain
112371,buildings
112372,street
112373,buildings
112374,mountain
112375,mountain
112376,street
112377,buildings
112378,buildings
112379,forest
112380,forest
112381,buildings
112382,glacier
112383,sea
112384,forest
112385,glacier
112386,buildings
112387,buildings
112388,buildings
112389,sea
112390,buildings
112391,forest
112392,street
112393,street
112394,buildings
112395,forest
112396,glacier
112397,buildings
112398,sea
112399,street
112400,street
112401,forest
112402,forest
112403,sea
112404,forest
112405,mountain
112406,street
112407,forest
112408,mountain
112409,buildings
112410,forest
112411,street
112412,street
112413,buildings
112414,sea
112415,sea
112416,sea
112417,street
112418,sea
112419,buildings
112420,mountain
112421,buildings
112422,forest
112423,glacier
112424,glacier
112425,buildings
112426,glacier
112427,sea
112428,mountain
112429,glacier
112430,sea
112431,buildings
112432,glacier
112433,forest
112434,mountain
112435,mountain
112436,forest
112437,glacier
112438,sea
112439,buildings
112440,glacier
112441,glacier
112442,sea
112443,mountain
112444,buildings
112445,sea
112446,street
112447,forest
112448,street
112449,street
112450,sea
112451,mountain
112452,mountain
112453,sea
112454,street
112455,sea
112456,glacier
112457,mountain
112458,glacier
112459,forest
112460,mountain
112461,street
112462,buildings
112463,buildings
112464,mountain
112465,glacier
112466,buildings
112467,buildings
112468,forest
112469,buildings
112470,glacier
112471,sea
112472,glacier
112473,sea
112474,mountain
112475,sea
112476,buildings
112477,sea
112478,forest
112479,sea
112480,glacier
112481,mountain
112482,sea
112483,buildings
112484,mountain
112485,forest
112486,sea
112487,buildings
112488,glacier
112489,sea
112490,glacier
112491,street
112492,forest
112493,sea
112494,street
112495,street
112496,glacier
112497,street
112498,buildings
112499,mountain
112500,forest
112501,buildings
112502,glacier
112503,buildings
112504,glacier
112505,mountain
112506,glacier
112507,sea
112508,street
112509,sea
112510,forest
112511,street
112512,forest
112513,buildings
112514,mountain
112515,buildings
112516,glacier
112517,street
112518,street
112519,mountain
112520,forest
112521,forest
112522,glacier
112523,mountain
112524,mountain
112525,glacier
112526,street
112527,buildings
112528,forest
112529,forest
112530,street
112531,street
112532,glacier
112533,glacier
112534,buildings
112535,buildings
112536,street
112537,street
112538,sea
112539,buildings
112540,mountain
112541,glacier
112542,buildings
112543,sea
112544,street
112545,buildings
112546,sea
112547,forest
112548,sea
112549,sea
112550,street
112551,street
112552,sea
112553,forest
112554,sea
112555,forest
112556,sea
112557,forest
112558,glacier
112559,sea
112560,street
112561,glacier
112562,mountain
112563,street
112564,sea
112565,buildings
112566,street
112567,sea
112568,street
112569,buildings
112570,glacier
112571,street
112572,sea
112573,buildings
112574,glacier
112575,sea
112576,glacier
112577,sea
112578,street
112579,mountain
112580,glacier
112581,forest
112582,buildings
112583,mountain
112584,glacier
112585,forest
112586,glacier
112587,mountain
112588,forest
112589,sea
112590,mountain
112591,street
112592,glacier
112593,sea
112594,glacier
112595,mountain
112596,buildings
112597,forest
112598,mountain
112599,sea
112600,glacier
112601,mountain
112602,buildings
112603,sea
112604,forest
112605,mountain
112606,forest
112607,sea
112608,mountain
112609,forest
112610,forest
112611,sea
112612,mountain
112613,forest
112614,sea
112615,sea
112616,street
112617,sea
112618,buildings
112619,forest
112620,forest
112621,forest
112622,sea
112623,street
112624,glacier
112625,street
112626,forest
112627,forest
112628,mountain
112629,glacier
112630,glacier
112631,glacier
112632,buildings
112633,glacier
112634,buildings
112635,buildings
112636,glacier
112637,sea
112638,forest
112639,mountain
112640,buildings
112641,sea
112642,sea
112643,street
112644,street
112645,mountain
112646,buildings
112647,street
112648,street
112649,glacier
112650,sea
112651,sea
112652,forest
112653,buildings
112654,sea
112655,buildings
112656,mountain
112657,mountain
112658,street
112659,street
112660,sea
112661,glacier
112662,glacier
112663,mountain
112664,sea
112665,glacier
112666,buildings
112667,sea
112668,glacier
112669,sea
112670,sea
112671,glacier
112672,street
112673,mountain
112674,buildings
112675,forest
112676,sea
112677,glacier
112678,forest
112679,street
112680,buildings
112681,mountain
112682,mountain
112683,buildings
112684,mountain
112685,buildings
112686,glacier
112687,sea
112688,mountain
112689,street
112690,buildings
112691,mountain
112692,forest
112693,sea
112694,sea
112695,glacier
112696,glacier
112697,sea
112698,street
112699,street
112700,glacier
112701,buildings
112702,glacier
112703,forest
112704,glacier
112705,mountain
112706,forest
112707,sea
112708,forest
112709,glacier
112710,mountain
112711,glacier
112712,mountain
112713,street
112714,mountain
112715,glacier
112716,glacier
112717,mountain
112718,mountain
112719,mountain
112720,forest
112721,mountain
112722,sea
112723,sea
112724,sea
112725,glacier
112726,street
112727,glacier
112728,buildings
112729,forest
112730,mountain
112731,glacier
112732,glacier
112733,street
112734,street
112735,buildings
112736,forest
112737,street
112738,mountain
112739,sea
112740,forest
112741,glacier
112742,forest
112743,mountain
112744,mountain
112745,forest
112746,mountain
112747,mountain
112748,glacier
112749,glacier
112750,sea
112751,mountain
112752,glacier
112753,street
112754,mountain
112755,forest
112756,sea
112757,buildings
112758,mountain
112759,buildings
112760,street
112761,buildings
112762,glacier
112763,mountain
112764,buildings
112765,mountain
112766,glacier
112767,forest
112768,sea
112769,forest
112770,sea
112771,sea
112772,buildings
112773,buildings
112774,mountain
112775,sea
112776,mountain
112777,glacier
112778,buildings
112779,mountain
112780,forest
112781,street
112782,buildings
112783,street
112784,mountain
112785,sea
112786,mountain
112787,street
112788,sea
112789,glacier
112790,mountain
112791,forest
112792,buildings
112793,glacier
112794,mountain
112795,mountain
112796,sea
112797,buildings
112798,mountain
112799,glacier
112800,street
112801,buildings
112802,glacier
112803,forest
112804,glacier
112805,buildings
112806,mountain
112807,buildings
112808,mountain
112809,street
112810,glacier
112811,sea
112812,glacier
112813,mountain
112814,sea
112815,glacier
112816,glacier
112817,forest
112818,buildings
112819,sea
112820,glacier
112821,glacier
112822,glacier
112823,glacier
112824,mountain
112825,buildings
112826,street
112827,sea
112828,mountain
112829,sea
112830,forest
112831,street
112832,mountain
112833,sea
112834,mountain
112835,mountain
112836,forest
112837,street
112838,street
112839,street
112840,sea
112841,forest
112842,sea
112843,street
112844,buildings
112845,sea
112846,sea
112847,sea
112848,street
112849,buildings
112850,buildings
112851,forest
112852,street
112853,street
112854,street
112855,mountain
112856,street
112857,sea
112858,buildings
112859,mountain
112860,mountain
112861,mountain
112862,mountain
112863,forest
112864,glacier
112865,sea
112866,glacier
112867,sea
112868,mountain
112869,buildings
112870,mountain
112871,glacier
112872,mountain
112873,street
112874,street
112875,glacier
112876,forest
112877,buildings
112878,street
112879,forest
112880,forest
112881,forest
112882,sea
112883,forest
112884,mountain
112885,buildings
112886,street
112887,forest
112888,sea
112889,sea
112890,sea
112891,forest
112892,forest
112893,sea
112894,buildings
112895,mountain
112896,sea
112897,glacier
112898,sea
112899,glacier
112900,forest
112901,buildings
112902,glacier
112903,mountain
112904,sea
112905,sea
112906,street
112907,glacier
112908,buildings
112909,forest
112910,buildings
112911,mountain
112912,forest
112913,forest
112914,forest
112915,buildings
112916,sea
112917,forest
112918,forest
112919,sea
112920,forest
112921,street
112922,buildings
112923,street
112924,sea
112925,buildings
112926,sea
112927,mountain
112928,glacier
112929,mountain
112930,sea
112931,glacier
112932,mountain
112933,mountain
112934,street
112935,mountain
112936,street
112937,forest
112938,sea
112939,sea
112940,sea
112941,glacier
112942,street
112943,mountain
112944,buildings
112945,forest
112946,buildings
112947,street
112948,mountain
112949,forest
112950,forest
112951,buildings
112952,sea
112953,sea
112954,sea
112955,buildings
112956,mountain
112957,glacier
112958,buildings
112959,buildings
112960,mountain
112961,forest
112962,buildings
112963,forest
112964,glacier
112965,mountain
112966,mountain
112967,mountain
112968,glacier
112969,sea
112970,buildings
112971,buildings
112972,mountain
112973,street
112974,sea
112975,street
112976,sea
112977,glacier
112978,mountain
112979,buildings
112980,buildings
112981,glacier
112982,buildings
112983,street
112984,sea
112985,buildings
112986,glacier
112987,forest
112988,glacier
112989,forest
112990,glacier
112991,forest
112992,buildings
112993,glacier
112994,sea
112995,mountain
112996,street
112997,sea
112998,street
112999,glacier
113000,mountain
113001,street
113002,forest
113003,forest
113004,forest
113005,sea
113006,street
113007,mountain
113008,street
113009,buildings
113010,glacier
113011,forest
113012,street
113013,buildings
113014,forest
113015,forest
113016,glacier
113017,forest
113018,mountain
113019,sea
113020,glacier
113021,glacier
113022,mountain
113023,street
113024,mountain
113025,glacier
113026,mountain
113027,mountain
113028,mountain
113029,glacier
113030,sea
113031,sea
113032,glacier
113033,forest
113034,sea
113035,glacier
113036,forest
113037,glacier
113038,buildings
113039,buildings
113040,street
113041,mountain
113042,mountain
113043,street
113044,sea
113045,mountain
113046,sea
113047,forest
113048,street
113049,mountain
113050,street
113051,street
113052,street
113053,forest
113054,buildings
113055,forest
113056,mountain
113057,buildings
113058,mountain
113059,glacier
113060,sea
113061,sea
113062,glacier
113063,glacier
113064,forest
113065,glacier
113066,forest
113067,mountain
113068,forest
113069,glacier
113070,mountain
113071,buildings
113072,glacier
113073,street
113074,sea
113075,sea
113076,mountain
113077,mountain
113078,street
113079,forest
113080,mountain
113081,glacier
113082,buildings
113083,forest
113084,glacier
113085,forest
113086,sea
113087,street
113088,mountain
113089,mountain
113090,mountain
113091,street
113092,mountain
113093,sea
113094,forest
113095,sea
113096,mountain
113097,street
113098,forest
113099,mountain
113100,forest
113101,sea
113102,mountain
113103,sea
113104,glacier
113105,mountain
113106,buildings
113107,mountain
113108,mountain
113109,buildings
113110,glacier
113111,sea
113112,mountain
113113,buildings
113114,glacier
113115,sea
113116,mountain
113117,mountain
113118,glacier
113119,buildings
113120,street
113121,mountain
113122,street
113123,buildings
113124,sea
113125,sea
113126,glacier
113127,street
113128,sea
113129,buildings
113130,forest
113131,sea
113132,sea
113133,sea
113134,buildings
113135,forest
113136,street
113137,glacier
113138,glacier
113139,street
113140,sea
113141,glacier
113142,buildings
113143,sea
113144,street
113145,glacier
113146,forest
113147,street
113148,street
113149,street
113150,street
113151,sea
113152,sea
113153,forest
113154,glacier
113155,street
113156,forest
113157,sea
113158,mountain
113159,forest
113160,mountain
113161,buildings
113162,sea
113163,mountain
113164,buildings
113165,forest
113166,forest
113167,sea
113168,buildings
113169,forest
113170,forest
113171,buildings
113172,street
113173,buildings
113174,sea
113175,street
113176,buildings
113177,sea
113178,forest
113179,glacier
113180,buildings
113181,street
113182,street
113183,buildings
113184,mountain
113185,buildings
113186,forest
113187,mountain
113188,street
113189,glacier
113190,street
113191,street
113192,glacier
113193,glacier
113194,mountain
113195,forest
113196,glacier
113197,street
113198,forest
113199,buildings
113200,forest
113201,mountain
113202,forest
113203,mountain
113204,sea
113205,buildings
113206,buildings
113207,sea
113208,mountain
113209,sea
113210,glacier
113211,buildings
113212,street
113213,sea
113214,buildings
113215,mountain
113216,forest
113217,street
113218,glacier
113219,street
113220,sea
113221,sea
113222,glacier
113223,glacier
113224,buildings
113225,street
113226,mountain
113227,glacier
113228,forest
113229,mountain
113230,forest
113231,sea
113232,street
113233,mountain
113234,street
113235,street
113236,mountain
113237,glacier
113238,glacier
113239,street
113240,glacier
113241,glacier
113242,buildings
113243,mountain
113244,glacier
113245,sea
113246,street
113247,buildings
113248,sea
113249,sea
113250,street
113251,glacier
113252,mountain
113253,forest
113254,buildings
113255,glacier
113256,mountain
113257,mountain
113258,glacier
113259,glacier
113260,glacier
113261,buildings
113262,forest
113263,sea
113264,forest
113265,sea
113266,glacier
113267,forest
113268,forest
113269,forest
113270,buildings
113271,mountain
113272,glacier
113273,glacier
113274,forest
113275,forest
113276,glacier
113277,street
113278,buildings
113279,mountain
113280,glacier
113281,forest
113282,sea
113283,mountain
113284,mountain
113285,street
113286,street
113287,glacier
113288,sea
113289,forest
113290,street
113291,forest
113292,mountain
113293,mountain
113294,street
113295,forest
113296,mountain
113297,mountain
113298,mountain
113299,mountain
113300,street
113301,sea
113302,mountain
113303,street
113304,glacier
113305,sea
113306,mountain
113307,mountain
113308,sea
113309,mountain
113310,street
113311,buildings
113312,mountain
113313,buildings
113314,forest
113315,mountain
113316,buildings
113317,mountain
113318,mountain
113319,sea
113320,street
113321,forest
113322,forest
113323,mountain
113324,street
113325,buildings
113326,street
113327,street
113328,buildings
113329,sea
113330,sea
113331,forest
113332,forest
113333,glacier
113334,mountain
113335,glacier
113336,sea
113337,street
113338,forest
113339,sea
113340,sea
113341,glacier
113342,mountain
113343,buildings
113344,street
113345,sea
113346,mountain
113347,forest
113348,buildings
113349,buildings
113350,forest
113351,forest
113352,street
113353,forest
113354,glacier
113355,sea
113356,forest
113357,street
113358,buildings
113359,glacier
113360,sea
113361,sea
113362,sea
113363,mountain
113364,glacier
113365,buildings
113366,sea
113367,forest
113368,street
113369,street
113370,street
113371,mountain
113372,mountain
113373,forest
113374,sea
113375,mountain
113376,mountain
113377,mountain
113378,glacier
113379,sea
113380,sea
113381,sea
113382,street
113383,mountain
113384,forest
113385,glacier
113386,glacier
113387,buildings
113388,mountain
113389,glacier
113390,glacier
113391,mountain
113392,sea
113393,forest
113394,street
113395,sea
113396,glacier
113397,sea
113398,mountain
113399,forest
113400,buildings
113401,mountain
113402,glacier
113403,sea
113404,glacier
113405,glacier
113406,glacier
113407,sea
113408,glacier
113409,mountain
113410,glacier
113411,street
113412,buildings
113413,street
113414,glacier
113415,sea
113416,glacier
113417,sea
113418,buildings
113419,mountain
113420,glacier
113421,forest
113422,sea
113423,street
113424,street
113425,street
113426,sea
113427,mountain
113428,street
113429,mountain
113430,buildings
113431,mountain
113432,sea
113433,buildings
113434,forest
113435,forest
113436,sea
113437,glacier
113438,buildings
113439,mountain
113440,sea
113441,mountain
113442,glacier
113443,street
113444,street
113445,glacier
113446,mountain
113447,sea
113448,buildings
113449,buildings
113450,forest
113451,sea
113452,forest
113453,forest
113454,buildings
113455,buildings
113456,glacier
113457,street
113458,sea
113459,glacier
113460,mountain
113461,sea
113462,glacier
113463,glacier
113464,street
113465,buildings
113466,glacier
113467,glacier
113468,glacier
113469,forest
113470,sea
113471,buildings
113472,forest
113473,forest
113474,street
113475,street
113476,glacier
113477,glacier
113478,mountain
113479,street
113480,forest
113481,forest
113482,mountain
113483,buildings
113484,glacier
113485,buildings
113486,sea
113487,street
113488,forest
113489,street
113490,forest
113491,street
113492,street
113493,sea
113494,street
113495,glacier
113496,street
113497,glacier
113498,street
113499,forest
113500,buildings
113501,glacier
113502,forest
113503,street
113504,street
113505,forest
113506,forest
113507,forest
113508,street
113509,sea
113510,street
113511,mountain
113512,street
113513,glacier
113514,buildings
113515,sea
113516,forest
113517,sea
113518,forest
113519,glacier
113520,buildings
113521,street
113522,glacier
113523,glacier
113524,buildings
113525,buildings
113526,mountain
113527,forest
113528,mountain
113529,sea
113530,glacier
113531,buildings
113532,mountain
113533,forest
113534,sea
113535,buildings
113536,street
113537,buildings
113538,mountain
113539,mountain
113540,sea
113541,mountain
113542,mountain
113543,street
113544,forest
113545,forest
113546,sea
113547,buildings
113548,street
113549,glacier
113550,buildings
113551,buildings
113552,glacier
113553,street
113554,sea
113555,buildings
113556,buildings
113557,forest
113558,mountain
113559,mountain
113560,forest
113561,sea
113562,sea
113563,forest
113564,glacier
113565,street
113566,forest
113567,sea
113568,glacier
113569,glacier
113570,forest
113571,street
113572,street
113573,buildings
113574,buildings
113575,street
113576,forest
113577,buildings
113578,sea
113579,glacier
113580,mountain
113581,street
113582,sea
113583,buildings
113584,mountain
113585,sea
113586,street
113587,sea
113588,glacier
113589,sea
113590,mountain
113591,mountain
113592,forest
113593,glacier
113594,glacier
113595,forest
113596,buildings
113597,glacier
113598,buildings
113599,street
113600,mountain
113601,forest
113602,mountain
113603,buildings
113604,buildings
113605,mountain
113606,sea
113607,mountain
113608,buildings
113609,buildings
113610,street
113611,glacier
113612,mountain
113613,glacier
113614,sea
113615,street
113616,buildings
113617,glacier
113618,forest
113619,forest
113620,glacier
113621,street
113622,sea
113623,forest
113624,forest
113625,glacier
113626,mountain
113627,mountain
113628,sea
113629,sea
113630,mountain
113631,buildings
113632,sea
113633,buildings
113634,sea
113635,sea
113636,forest
113637,mountain
113638,buildings
113639,glacier
113640,forest
113641,sea
113642,buildings
113643,sea
113644,buildings
113645,forest
113646,buildings
113647,mountain
113648,buildings
113649,forest
113650,mountain
113651,mountain
113652,mountain
113653,sea
113654,buildings
113655,buildings
113656,glacier
113657,street
113658,buildings
113659,mountain
113660,street
113661,sea
113662,buildings
113663,forest
113664,glacier
113665,forest
113666,forest
113667,mountain
113668,street
113669,sea
113670,mountain
113671,street
113672,street
113673,sea
113674,mountain
113675,glacier
113676,mountain
113677,street
113678,street
113679,forest
113680,glacier
113681,buildings
113682,glacier
113683,forest
113684,buildings
113685,glacier
113686,forest
113687,mountain
113688,mountain
113689,glacier
113690,forest
113691,forest
113692,street
113693,buildings
113694,buildings
113695,mountain
113696,sea
113697,buildings
113698,buildings
113699,mountain
113700,street
113701,mountain
113702,buildings
113703,forest
113704,mountain
113705,glacier
113706,forest
113707,street
113708,forest
113709,mountain
113710,mountain
113711,forest
113712,forest
113713,forest
113714,buildings
113715,street
113716,glacier
113717,street
113718,glacier
113719,buildings
113720,buildings
113721,sea
113722,sea
113723,sea
113724,buildings
113725,street
113726,mountain
113727,glacier
113728,mountain
113729,glacier
113730,mountain
113731,sea
113732,buildings
113733,buildings
113734,forest
113735,glacier
113736,street
113737,mountain
113738,street
113739,forest
113740,mountain
113741,sea
113742,mountain
113743,street
113744,buildings
113745,mountain
113746,forest
113747,mountain
113748,sea
113749,glacier
113750,forest
113751,mountain
113752,buildings
113753,glacier
113754,buildings
113755,buildings
113756,forest
113757,buildings
113758,sea
113759,sea
113760,buildings
113761,buildings
113762,forest
113763,sea
113764,forest
113765,mountain
113766,sea
113767,buildings
113768,glacier
113769,buildings
113770,forest
113771,forest
113772,buildings
113773,mountain
113774,mountain
113775,mountain
113776,glacier
113777,street
113778,sea
113779,glacier
113780,glacier
113781,street
113782,forest
113783,sea
113784,street
113785,street
113786,mountain
113787,forest
113788,mountain
113789,sea
113790,mountain
113791,forest
113792,forest
113793,mountain
113794,mountain
113795,sea
113796,buildings
113797,buildings
113798,street
113799,mountain
113800,street
113801,buildings
113802,street
113803,mountain
113804,street
113805,buildings
113806,buildings
113807,mountain
113808,forest
113809,buildings
113810,forest
113811,glacier
113812,street
113813,street
113814,glacier
113815,buildings
113816,buildings
113817,mountain
113818,glacier
113819,sea
113820,buildings
113821,mountain
113822,street
113823,mountain
113824,forest
113825,street
113826,glacier
113827,street
113828,forest
113829,sea
113830,street
113831,sea
113832,street
113833,glacier
113834,sea
113835,buildings
113836,mountain
113837,forest
113838,street
113839,mountain
113840,forest
113841,street
113842,street
113843,buildings
113844,mountain
113845,forest
113846,mountain
113847,glacier
113848,buildings
113849,glacier
113850,sea
113851,street
113852,forest
113853,street
113854,mountain
113855,sea
113856,buildings
113857,street
113858,sea
113859,buildings
113860,mountain
113861,forest
113862,mountain
113863,mountain
113864,sea
113865,glacier
113866,glacier
113867,buildings
113868,sea
113869,mountain
113870,sea
113871,street
113872,forest
113873,sea
113874,forest
113875,buildings
113876,buildings
113877,street
113878,buildings
113879,mountain
113880,mountain
113881,forest
113882,forest
113883,glacier
113884,glacier
113885,sea
113886,mountain
113887,sea
113888,street
113889,forest
113890,mountain
113891,mountain
113892,street
113893,forest
113894,forest
113895,forest
113896,forest
113897,mountain
113898,sea
113899,glacier
113900,mountain
113901,sea
113902,forest
113903,glacier
113904,street
113905,mountain
113906,forest
113907,buildings
113908,forest
113909,glacier
113910,glacier
113911,street
113912,buildings
113913,street
113914,forest
113915,buildings
113916,street
113917,street
113918,street
113919,glacier
113920,sea
113921,forest
113922,mountain
113923,sea
113924,sea
113925,forest
113926,glacier
113927,mountain
113928,forest
113929,forest
113930,street
113931,mountain
113932,forest
113933,sea
113934,sea
113935,buildings
113936,sea
113937,sea
113938,sea
113939,forest
113940,sea
113941,forest
113942,glacier
113943,glacier
113944,forest
113945,glacier
113946,street
113947,sea
113948,mountain
113949,glacier
113950,glacier
113951,buildings
113952,forest
113953,buildings
113954,glacier
113955,street
113956,forest
113957,sea
113958,buildings
113959,buildings
113960,sea
113961,forest
113962,sea
113963,glacier
113964,sea
113965,sea
113966,street
113967,glacier
113968,mountain
113969,buildings
113970,glacier
113971,buildings
113972,mountain
113973,mountain
113974,street
113975,buildings
113976,street
113977,forest
113978,sea
113979,glacier
113980,street
113981,glacier
113982,buildings
113983,glacier
113984,buildings
113985,buildings
113986,glacier
113987,street
113988,forest
113989,forest
113990,glacier
113991,glacier
113992,mountain
113993,sea
113994,forest
113995,street
113996,street
113997,buildings
113998,street
113999,glacier
114000,sea
114001,mountain
114002,forest
114003,mountain
114004,mountain
114005,sea
114006,sea
114007,street
114008,forest
114009,mountain
114010,buildings
114011,sea
114012,mountain
114013,forest
114014,forest
114015,buildings
114016,buildings
114017,buildings
114018,mountain
114019,sea
114020,buildings
114021,mountain
114022,street
114023,sea
114024,buildings
114025,street
114026,forest
114027,forest
114028,forest
114029,glacier
114030,street
114031,buildings
114032,buildings
114033,sea
